id,clinical_case,cc_question_number,question,answer,medical_subject,question_type,a_signal_gravite
1,"Homme, 58 ans, majoration de dyspnée chez un BPCO connu depuis 20 ans.

 Examen d’entrée : 
 Constantes :
 - FC = 130bpm
 - PA = 130/80 aux deux bras
 - FR = 40/min
 - SpO2 = 80%
 - T = 38 ,5°C
 Tirage sus-sternal
 Cyanose
 Sueurs
 Auscultation : 
 - Ronchi bilatéraux et sibilants
 - Tympanisme bilatéral
 Hépatomégalie douloureuse
 Reflux hépato-jugulaire
 Turgescence jugulaire
 Hippocratisme digital
 Cyanose unguéale
 
 ATCD 
 Fumeur (80 PA)
 BPCO
 
 Traitement habituel
 β2 mimétiques 
 
 HDM : depuis 1 semaine : ne peut plus fumer, expectorations sales 
 
 1h après, malgré le traitement initial, patient tient des propos incohérents et désorienté. ",1,Quels sont éléments de gravité au moment de l’arrivée du patient ?,"FC>125bpm
 Terrain : ATCD de BPCO, insuffisance respiratoire chronique (hippocratisme digital)
 Signes de détresse respiratoire avec hypoxie et hypercapnie :
 - SpO2<90%
 - FR>30/min
 - Sueurs
 - Cyanose
 - Tirage
 Signes d’insuffisance droite
 - Hépatomégalie douloureuse
 - Reflux
 - Turgescence",Emergency Medicine,Reasoning,True
6,"M. Shoot, 30 ans.
 Agitation à la sortie d’une boîte de nuit, amené par les pompiers.
 Son amie rapporte qu’il aime « bien s’amuser » en prenant de l’héroïne ou de la cocaïne.
 Voici ses paramètres vitaux :
 - PA 180/110
 - FC 130
 - T 39.5
 - FR 25
 - SpO2 96%",2,Que recherchez-vous à l’examen clinique pour trouver l’étiologie d’une fièvre chez un toxicomane ,"Recherche de signes d’infection : 
 - Points d’injection 
 - Signes de localisation neurologique
 - Signes d’infection respiratoire (foyer auscultatoire)
 - Recherche d’un souffle  au cœur. 
 Demande d’examens complémentaires : hémocultures, radio thoracique, scanner cérébral si signe de localisation",Emergency Medicine,Reasoning,True
7,"M. Shoot, 30 ans.
 Agitation à la sortie d’une boîte de nuit, amené par les pompiers.
 Son amie rapporte qu’il aime « bien s’amuser » en prenant de l’héroïne ou de la cocaïne.
 Voici ses paramètres vitaux :
 - PA 180/110
 - FC 130
 - T 39.5
 - FR 25
 - SpO2 96%. Quelques heures     après son arrivée, M. Shoot présente des vomissements incoercibles puis un épisode de convulsions. Son amie, inquiète et étudiante en médecine, vous demande quelles sont vos hypothèses diagnostiques.",3,Que lui répondez-vous ?,Intoxication à la cocaïne,Emergency Medicine,Reasoning,True
9,"Mme Barbie, 72 ans
 Percutée par un bus alors qu’elle était à Vélib’
 Pas de casque, pour ne pas abîmer son brushing
 A son arrivée aux urgences :
 - Trauma crânien
 - Plaie au coir chevelu
 - Impotence fonctionnelle coude gauche. Alors que vous suturez sa paie, Mme Barbie se plaint de céphalées, cervicalgies, présente une somnolence.
 Paramètres vitaux :
 GSC = 12
 TA = 90/52
 FC = 95
 T = 37,5°C
 SpO2 = 98%
 FR = 21",2,Que recherchez-vous à l’examen neurologique ?,"Patiente présente des signes d’HTIC
 Signes déficitaires neurologiques (engagement, lésion cérébrale ?)
 Fracture de la boîte crânienne",Emergency Medicine,Reasoning,True
41,"Madame Sylviane B., 62 ans vient vous consulter pour une paralysie faciale gauche apparue 48 heures auparavant. A l’examen, la patiente est apyrétique. Sa tension artérielle est de 145/85. Elle présente une surcharge pondérale à 78 Kg pour 1m68 mais a perdu 5 Kg en 2 semaines. Dans ces antécédents, vous notez un diabète insulino-dépendant et une hypertension artérielle traitée par Loxen®.",1,Quels éléments de sémiologie clinique en faveur d’une paralysie faciale d’origine périphérique recherchez-vous à l’examen ?,"-  disparition des rides, 
 - sourcil abaissé, 
 - fente palpébrale plus large, 
 - abaissement paupières inférieure, 
 - effacement du sillon naso-génien, 
 - bouche attirée du côté sain, 
 - abaissement de la commissure labiale. 
 - Signe de Charles-Bell signant l’atteinte périphérique. 
 - Attention aux formes incomplètes avec signe de Collet et signe des cils de Souques.",Otorhinolaryngology (ENT),Understanding,True
80,Un homme de 48 ans vous est adressé par les urgences où il avait été admis la nuit dernière pour un épisode de vertiges. Il présente dans ses antécédents une hypertension artérielle traitée. Le médecin des urgences a retrouvé des éléments faisant évoquer un grand vertige rotatoire et a conclu à un vertige périphérique. Il vous l'adresse pour prise en charge.,1,Quels éléments recherchez vous à l'interrogatoire pour orienter votre diagnostic?,"- les antécédents du patient
 - les caractéristiques de la crise
 - les signes d'accompagnement",Otorhinolaryngology (ENT),Reasoning,True
81,"Un homme de 48 ans vous est adressé par les urgences où il avait été admis la nuit dernière pour un épisode de vertiges. Il présente dans ses antécédents une hypertension artérielle traitée. Le médecin des urgences a retrouvé des éléments faisant évoquer un grand vertige rotatoire et a conclu à un vertige périphérique. Il vous l'adresse pour prise en charge. Le patient décrit une crise de survenue brutale, sans facteur déclenchant, se prolongeant plusieurs heures avec des vomissements associés. Il dit avoir l'impression d'être sur un manège. Il se sent mieux ce matin même si il persiste des vertiges et des nausées qui empêchent une position assise ou debout prolongée.",2,Que recherchez vous à l'examen clinique?,"On recherche une atteinte de la voie réflexe vestibulo-oculaire sous la forme d'un nystagmus (en supprimant la fixation oculaire à l'aide de lunettes de Frenzel) et l'atteinte de la voie réflexe vestibulo-spinale sous les forme d'une déviation segmentaire (déviation des index, épreuve de Romberg, marche aveugle).",Otorhinolaryngology (ENT),Reasoning,True
85,"Un homme de 48 ans vous est adressé par les urgences où il avait été admis la nuit dernière pour un épisode de vertiges. Il présente dans ses antécédents une hypertension artérielle traitée. Le médecin des urgences a retrouvé des éléments faisant évoquer un grand vertige rotatoire et a conclu à un vertige périphérique. Il vous l'adresse pour prise en charge. Le patient décrit une crise de survenue brutale, sans facteur déclenchant, se prolongeant plusieurs heures avec des vomissements associés. Il dit avoir l'impression d'être sur un manège. Il se sent mieux ce matin même si il persiste des vertiges et des nausées qui empêchent une position assise ou debout prolongée. Après 3 jours de traitement intraveineux il n'y a pas de franche amélioration. Vous examinez à nouveau le patient et vous mettez en évidence : une légère dysmétrie à l'épreuve doigt-nez et un petit élargissement du polygone de sustentation. En approfondissant l'interrogatoire vous découvrez un antécédent de névrite optique rétrobulbaire il y a 3 ans",6,Quelle est votre principale hypothèse diagnostique? ,SEP,Otorhinolaryngology (ENT),Reasoning,True
109,"Mme D., 42 ans, est amenée aux urgences pour intoxication aux antidépresseurs tricycliques. Elle est somnolante avec un certain degré d’agitation. Elle a une PA à 130/80, un pouls à 95/min. La fréquence respiratoire est à 17/min.",1,Quels signes cliniques recherchez‐vous pour confirmer qu’il existe un toxidrome lié à ce médicament ?,"Syndrome anticholinergique :
 Mydriase
 Agitation, délire
 Hallucinations 
 Tachycardie
 Hyperthermie
 Rétention urines
 Sécheresse cutanée et muqueuse",Emergency Medicine,Understanding,True
112,"Une femme de 80 ans, ayant des ATCD de phlébite il y a un mois à fait une chute. Elle a un hématome frontal, est légèrement confuse et a un coude droit déformé et tuméfié. Sa pression artérielle est à 162/102, le pouls est à 80/min, le Glasgow est à 15. L’examen cardio-vasculaire et respiratoire est normal.",1,Enumérez les éléments importants d’interrogatoire à rechercher auprès de son époux.,"Prise d’anticoagulant et traitements en cours
 ATCD médicaux et chirurgicaux : ostéoporose entre autres
 Type de chute : chute de sa hauteur ou de plus haut, mécanisme de la chute",Emergency Medicine,Reasoning,True
120,"Un homme de 60 ans est accompagné à la consultation par son épouse. Il ne se plaint que d’une douleur au genou gauche. Sa femme s’inquiète car il oublie les évènements récents, il répète les mêmes questions et il bute sur des mots. Elle a également observé qu’il tient bizarrement sa brosse à dent lors de sa toilette du soir et qu’il confond les dates. Elle précise qu’il est moins actif et qu’il semble se désintéresser de ses activités antérieures. Elle ne le trouve pas triste, mais apathique. Elle est obligée de l’accompagner pour faire les courses car il oublie ce qu’il doit acheter et se trompe dans la monnaie. Les oublis ont commencé au décours de l’enterrement de leur nièce il y a 7 mois. Dans les antécédents, on trouve une hypertension artérielle mal équilibrée et un diabète non insulino-dépendant.",1,Quels symptômes neurologiques révèlent les troubles décrits ?,"Amnésie antéro-grade, manque du mot, apraxie, désorientation spatio-temporel, apathie",Neurology,Reasoning,True
233,"M. Robert D, âgé de 85 ans, diabétique sous insuline, est amené aux urgences pour malaise.
 Ses paramètres vitaux sont : TA 85/45mmHg, FC 117/min, T 39,6°, FR 25/min, SpO2 100%. 
 M. D est confus, somnolent et présente des marbrures ainsi qu’un placard érythémateux et chaud au niveau de la jambe droite. 
 Lors de la stimulation douloureuse, il ouvre les yeux et fléchit légèrement le bras. Après 2 litres de sérum physiologique la tension artérielle remonte à 90/55. ",1,Quel est le score de Glasgow de ce patient ?  ,"Y : 2 (ouverture à la douleur)
 V : 4 (confuse)
 M : 3 (flexion lente du bras, décortication)
 Donc Glasgow = 9 ",Emergency Medicine,Understanding,True
236,"Melle Pamella A, consulte pour dyspnée depuis son retour de Los Angeles (8 h de vol) où elle tournait son dernier film. Elle présente comme seul antécédent 3 fausses couches. Ses paramètres vitaux sont : TA 120/70 mmHg, FC 115/min, FR 27/min, SpO2 97%, T 37,9° Elle ne présente aucun signe de choc. ",1,"L’auscultation pulmonaire est normale, que recherchez-vous lors de votre examen clinique?","Suspicion d’EP : donc on recherche 
 Calcul du score de Genève : probabilité faible si <2, intermédiaire entre 2 et 4 et forte à partir de 5
 Des signes de phlébite : douleur sur le trajet veineux, chaleur, tumeur, rougeur de la jambe
 Tachycardie 
 Dyspnée
 Désaturation 
 Fébricule 
 Douleur thoracique
 Signes d’insuffisance ventriculaire droite
 Signes de gravité : choc, FC>125, polypnée>25, cyanose, marbrures…",Emergency Medicine,Reasoning,True
250,"M. R, 50 ans, est admis aux urgences de votre hôpital car il se sent essoufflé depuis peu et il vient de perdre connaissance  brutalement alors qu’il marchait rapidement vers la gare. Il n’a pas d’antécédent particulier. Il signale un « souffle au cœur » connu depuis longtemps mais jamais exploré. Ses facteurs de risque cardio-vasculaire sont un diabète de type 2 et un tabagisme ancien sevré (35 paquets année).  Vous l’examinez. Vous constatez un score Glasgow 15, une pression artérielle à 110/80 mmHg, un souffle systolique à  la base du cœur. Le rythme cardiaque est régulier. La saturation en oxygène est à 94%. La radiographie du thorax est normale. Le dosage de troponine est négatif.",1,"Quels peuvent être les deux principaux mécanismes de cette syncope d’effort? A ce stade, quelles sont les trois principales étiologies à évoquer ?","Mécanismes : baisse brutale de la perfusion cérébrale >50%, pas d’adaptation du débit cardiaque à l’effort
 Etiologies évoquées :
 - Bicuspidie : sujet jeune
 - Maladie de Monckeberg (dégénératif) : plutôt chez le sujet âgé
 - Rhumatisme articulaire aigu : rare",Cardiology,Reasoning,True
253,"M. R, 50 ans, est admis aux urgences de votre hôpital car il se sent essoufflé depuis peu et il vient de perdre connaissance  brutalement alors qu’il marchait rapidement vers la gare. Il n’a pas d’antécédent particulier. Il signale un « souffle au cœur » connu depuis longtemps mais jamais exploré. Ses facteurs de risque cardio-vasculaire sont un diabète de type 2 et un tabagisme ancien sevré (35 paquets année).  Vous l’examinez. Vous constatez un score Glasgow 15, une pression artérielle à 110/80 mmHg, un souffle systolique à  la base du cœur. Le rythme cardiaque est régulier. La saturation en oxygène est à 94%. La radiographie du thorax est normale. Le dosage de troponine est négatif. L’échocardiographie retrouve un RAC serré sur bicuspidie avec une surface à 0.4cm²/m², un gradient moyen à 52mmHg, une Vmax à 4.7m/s, une FEVG à 57%. M. R bénéficie d’un remplacement valvulaire aortique par valve mécanique St Jude n° 22, les suites opératoires sont simples.",4,Détaillez les principes de la prise en charge au long cours de M. R ?,"Paraclinique :
 - ETT à 3 mois (référence) puis 1 fois par an : surface prothèse, gradient transprothétique, fuite, fonction VG, HTAP
 - Radio thoracique 
 - Radiocinéma si suspicion de dysfonction
 - ETO si suspicion d’EI, désinsertion, dysfonction de prothèse
 Cliniquement 
 - Cardiologue tous les 4 mois la 1ère année puis 1-2 fois/an
 - MT : 
 - Auscultation de la valve régulière 
 - Recherche de fièvre et foyer infectieux
 - Signe d’insuffisance cardiaque
 Suivi anticoagulation efficace à vie :
 - INR maintenant à la valeur cible selon la prothèse et le patient
 - Pas d’arrêt de l’anticoagulation sauf hémorragie grave, grossesse…",Cardiology,Reasoning,True
254,"Vous êtes l’interne de garde, le SAMU vous adresse Monsieur D. âgé de 78 ans pour un poids au creux de l’estomac avec vomissements et sueurs. Les symptômes ont commencé deux heures auparavant alors qu’il faisait son jardin. Durant la transmission, on vous apprend que Mr D. est diabétique insulino- requérant, hypertendu. Il est suivi pour une insuffisance rénale chronique (créatininémie à 200 µmol/L). Son traitement associe Triatec® (ramipril) 1.25 mg/j, Tahor® (atorvastatine) 40 mg/j, Loxen 50mg/j, et de l’insuline (Lantus) 26 UI le matin.  A son arrivée en USIC, la tension artérielle est mesurée à 80/50 mm Hg et la fréquence cardiaque est à 55/min, la saturation en O2 est à 95% en air ambiant, fréquence respiratoire à 15/min et le score de Glasgow est à 14. L’auscultation pulmonaire est normale, il existe une turgescence jugulaire. Il n’existe pas de souffle à l’auscultation précordiale, l’examen neurologique est normal et l’abdomen est souple et indolore. On retrouve un reflux hépato-jugulaire. L’infirmière vous apporte l’ECG, il présente les éléments suivants :
 - Onde de Pardee : sus-décalage ST en DII, DIII, aVF V4V5V6 V3R V4R V7V8V9 -> infarctus de la paroi postérieure (DII, DIII, aVF, coronaire droite), du ventricule droit (coronaire droite).
 - Miroir en DI, aVF
 - Bradycardie",1,Quel est le diagnostic clinique ? Donnez les arguments clés?,"Infarctus du myocarde (SCAST+)
 Cliniquement :
 - Signes digestifs : nausées, vomissements, épigastralgie
 - Signes neurologiques : sueurs 
 - Hémodynamique : signes de choc (cardiogénique), hypotension ++, bradycardie
 - Signes d’insuffisance cardiaque droite : turgescence jugulaire, reflux hépato-jugulaire
 - Survenue à l’effort
 FDRCV :
 - HTA 
 - Diabète 
 - Insuffisance rénale
 - Sujet âgé
 - Sexe masculin",Cardiology,Reasoning,True
258,"Mme B., 81 ans est amenée aux urgences par les pompiers pour une dyspnée survenue dans la nuit.
 A l ‘interrogatoire vous apprenez qu’elle présente comme principal antécédent une prothèse de hanche mise en place il y a 2 ans et que son seul traitement comprend de l’amlodipine 5 mg/J depuis 10 ans,  HTA mal équilibrée. Cette dyspnée ne s’est pas accompagnée de douleurs thoraciques ou de fièvre les jours précédant l’épisode.  
 A l’arrivée, la patiente est consciente et orientée, assise, polypnéique. La pression artérielle est à 190/110 mmHg, la fréquence cardiaque est à 130 /min, la saturation est à 88% en air ambiant, la température est à 37,2°C. Les bruits du cœur sont irréguliers et l’auscultation pulmonaire révèle des râles crépitants bilatéraux remontant jusqu’à mi-champs. La patiente présente des œdèmes de membres inférieurs ainsi qu’une turgescence jugulaire. Le reste de l’examen clinique est normal  
 Le bilan biologique retrouve : 
 − GB=9000/mm3, Hb=12,3g/dL, plaquettes=230 000/mm3
 − BNP=1912 pg/mL, Troponine=0,03 µg/L. 
 − Créatininémie=70 µmol /L, urée=8 mmol/L , 
 − Ionogramme sanguin normal (Kaliémie 4 mmole/L )
 − Gazométrie artérielle (air ambiant) : pH=7,32, PO2=59mmHg, PCO2=50mmHg, HCO3=18mmo/L
 − Bilan hépatique normal (Transaminases, GammaGT) 
 − CRP<5mg/l  
 L'ECG présente les éléments suivants :
 - Tachycardie sinusale
 - Rythme irrégulier autour de 200 bpm
 - Ondes P pointues : hypertrophie auriculaire droite ? 
 - QRS fins
 - Présence d’une extrasystole ventriculaire
 - Hypertrophie ventriculaire gauche (Sokolov) : En faveur d’une insuffisance cardiaque chronique
 La radiographie de thorax est la suivante :
 - Radiographie thoracique de face, debout
 - Cage thoracique normale, pas de fractures visibles
 - Parenchyme : opacités alvéolaires bilatérales (bronchogramme aérique), à prédominance péri-hilaire, signant un œdème pulmonaire
 - Médiastin : dilatation cardiaque, En faveur d’une insuffisance cardiaque chronique ayant entrainé un OAP",1,Interprétez brièvement les examens complémentaires de biologie à votre disposition.,"Pas d’hyperleucocytose
 Bonne fonction rénale
 BNP augmenté : dyspnée d’origine cardiaque (et non pulmonaire), marque une augmentation de la pression intracardiaque
 GDS : acidose (pH<7,38) respiratoire (PCO2>40mmHg). Hypoxie, effet shunt. (HCO3- légèrement diminués plutôt en faveur d’une alcalose chronique que d’une acidose mixte.)",Cardiology,Reasoning,True
262,"Mme B., 81 ans est amenée aux urgences par les pompiers pour une dyspnée survenue dans la nuit.
 A l ‘interrogatoire vous apprenez qu’elle présente comme principal antécédent une prothèse de hanche mise en place il y a 2 ans et que son seul traitement comprend de l’amlodipine 5 mg/J depuis 10 ans,  HTA mal équilibrée. Cette dyspnée ne s’est pas accompagnée de douleurs thoraciques ou de fièvre les jours précédant l’épisode.  
 A l’arrivée, la patiente est consciente et orientée, assise, polypnéique. La pression artérielle est à 190/110 mmHg, la fréquence cardiaque est à 130 /min, la saturation est à 88% en air ambiant, la température est à 37,2°C. Les bruits du cœur sont irréguliers et l’auscultation pulmonaire révèle des râles crépitants bilatéraux remontant jusqu’à mi-champs. La patiente présente des œdèmes de membres inférieurs ainsi qu’une turgescence jugulaire. Le reste de l’examen clinique est normal  
 Le bilan biologique retrouve : 
 − GB=9000/mm3, Hb=12,3g/dL, plaquettes=230 000/mm3
 − BNP=1912 pg/mL, Troponine=0,03 µg/L. 
 − Créatininémie=70 µmol /L, urée=8 mmol/L , 
 − Ionogramme sanguin normal (Kaliémie 4 mmole/L )
 − Gazométrie artérielle (air ambiant) : pH=7,32, PO2=59mmHg, PCO2=50mmHg, HCO3=18mmo/L
 − Bilan hépatique normal (Transaminases, GammaGT) 
 − CRP<5mg/l  
 L'ECG présente les éléments suivants :
 - Tachycardie sinusale
 - Rythme irrégulier autour de 200 bpm
 - Ondes P pointues : hypertrophie auriculaire droite ? 
 - QRS fins
 - Présence d’une extrasystole ventriculaire
 - Hypertrophie ventriculaire gauche (Sokolov) : En faveur d’une insuffisance cardiaque chronique
 La radiographie de thorax est la suivante :
 - Radiographie thoracique de face, debout
 - Cage thoracique normale, pas de fractures visibles
 - Parenchyme : opacités alvéolaires bilatérales (bronchogramme aérique), à prédominance péri-hilaire, signant un œdème pulmonaire
 - Médiastin : dilatation cardiaque, En faveur d’une insuffisance cardiaque chronique ayant entrainé un OAP. Après 4 jours d’hospitalisation, la patiente est eupnéique en air ambiant. La FC, irrégulière, est en moyenne à 90bpm mais le rythme de l’ECG initial reste inchangé. Vous décidez alors de régulariser le rythme cardiaque.",5,Quel examen complémentaire morphologique réalisez-vous ? Dans quel but ?,ETO pour recherche d’un thrombus intra cardiaque avant cardioversion.,Cardiology,Reasoning,True
264,"Monsieur B. 55 ans, chauffeur de poids lourds, vous est adressé aux urgences par son médecin traitant pour sensation de brûlures rétrosternales depuis 15 jours à l’effort. Depuis ce matin, M. B. décrit deux épisodes de la même sensation mais survenant au repos et fugaces (<20 secondes). Ces brûlures sont associées à une pesanteur thoracique et irradient volontiers vers le cou. M. B. est fumeur actif. La dose cumulée est évaluée à 25 PA. Il ne prend aucun traitement actuellement mais il existe un antécédent d’ulcère gastrique non compliqué. M. B. mesure 172 cm pour 83 kg. La pression artérielle au repos est à 155/95 mm Hg. La fréquence respiratoire est à 12/min et la saturation en oxygène à 99% en air ambiant. L’examen physique est sans particularité, en dehors des pouls pédieux qui ne sont pas perçus. L’électrocardiogramme d’entrée montre les éléments suivants :
 - Rythme sinusal, une onde P avant chaque QRS et un QRS après chaque onde P
 - Rythme régulier, autour de 60 bpm
 - Trouble de la repolarisation avec des ondes T négatives.
  Le bilan biologique retrouve :  
 - NFS : Hb = 14.3 g/dl ; leucocytes = 6800/mm3 ; plaquettes = 180 000 /mm3.
 - Biochimie : ionogramme sanguin normal, transaminases normales, créatine phosphokinase = 190 U/l (Normale <170), CRP = 3 mg/l. 
 - Hémostase : TP = 96% ; TCA = 35/32",1,Quel est le diagnostic clinique ? Donnez 3 arguments clés?,"Angor typique car :
 - Localisation de la douleur : rétrosternale, irradiant dans le cou, sensation de pesanteur thoracique
 - Brève (<15 min)
 Angor instable de Prinzmetal : survient au repos, sans facteur déclenchant évident, donc pourrait être lié à un spasme coronaire",Cardiology,Reasoning,True
268,"Monsieur B. 55 ans, chauffeur de poids lourds, vous est adressé aux urgences par son médecin traitant pour sensation de brûlures rétrosternales depuis 15 jours à l’effort. Depuis ce matin, M. B. décrit deux épisodes de la même sensation mais survenant au repos et fugaces (<20 secondes). Ces brûlures sont associées à une pesanteur thoracique et irradient volontiers vers le cou. M. B. est fumeur actif. La dose cumulée est évaluée à 25 PA. Il ne prend aucun traitement actuellement mais il existe un antécédent d’ulcère gastrique non compliqué. M. B. mesure 172 cm pour 83 kg. La pression artérielle au repos est à 155/95 mm Hg. La fréquence respiratoire est à 12/min et la saturation en oxygène à 99% en air ambiant. L’examen physique est sans particularité, en dehors des pouls pédieux qui ne sont pas perçus. L’électrocardiogramme d’entrée montre les éléments suivants :
 - Rythme sinusal, une onde P avant chaque QRS et un QRS après chaque onde P
 - Rythme régulier, autour de 60 bpm
 - Trouble de la repolarisation avec des ondes T négatives.
  Le bilan biologique retrouve :  
 - NFS : Hb = 14.3 g/dl ; leucocytes = 6800/mm3 ; plaquettes = 180 000 /mm3.
 - Biochimie : ionogramme sanguin normal, transaminases normales, créatine phosphokinase = 190 U/l (Normale <170), CRP = 3 mg/l. 
 - Hémostase : TP = 96% ; TCA = 35/32. M. B. a été stabilisé par le traitement médical initial et les premiers éléments de votre bilan indiquent une élévation des marqueurs biologiques de nécrose myocardique.",5,Quel examen allez-vous réaliser ? Donnez deux objectifs essentiels à cet examen.,"Coronarographie
 - Localisation de la sténose
 - Revascularisation ",Cardiology,Reasoning,True
269,"Une femme de 60 ans consulte au service d’urgence pour une dyspnée apparue il y a plusieurs mois, s’aggravant depuis 2 semaines et des palpitations.
 Elle est dyspnéique au moindre effort. Elle dort avec 3 oreillers. L’interrogatoire retrouve un antécédent lymphome sous diaphragmatique en rémission complète traitée par radiothérapie et chimiothérapie comprenant des anthracyclines il y a 10 ans. Elle n’aucun antécédent familial. Elle consomme 1 whisky tous les soirs depuis de nombreuses années et fume ½ paquet par jour depuis l’âge de 20 ans.  
 L’examen clinique retrouve : TA 130/80 mmHg ; FC 110/min, Sat O2=91% ; T° 36.8C ; T 1.65 m ; P 65 kg Les bruits du cœur sont irréguliers avec un souffle holosystolique 2/6ème au 4ème espace intercostal gauche, des crépitants aux 2 bases pulmonaires, des œdèmes des chevilles, une turgescence jugulaire et un reflux hépatojugulaire. 
 L’ECG est joint:
 - Rythme non sinusal, dissociation auriculo-ventriculaire, QRS>P
 - Irrégulier, autour de 100 bpm
 - QRS élargis (environ 0,12s)
 - Négativation des ondes T en aVL, V4V5V6
 - Aspect QS en V1 : bloc de branche gauche complet
 - Hypertrophie ventricule gauche (Sokolov)
 - ACFA avec BBG.
 La radiographie de thorax est jointe :
 - Cardiomégalie 
 - Comblement des cul-de-sac pleuraux bilatéral
 - Syndrome de condensation alvéolaire
Les examens biologiques retrouvent : Natrémie 139 mmol/l ; Kaliémie 4.2mmol/l ; créatininémie 110µmol/l ; ASAT=150 UI/l (N<35 UI/l) ; ALAT 180 UI/l (N<35 UI/l) ; GammaGT 100 UI/l (N< 30 UI/l), Bilirubine totale 15 µmol/l (N < 20µmol/l), Troponine 0.14 ng/ml (N<0.15 ng/ml)",1,En quel stade NYHA est la patiente ?,NYHA = 4,Cardiology,Reasoning,True
301,"Un patient de 62 ans vient vous consulter (cabinet de médecine générale) en se plaignant d'avoir des difficultés respiratoires à l'effort. En particulier, il dit être devenu incapable de monter sans s'arrêter l'escalier d’un étage qui mène à son appartement. Il est également gêné à la marche lors de la montée de côtes. Il fait remonter cet essoufflement à ""quelques semaines"", et explique qu'il ""n'arrive pas à se remettre"" d'une bronchite qui a duré deux semaines et pour laquelle on lui a prescrit ""des antibiotiques et de la cortisone"" ainsi qu'un ""machin bleu à inhaler"". Il a complètement arrêté tous ces traitements depuis un mois.
 Le patient vous dit être divorcé, vivre seul, travailler comme ""homme à tout faire"" dans un hôtel. Son essoufflement actuel le gêne beaucoup dans son travail. Il a été opéré d'une hernie discale il y a 20 ans. Il prend depuis des années un médicament pour l'hypertension artérielle dont il ne sait pas le nom mais qui lui ""ralentit le cœur"" (à ce sujet, il vous dit qu'il souhaite que vous renouveliez son ordonnance, car son médecin traitant qui avait fait la prescription est parti à la retraite).
 Le patient vous dit avoir suivi un régime pour perdre du poids de sa propre initiative il y a un an : cela lui a permis de perdre 10 kilos qu'il n'a pas repris, il pèse actuellement 85 kilos pour 1m65. Il vous dit consommer une demi-bouteille de vin rouge par jour, quelques apéritifs le week-end. Il fume un paquet de cigarettes par jour (des ""Gauloises brunes sans filtre""), depuis qu'il a fait son service militaire à l'âge de 20 ans.
 En réponse à votre interrogatoire, il dit que l’on n’a jamais évoqué chez lui aucune maladie respiratoire, qu'il ne se connait pas d'allergie et n'en connait pas dans sa famille, qu'il ne s'est jamais plaint de rien avant la période actuelle. Il n'a jamais été hospitalisé. Il n'a jamais éprouvé de douleurs dans la poitrine, ni spontanément, ni à l'effort.",1,Quelle maladie respiratoire évoquez-vous en premier pour expliquer l'essoufflement à l'effort chez patient ?,"Résumé de l’interrogatoire :
 MDV : 
 - Tabac : 42PA (Gauloises sans filtre, très nocif)
 - Alcool : oui 
 - HTA traitée par β bloquants
 - Pas de notion d’allergie
 - Pas d’exposition professionnelle
 - Surpoids : BMI>30
 Histoire récente
 - Bronchite il y a quelques semaines, traitée par antibiotiques, corticoïdes et bronchodilatateur
 - Dyspnée (MRC = 2) d’apparition progressive depuis plusieurs semaines
 Pathologie évoquée : décompensation de BPCO (post-tabagique) sur infection respiratoire, à confirmer :
 Bronchite chronique : 2 épisodes par an d’au moins 3 semaines de bronchite
 Trouble ventilatoire obstructif aux EFR",Pulmonology,Reasoning,True
314,"M. D. âgé de 64 ans vient vous consulter car il a perdu 7 kg depuis 3 mois et crache du sang depuis 2 semaines. Il vous dit avoir des crachats jaunes avec du sang rouge à l’intérieur. Il dit avoir peut être eu des épisodes de fièvre. Il est d’origine portugaise, est marié et a une fille, travaille comme jardinier et fume 1 paquet de cigarettes par jour depuis l’âge de 18 ans. Il vous dit avoir eu une ""pneumonie"" en 2007 avec un « trou » dans le poumon et avoir bénéficié d’un traitement pendant plusieurs mois. A l’examen, M. D. pèse 52 kg pour 1,65 m, la température est à 37,6°C, la pression artérielle à 120/55 mmHg, la fréquence cardiaque à 85/min, la SpO2 à 95% en air ambiant et la fréquence respiratoire à 16/min. L’auscultation pulmonaire identifie une diminution du murmure vésiculaire dans le champ supérieur droit. Les aires ganglionnaires sont libres. Il n’y a pas d’hépatosplénomégalie. Le reste de l’examen est sans particularité. Vous décidez de l’hospitaliser.",2,Quelles sont les 3 diagnostics que vous évoquez en première intention ? Justifiez rapidement votre réponse.,"- Cancer broncho pulmonaire : tabac, hémoptysie, AEG
 - Aspergillome : « trou » dans le poumon, fébricule, hémoptysie
 - Tuberculose : fébricule, « trou » dans le poumon, AEG progressif, hémoptysie",Pulmonology,Reasoning,True
316,"Monsieur H., 32 ans, consulte aux urgences, début février 2013, car il se sent fatigué, très essoufflé et fiévreux.
 Il est asthmatique depuis l’enfance, asthme peu sévère, puisqu’il n’a qu’une ou 2 crises par an cédant à la prise de salbutamol. Il n’a jamais fumé (tabac ou cannabis), il est informaticien.  Brutalement, il y a 24 heures, il s’est senti fébrile, a eu des frissons, a commencé à tousser, à ressentir des courbatures et un « mal de gorge ». Il s’est mis au lit. Le lendemain sa toux s’était aggravée, tandis que sa respiration devenait sifflante (comme une crise d’asthme pensait-il). La prise de 20 bouffées de salbutamol n’avait amené aucune amélioration, d’où la consultation aux urgences. 
 A l’examen : Température à 38°2 C, Pression artérielle 146/91, fréquence cardiaque = 135/min, respiratoire 35/min, SpO2 = 91% en air ambiant, 107 Kg pour 1m80 (IMC = 33 kg/m2 ). Tirage sus-claviculaire et intercostal, dyspnée à la parole, DEP = 150 à 200 l/min (580 l/min). Il existe une bradypnée expiratoire. L’auscultation retrouve des sibilants diffus inspiratoires et expiratoires, accompagnés de ronchus en expiration et d’un freinage. Le reste de l’examen clinique est sans particularité. 
 Un traitement d’urgence est mis en place et le patient va bénéficier d’examens complémentaires. La radiographie thoracique est dans les limites de la normale montrant une simple distension. NFS : 6400 GB dont 5400 Polynucléaires neutrophiles, 920 Lymphocytes, 80 éosinophiles, 15,4 g d’hémoglobine, 246 000 plaquettes ; ionogramme, urée, créatinine normaux ; CRP = 20 mg/l (10) ; Pa02 = 64mm Hg, PaCO2 = 36 mm Hg, pH = 7,40, HCO3- = 22 mmol/l, SaO2 = 92%",1,Quels éléments cliniques et paracliniques vous font penser que le patient a bien une crise d’asthme ?,"- ATCD d’asthme
 - Cliniquement : respiration sifflante, sibilants (bronchoconstriction), baisse DEP, détresse respiratoire caractéristiques de la crise d’asthme
 - Plus particulièrement : bradypnée expiratoire, sibilants caractéristiques de l’AAG  urgence vitale
 - Radio, NFS, iono normaux : pas d’infection (léger syndrome infectieux, pas en faveur d’une pneumonie), pas de foyer radio
 - Caractère brutal",Pulmonology,Reasoning,True
320,"Monsieur H., 32 ans, consulte aux urgences, début février 2013, car il se sent fatigué, très essoufflé et fiévreux.
 Il est asthmatique depuis l’enfance, asthme peu sévère, puisqu’il n’a qu’une ou 2 crises par an cédant à la prise de salbutamol. Il n’a jamais fumé (tabac ou cannabis), il est informaticien.  Brutalement, il y a 24 heures, il s’est senti fébrile, a eu des frissons, a commencé à tousser, à ressentir des courbatures et un « mal de gorge ». Il s’est mis au lit. Le lendemain sa toux s’était aggravée, tandis que sa respiration devenait sifflante (comme une crise d’asthme pensait-il). La prise de 20 bouffées de salbutamol n’avait amené aucune amélioration, d’où la consultation aux urgences. 
 A l’examen : Température à 38°2 C, Pression artérielle 146/91, fréquence cardiaque = 135/min, respiratoire 35/min, SpO2 = 91% en air ambiant, 107 Kg pour 1m80 (IMC = 33 kg/m2 ). Tirage sus-claviculaire et intercostal, dyspnée à la parole, DEP = 150 à 200 l/min (580 l/min). Il existe une bradypnée expiratoire. L’auscultation retrouve des sibilants diffus inspiratoires et expiratoires, accompagnés de ronchus en expiration et d’un freinage. Le reste de l’examen clinique est sans particularité. 
 Un traitement d’urgence est mis en place et le patient va bénéficier d’examens complémentaires. La radiographie thoracique est dans les limites de la normale montrant une simple distension. NFS : 6400 GB dont 5400 Polynucléaires neutrophiles, 920 Lymphocytes, 80 éosinophiles, 15,4 g d’hémoglobine, 246 000 plaquettes ; ionogramme, urée, créatinine normaux ; CRP = 20 mg/l (10) ; Pa02 = 64mm Hg, PaCO2 = 36 mm Hg, pH = 7,40, HCO3- = 22 mmol/l, SaO2 = 92%.
 Le patient s’améliore dans les premières heures, permettant l’allégement du traitement bronchodilatateur. Cependant dès le lendemain de l’hospitalisation, le patient se plaint brutalement d’une douleur basi-thoracique postérieure droite, il est fébrile à 40°C avec frissons, les signes bronchiques sont en nette diminution à l’auscultation, par contre est apparu en base droite un foyer de râles crépitants.
 La radiographie thoracique faite en urgence montre un foyer de condensation du lobe inférieur droit. NFS = 13 000 GB dont 10 520 polynucléaires neutrophiles. Vous évoquez le diagnostic de Pneumonie.",5,"Associés à la perception de râles crépitants, quels autres signes physiques sont retrouvés lors l’examen d’un patient porteur d’un syndrome de condensation alvéolaire ? Citez-les.","- Palpation : augmentation de la transmission des vibrations vocales au niveau du foyer
 - Percussion : matité ne se déplaçant pas lors des mouvements du malade
 - Auscultation : souffle tubaire (lors d’une condensation massive), abolition MV, crépitants 
 - Douleur thoracique",Pulmonology,Understanding,True
323,"Un jeune homme de 20 ans est amené aux urgences par un ami. Il est étudiant en école de commerce et a commencé à fumer, lorsqu’il est entré en classe préparatoire. Il fume, actuellement, 10 cigarettes par jour. Ses parents et son jeune frère sont en bonne santé et lui n’a jamais été malade.
 Il vous dit avoir ressenti brutalement, juste à son lever, une violente douleur basi- thoracique gauche « en coup de poignard » associée à une sensation d’étouffement. La douleur s’est calmée sous paracétamol ; l’essoufflement a disparu au repos, mais réapparaît au moindre effort. Le patient consulte un médecin dans son quartier, qui lui fait faire en urgence une radiographie thoracique. Au vu de l’image, il demande au patient d’aller aux urgences.  Ce patient mesure 1m85 et pèse 75 kg, il est apyrétique à 37°C, sa pression artérielle est mesurée à 140/90 mm Hg, son pouls à 90/min, sa fréquence respiratoire à 16/min au repos et la SpO2 à 96% en air ambiant.  L’examen physique pulmonaire confirme le diagnostic évident sur la radiographie thoracique. Le reste de l’examen clinique est sans particularité.
 La radiographie thoracique présente les éléments suivants :
 - Radiographie thoracique de face debout en inspiration
 - Hyperclarté de tout l’hémithorax gauche, disparition des vaisseaux = présence d’air
 - Déviation médiastinale vers la droite
 - Collapsus complet du poumon gauche, visible en avant du rachis
 - Donc pneumothorax complet du poumon gauche",1,Quelles sont les causes de douleurs thoraciques en « coup de poignard » à évoquer systématiquement chez un jeune homme de 20 ans ? Citez-les.,"- Douleur thoracique dépendant de la respiration
 - Douleur thoracique aiguë
 - Pneumothorax : sujet jeune, en général longiligne, apparition spontanée
 - EP 
 - Dissection aortique",Pulmonology,Understanding,True
355,"Le médecin transporteur du SAMU vous demande conseil pour un nouveau-né de 2 jours de vie, né à terme et eutrophe, gris, cyanosé, qu'il vient d'intuber pour une détresse respiratoire. Tous les pouls sont mal perçus, la pression artérielle est imprenable aux 4 membres et la saturation est identique à 68% aux 4 membres. L'auscultation note un B2 unique et un petit souffle systolique éjectionnel latérosternal gauche.",1,Quel est votre diagnostic?,Hypoplasie du cœur gauche,Pediatric Cardiology,Reasoning,True
356,"Le médecin transporteur du SAMU vous demande conseil pour un nouveau-né de 2 jours de vie, né à terme et eutrophe, gris, qu'il vient d'intuber pour une détresse respiratoire. Les pouls fémoraux sont mal perçus alors que les pouls huméraux sont bien palpés. La pression artérielle systolique est à 75mmHg au membre supérieur droit pour 55 mm Hg au membre inférieur droit. La saturation mesurée au membre supérieur droit est à 99% sous 100% d'oxygène pour 55% au membre inférieur droit. ",1,Quel est votre diagnostic?,Interruption de la crosse aortique ou coarctation avec shunt droite gauche par le canal artériel,Pediatric Cardiology,Reasoning,True
357,"Le médecin transporteur du SAMU vous demande conseil pour un nouveau-né de 2 jours de vie, né à terme et eutrophe, cyanosé, qu'il vient d'intuber pour une détresse respiratoire. Les pouls fémoraux sont mal perçus alors que les pouls huméraux sont bien palpés. La pression artérielle systolique est à 75mmHg au membre supérieur droit pour 55 mm Hg au membre inférieur droit. La saturation mesurée au membre supérieur droit est à 55% pour 90% au membre inférieur droit. L'auscultation note un B2 fort sans souffle.",2,Quel est votre diagnostic?,Transposition des gros vaisseaux avec coarctation,Pediatric Cardiology,Reasoning,True
360,"Un nouveau-né vous est confié pour une cyanose réfractaire. Vous faites le diagnostic de transposition simple des gros vaisseaux. La radiographie de thorax montre un cœur en œuf, un pédicule étroit et une surcharge vasculaire pulmonaire franche. En échographie, le septum interauriculaire bombe franchement de gauche à droite et vous voyez un shunt gauche-droite exclusif au travers du foramen ovale à 2m/s. Il n'y a pas de CIV.",1,Le canal artériel est-il ouvert?,oui,Pediatric Cardiology,Reasoning,True
378,Un enfant de 17 mois a une atrésie tricuspide avec sténose pulmonaire qui a été palliée en période néonatale par une anastomose systémico-pulmonaire droite (Goretex 4 mm). Sa cyanose s'est franchement accentuée (SaO2=72%) au repos.,1,Que proposez vous?,Dérivation cavobipulmonaire partielle,Pediatric Cardiology,Reasoning,True
417,"Un pédiatre de maternité vous demande conseil pour un nouveau-né ayant une hypoxémie réfractaire (SaO2=83%). L'enfant est eupnéique, n'a aucun signe de détresse circulatoire et ses pouls fémoraux sont bien palpés. L'auscultation est considérée comme normale. ECG et radiographie de thorax sont indisponibles. La maternité d'origine est distante de 25 km.",1,"Parmi les conseils suivants, lesquels donnez-vous.
 (a) Transférer l'enfant en ambulance simple
 (b) Intuber l'enfant pour le transport
 (c) Perfuser des Prostaglandines E1 pour le transport
 (d) Mettre sous oxygène en enceinte de Hood
 (e) Faire transporter rapidement par SAMU en ventilation spontanée
 (f) Mettre une perfusion garde-veine","
 (a) non
 (b) non
 (c) non
 (d) non
 (e) oui
 (f) oui",Pediatric Cardiology,Reasoning,True
418,Un nouveau-né de 6 jours vous est confié pour une abolition des pouls fémoraux. Vous faites le diagnostic de coarctation isthmique avec un ventricule gauche modérément hypertrophié hyperkinétique. La tension artérielle au membre supérieur droit est à 91/55 mm Hg.,1,Que faites-vous?,surveillance,Pediatric Cardiology,Reasoning,True
423,Un enfant de 6 ans a un cœur univentriculaire avec atrésie pulmonaire. Il a eu une anastomose de Blalock- Taussig droite en période néonatale qui a été remplacée à l'âge de 3 ans par une dérivation cavobipulmonaire partielle. Sa saturation au repos est à 77% et chute à 55% après 4 minutes d'effort.,1,Que pouvez-vous lui proposer?,Dérivation cavopulmonaire totale,Pediatric Cardiology,Reasoning,True
431,"Un enfant de 12 ans burkinabe est admis en urgence pour une fièvre à 38,5°C associée à des troubles de conscience. A l'examen, il a un hippocratisme digital, une cyanose profonde à 69% et un souffle systolique râpeux sur la voie pulmonaire.",1,Quel diagnostic suspectez vous?,Abcès du cerveau sur cardiopathie cyanogène,Pediatric Cardiology,Reasoning,True
432,"Un enfant de 12 ans burkinabe est admis en urgence pour une fièvre à 38,5°C associée à des troubles de conscience. A l'examen, il a un hippocratisme digital, une cyanose profonde à 69% et un souffle systolique râpeux sur la voie pulmonaire. Sa numération-formule sanguine montre une hémoglobine à 23g/dl, 11 million de globule rouges par mm3 et une thrombopénie modérée à 70000/mm3. L'échocardiographie fait le diagnostic de tétralogie de Fallot.",2,Quel geste effectuez-vous de première intention?,Echange transfusionnel avec hémodilution,Pediatric Cardiology,Reasoning,True
434,"Un nouveau-né est admis pour une transposition simple de gros vaisseaux. Sa saturation est à 60%. Il est polypnéique et sa radiographie de thorax montre une surcharge vasculaire pulmonaire franche. Le gaz du sang montre un pH à 7,1, une PaO2 à 20mmHg et une PaCO2 à 23 mm Hg.",1,Quel geste thérapeutique effectuez-vous en premier?,Manœuvre de Rashkind,Pediatric Cardiology,Reasoning,True
435,"Un nouveau-né est admis pour une transposition simple de gros vaisseaux. Sa saturation est à 60%. Il est polypnéique et sa radiographie de thorax montre une surcharge vasculaire pulmonaire franche. Le gaz du sang montre un pH à 7,1, une PaO2 à 20mmHg et une PaCO2 à 23 mm Hg. L'échographie suspecte une disposition coronaire de type C de la classification de Yacoub. ",2,A quoi cela correspond-il succinctement?,Les deux ostia sont contigus au contact de la commissure,Pediatric Cardiology,Understanding,True
436,"Un nouveau-né est admis pour une transposition simple de gros vaisseaux. Sa saturation est à 60%. Il est polypnéique et sa radiographie de thorax montre une surcharge vasculaire pulmonaire franche. Le gaz du sang montre un pH à 7,1, une PaO2 à 20mmHg et une PaCO2 à 23 mm Hg. L'échographie suspecte une disposition coronaire de type C de la classification de Yacoub. L'enfant bénéficie d'une correction anatomique dont les suites sont simples.",3,Quels sont les deux principales complications à craindre à moyen et long terme dont vous informez les parents?,"Obstruction coronaire
 Sténose de la voie pulmonaire",Pediatric Cardiology,Reasoning,True
493,Vous êtes sollicité pour un conseil téléphonique par un pédiatre de maternité ayant sous les yeux un nouveau-né. Celui-ci présente : Cyanose sous air réfractaire à l’oxygène- pas de détresse respiratoire – pouls fémoraux normaux – pas de souffle.,1,Quel est votre diagnostic dans cette siutation? Donner le diagnostic le plus probable.,TGV,Pediatric Cardiology,Reasoning,True
494,Vous êtes sollicité pour un conseil téléphonique par un pédiatre de maternité ayant sous les yeux un nouveau-né. Celui-ci présente : Cyanose sous air réfractaire à l’oxygène – pas de détresse respiratoire – pouls fémoraux normaux – souffle systolique éjectionnel 3/6.,1,Quel est votre diagnostic dans cette siutation? Donner le diagnostic le plus probable.,Sténose pulmonaire critique/ ou Fallot,Pediatric Cardiology,Reasoning,True
495,Vous êtes sollicité pour un conseil téléphonique par un pédiatre de maternité ayant sous les yeux un nouveau-né. Celui-ci présente : Cyanose sous air réfractaire à l’oxygène – détresse respiratoire – pouls fémoraux normaux – pas de souffle.,1,Quel est votre diagnostic dans cette siutation? Donner le diagnostic le plus probable.,RVPAT bloqué,Pediatric Cardiology,Reasoning,True
496,Vous êtes sollicité pour un conseil téléphonique par un pédiatre de maternité ayant sous les yeux un nouveau-né. Celui-ci présente : Cyanose sous air réfractaire à l’oxygène limitée aux membres inférieurs – détresse respiratoire – pouls fémoraux amortis – pas de souffle.,1,Quel est votre diagnostic dans cette siutation? Donner le diagnostic le plus probable.,Interruption de la crosse aortique,Pediatric Cardiology,Reasoning,True
497,Vous êtes sollicité pour un conseil téléphonique par un pédiatre de maternité ayant sous les yeux un nouveau-né. Celui-ci présente : Cyanose réfractaire à l’oxygène – détresse respiratoire – pouls fémoraux et huméraux absents – pas de souffle.,1,Quel est votre diagnostic dans cette siutation ? Donner le diagnostic le plus probable.,Hypoplasie du cœur gauche,Pediatric Cardiology,Understanding,True
512,"Un nourrisson de 3 mois est amené par ses parents aux urgences pour une détresse vitale. Il est hypotonique, en détresse circulatoire, le foie déborde de 4 centimètres. Les pouls sont faibles mais symétriques. La glycémie à la bandelette montre 0,1 g/l. La radiographie de thorax montre une cardiomégalie avec un syndrome alvéolo-interstitiel périhilaire. Les gaz du sang montrent une acidose métabolique sans hypercapnie. Pendant votre examen, le tracé de scope note une salve de tachycardie ventriculaire soutenue.",1,Quel diagnostic évoquez-vous?,Déficit de l’oxydation des acides gras,Pediatric Cardiology,Reasoning,True
514,Vous accueillez un nouveau-né pour une hypoxémie réfractaire sans détresse respiratoire. Les pouls fémoraux sont un peu amples. Vous auscultez un souffle continu dans les deux champs pulmonaires sans souffle précordial. La radiographie de thorax montre un cœur en sabot et des poumons perfusés de façon symétrique. Vous suspectez une atrésie pulmonaire avec communication interventriculaire.,1,A votre avis comment se fait la vascularisation pulmonaire?,Par des collatérales aorto-pulmonaires,Pediatric Cardiology,Reasoning,True
515,Vous accueillez un nouveau-né pour une hypoxémie réfractaire sans détresse respiratoire. Les pouls fémoraux sont un peu amples. Vous auscultez un souffle continu dans les deux champs pulmonaires sans souffle précordial. La radiographie de thorax montre un cœur en sabot et des poumons perfusés de façon symétrique. Vous suspectez une atrésie pulmonaire avec communication interventriculaire. Vous faites un cathétérisme cardiaque qui conclut à la présence d’un arbre artériel pulmonaire complet harmonieux de taille normale vascularisé par 29a. La CIV est unique. La saturation est à 90%.,2,Quel est le Qp/Qs?,3/1,Pediatric Cardiology,Reasoning,True
517,"Vous accueillez un nouveau-né pour une hypoxémie réfractaire sans détresse respiratoire. Les pouls fémoraux sont un peu amples. Vous auscultez un souffle continu dans les deux champs pulmonaires sans souffle précordial. La radiographie de thorax montre un cœur en sabot et des poumons perfusés de façon symétrique. Vous suspectez une atrésie pulmonaire avec communication interventriculaire. Vous faites un cathétérisme cardiaque qui conclut à la présence d’un arbre artériel pulmonaire complet harmonieux de taille normale vascularisé par 29a. La CIV est unique. La saturation est à 90%.
 A l’âge de 6 mois, la saturation est à 80%. La dyspnée a disparu. Vous auscultez toujours les souffles continus dorsaux.",4,Quel traitement proposez-vous?,"Cure complète (tube valvé VD-AP, fermeture de CIV, suppression ou unifocalisation des collatérales)",Pediatric Cardiology,Reasoning,True
539,Un nouveau-né de 3 jours de vie est examiné à la sortie de maternité. Le pédiatre vous demande conseil car il ne sent pas les pouls fémoraux. Il n’entend pas de souffle à l’auscultation du précordium. La pression artérielle au membre supérieur droit est à 98/50 mm Hg pour 63/45 mm Hg au membre inférieur droit. Il n’y a pas d’hépatomégalie ni de détresse respiratoire.,1,Quel conseil donnez-vous ?,Transfert en cardiologie pédiatrique pour échographie car la fonction du vg va conditionner le traitement,Pediatric Cardiology,Reasoning,True
540,Un nouveau-né de 3 jours de vie est examiné à la sortie de maternité. Le pédiatre vous demande conseil car il ne sent pas les pouls fémoraux. Il n’entend pas de souffle à l’auscultation du précordium. La pression artérielle au membre supérieur droit est à 98/50 mm Hg pour 63/45 mm Hg au membre inférieur droit. Il n’y a pas d’hépatomégalie ni de détresse respiratoire. L’échocardiographie confirme le diagnostic de coarctation isthmique associée à une communication interventriculaire périmembraneuse non restrictive de 5 mm. Le ventricule gauche est modérément hypokinétique (fraction de raccourcissement de 23%) et vous voyez un petit flux de canal artériel shuntant de gauche à droite.,2,Que faites-vous ?,Perfusion de PGE1 pour ouvrir le canal artériel et soulager le vg,Pediatric Cardiology,Reasoning,True
541,"Un nouveau-né de 3 jours de vie est examiné à la sortie de maternité. Le pédiatre vous demande conseil car il ne sent pas les pouls fémoraux. Il n’entend pas de souffle à l’auscultation du précordium. La pression artérielle au membre supérieur droit est à 98/50 mm Hg pour 63/45 mm Hg au membre inférieur droit. Il n’y a pas d’hépatomégalie ni de détresse respiratoire. L’échocardiographie confirme le diagnostic de coarctation isthmique associée à une communication interventriculaire périmembraneuse non restrictive de 5 mm. Le ventricule gauche est modérément hypokinétique (fraction de raccourcissement de 23%) et vous voyez un petit flux de canal artériel shuntant de gauche à droite. Quelques jours plus tard, la fonction du ventricule gauche est normale. Vous décidez d’opérer la coarctation.",3,Quelle sont les alternatives que vous discutez pour le traitement de la communication interventriculaire ?,"Fermeture sous CEC
 Cerclage pulmonaire définitif avant fermeture spontanée ou chirurgicale
 Cerclage résorbable car CIV périmembraneuse susceptible de se fermer",Pediatric Cardiology,Reasoning,True
542,"Un nouveau-né de 4 jours de vie est adressé en urgence pour une défaillance cardiaque et respiratoire aiguë. A l’arrivée, en ventilation assistée, vous notez une cyanose généralisée (SaO2=80%), une auscultation cardiaque normale et des pouls huméraux et fémoraux très faibles.",1,Quel diagnostic suspectez vous ?,Hypoplasie du cœur gauche,Pediatric Cardiology,Reasoning,True
543,"Un nouveau-né de 4 jours de vie est adressé en urgence pour une défaillance cardiaque et respiratoire aiguë. A l’arrivée, en ventilation assistée, vous notez une cyanose généralisée (SaO2=80%), une auscultation cardiaque normale et des pouls huméraux et fémoraux très faibles. Le diagnostic d'hypoplasie du cœur gauche est confirmé par l’échographie",2,Quel traitement chirurgical proposez vous ?,Intervention de Norwood,Pediatric Cardiology,Understanding,True
545,"Un nourrisson de 4 mois est examiné en P.M.I. pour un mauvais teint. Sa croissance pondérale est normale depuis la naissance. Il n’est pas essoufflé. Il est effectivement cyanosé de façon modérée (SaO2=85%). A l’examen, il n’a pas de signe d’insuffisance cardiaque. Vous entendez des souffles continus dans les deux aisselles et dans le dos. Il n’y a pas de souffle précordial. La radiographie de thorax montre une silhouette en sabot avec des poumons normalement perfusés.",1,Quel est votre diagnostic ?,Atrésie pulmonaire avec CIV et collatérales aorto-pulmonaires,Pediatric Cardiology,Reasoning,True
548,"Un nouveau-né de 5 jours est admis pour une cyanose réfractaire à l’oxygène. Vous auscultez un souffle systolique 3/6 et un souffle diastolique 2/6 au foyer pulmonaire. La radiographie de thorax montre une silhouette en sabot, une atélectasie du lobe supérieur droit et un emphysème obstructif du lobe inférieur gauche.",1,Quel est votre diagnostic?,Agénésie des valves pulmonaires (avec CIV le plus souvent),Pediatric Cardiology,Understanding,True
552,"Un nourrisson de 5 mois vous est adressé pour insuffisance cardiaque. Dans ses antécédents, on note des bronchites à répétition et une hospitalisation pour « coliques » à l’âge de 2 mois. L’examen note des signes d’insuffisance cardiaque congestive sans cyanose. La radiographie de thorax montre une cardiomégalie importante et un œdème pulmonaire. L’ECG est en rythme sinusal rapide avec une onde Q en D1 et en aVL.",1,Quel est votre diagnostic ?,Anomalie de naissance de la coronaire depuis l’artère pulmonaire,Pediatric Cardiology,Reasoning,True
607,"Un médecin transporteur du SAMU vous contacte pour un nouveau-né à terme pris en charge en maternité pour une détresse respiratoire après un accouchement eutocique. Il est gris, cyanosé et vient d’être intubé pour une détresse respiratoire différée de quelques minutes après la naissance. L’hypoxie est réfractaire avec une saturation à 80% sous une FiO2 de 1. Tous les pouls sont palpés. Il n’a pas de souffle. La radiographie de thorax montre un syndrome alvéolaire marqué des deux champs pulmonaires.",1,Quel diagnostic évoquez-vous ?,Retour veineux pulmonaire anormal total bloqué,Pediatric Cardiology,Reasoning,True
615,"Un nouveau-né de 22 jours vous est adressé pour une détresse respiratoire. Il tousse depuis déjà une semaine aux dires de ses parents. A l’examen, il est modérément cyanosé sous air, tachypnéique avec des signes de lutte. L’auscultation note un double souffle au bord gauche du sternum.",1,Quels sont les deux diagnostics que vous pouvez évoquer ?,"agénésie des valves pulmonaires avec ou sans civ
 tronc artériel commun",Pediatric Cardiology,Reasoning,True
616,"Un nouveau-né de 22 jours vous est adressé pour une détresse respiratoire. Il tousse depuis déjà une semaine aux dires de ses parents. A l’examen, il est modérément cyanosé sous air, tachypnéique avec des signes de lutte. L’auscultation note un double souffle au bord gauche du sternum. La radiographie de thorax montre un syndrome alvéolaire bilatéral et une cardiomégalie avec un allongement de l’arc moyen gauche. L’électrocardiogramme montre une surcharge électrique biventriculaire.",2,Quel diagnostic éliminez-vous ?,agénésie des valves pulmonaires,Pediatric Cardiology,Reasoning,True
633,"Un patient de 14 ans ayant un lévo-isomérisme a eu une dérivation cavopulmonaire subtotale car il avait un retour azygos dans une veine cave supérieure gauche. Lors du suivi en consultation, vous constatez qu’il devient de plus en plus cyanosé avec une saturation mesurée à 65%.",1,Quels peuvent être les mécanismes de la majoration de la cyanose ?,"retour sus hépatique dans le cœur
 fistule veno-veineuse entre système cave supérieur et sus-hépatique
 fistules artérioveineuses du poumon",Pediatric Cardiology,Reasoning,True
634,"Un patient de 14 ans ayant un lévo-isomérisme a eu une dérivation cavopulmonaire subtotale car il avait un retour azygos dans une veine cave supérieure gauche. Lors du suivi en consultation, vous constatez qu’il devient de plus en plus cyanosé avec une saturation mesurée à 65%. Vous faites un cathétérisme cardiaque qui montre des pressions moyennes à 6 mm Hg dans le système cave. Les angiographies dans le montage cavopulmonaire ne montrent aucun obstacle et il n’y a pas de communications entre le montage et les veines sus-hépatiques.",2,Quel est donc le mécanisme le plus probable de la majoration de la cyanose ?,fistule artérioveineuse du poumon,Pediatric Cardiology,Reasoning,True
641,"Vous accueillez un nouveau-né avec une atrésie tricuspide Ib (avec vaisseaux normalement posé et sténose pulmonaire) vue avant la naissance. A l’arrivée dans votre Unité de Soins Intensifs, la saturation systémique mesurée au bout du doigt est à 60%.",2,Quel est la valeur du rapport Qp/Qs ?,3/4,Pediatric Cardiology,Reasoning,True
643,"Vous accueillez un nouveau-né avec une atrésie tricuspide Ib (avec vaisseaux normalement posé et sténose pulmonaire) vue avant la naissance. A l’arrivée dans votre Unité de Soins Intensifs, la saturation systémique mesurée au bout du doigt est à 60%. Quelques heures plus tard, la saturation systémique est à 85%.",4,Quelle est alors la valeur du rapport Qp/Qs ?,2,Pediatric Cardiology,Reasoning,True
645,"Vous accueillez un nouveau-né avec une atrésie tricuspide Ib (avec vaisseaux normalement posé et sténose pulmonaire) vue avant la naissance. A l’arrivée dans votre Unité de Soins Intensifs, la saturation systémique mesurée au bout du doigt est à 60%. Quelques heures plus tard, la saturation systémique est à 85%. Quelques mois plus tard, les parents vous amènent leur enfant en consultation. Vous constatez une cyanose à 70% et un hippocratisme digital débutant.",6,Citez trois conditions nécessaires à la réalisation d’une dérivation cavobipulmonaire partielle.,"1-Pression pulmonaire moyenne basse <12 mm Hg
 2-Bonne fonction du ventricule gauche en systole et diastole avec pressions de remplissage basses
 3-Anatomie normale des artères pulmonaires",Pediatric Cardiology,Reasoning,True
648,"Vous accueillez un nouveau-né avec une atrésie tricuspide Ib (avec vaisseaux normalement posé et sténose pulmonaire) vue avant la naissance. A l’arrivée dans votre Unité de Soins Intensifs, la saturation systémique mesurée au bout du doigt est à 60%. Quelques heures plus tard, la saturation systémique est à 85%. Quelques mois plus tard, les parents vous amènent leur enfant en consultation. Vous constatez une cyanose à 70% et un hippocratisme digital débutant. 6 ans après avoir fait une dérivation cavobipulmonaire partielle, vous faites faire une épreuve d’effort. Elle est menée à 75% de la fréquence maximale théorique pour 75 Watts. La saturation passe de 81% à 40%.",9,Pourquoi ?,Augmentation du retour veineux à l’effort avec du sang désaturé depuis la partie inférieure du corps et débit par la DCPP insuffisant,Pediatric Cardiology,Reasoning,True
667,Un couple jeune vous demande votre avis après une échocardiographie fœtal ayant montré une asymétrie ventriculaire aux dépends des cavités gauches à 22 semaines. Les parents n’ont pas suivi vos recommandations et vous accueillez en urgence ce nouveau-né. Il a une cyanose généralisée identique aux 4 membres. Tous les pouls sont mal palpés et vous constatez des signes débutants d’insuffisance circulatoire.,4,Quel diagnostic faites-vous ?,Hypoplasie du cœur gauche,Pediatric Cardiology,Reasoning,True
668,Un nouveau-né est intubé en salle de naissance pour une détresse respiratoire rapidement progressive associée à une hypoxémie réfractaire. Il n’a pas de souffle. Le foie est normal. Tous les pouls sont bien palpés. La radiographie de thorax montre un cœur de volume normal et un syndrome alvéolo-interstitiel bilatéral.,1,Quels sont les deux principaux diagnostics que vous évoquez ?,"1-retour veineux pulmonaire anormal total bloqué
 2-transposition des gros vaisseaux avec foramen ovale restrictif",Pediatric Cardiology,Reasoning,True
669,Un nouveau-né de 5 jours de vie est pris en charge par le SAMU pour une détresse respiratoire accompagné de signes d’insuffisance cardiaque sans cyanose. Les pouls fémoraux ne sont pas bien perçus alors que les pouls huméraux le sont. Il n’a pas de souffle.,1,Quel diagnostic évoquez-vous ?,Coarctation isthmique,Pediatric Cardiology,Reasoning,True
671,"Un nouveau-né de 5 jours de vie est pris en charge par le SAMU pour une détresse respiratoire accompagné de signes d’insuffisance cardiaque sans cyanose. Les pouls fémoraux ne sont pas bien perçus alors que les pouls huméraux le sont. Il n’a pas de souffle. Un demi-heure plus tard, le médecin vous rappelle inquiet et perplexe car la saturation a chuté à 75% mais la situation hémodynamique s’est nettement améliorée. ",3,Comment lui expliquez-vous la situation nouvelle ?,Le canal artériel a bien été ouvert par la PGE1. Le shunt de l’artère pulmonaire vers l’aorte contournant l’obstacle isthmique ou l’hypoplasie de l’aorte horizontale ; ce qui explique la désaturation aux membres inférieurs où doit se situer le capteur.,Pediatric Cardiology,Reasoning,True
673,Un nouveau-né de mère lupique naît à terme après une grossesse normale en bloc auriculo-ventriculaire complet. Sa fréquence cardiaque est à 60/mn.,5,Faut-il mettre une sonde d’entraînement électrosystolique transitoire ou un stimulateur cardiaque d’emblée ? Pourquoi ?,Non car la fréquence cardiaque est supérieure à 50/mn,Pediatric Cardiology,Reasoning,True
685,"Un jeune homme de 16 ans a un cœur univentriculaire avec deux valves auriculo-ventriculaires concordantes et des vaisseaux transposés suivi depuis la période néonatale. Il a eu à 5 jours de vie une plastie isthmique pour une coarctation de l’aorte et un cerclage de l’artère pulmonaire. A l’âge de 6 ans, il a eu une dérivation cavopulmonaire partielle. Depuis quelques mois, il est gêné à l’effort et sa cyanose s’est franchement majorée (saturation au repos à 85% et 68% pour un effort de 60 Watts). La pression dans l’artère pulmonaire est à 12 mm Hg de moyenne et l’anatomie des branches pulmonaires est normale. Il n’y a pas de recoarctation. La pression dans le ventricule unique est à 170 mm Hg et la pression dans l’aorte ascendante à 120mmHg.",1,Quelle complication évolutive de la cardiopathie identifiez-vous ?,Sténose sous aortique par restriction de la communication entre le ventricule unique et la cavité accessoire,Pediatric Cardiology,Reasoning,True
701,"Un nouveau-né est admis pour une atrésie pulmonaire à septum interventriculaire intact. Le ventricule droit est bipartite sans chambre trabéculée mais la valve tricuspide a une taille correcte. Cette condition d'absence de fistules coronaro-cardiaque est remplie et une perforation-dilatation de la valve pulmonaire est faite. Malgré tout, vous ne pouvez arrêter les PGE1. Quelques mois plus tard, la cyanose s’est majorée et vous n’enregistrez dans l’artère pulmonaire qu’un flux systolique. Il persiste un shunt droite-gauche par un foramen ovale. Le ventricule droit a grandi en proportion du ventricule gauche.",3,Que proposez-vous ?,Dérivation cavopulmonaire partielle +- fermeture de la communication interauriculaire,Pediatric Cardiology,Reasoning,True
706,Un nourrisson de 6 mois est suivi depuis la naissance pour une communication interauriculaire. Vous l’examinez alors qu’il consulte pour des difficultés alimentaires et une cassure de la courbe de poids. Il a une hépatomégalie à 3 cm du rebord costal. L’échocardiographie est surprenante car elle montre une dilatation importante des deux oreillettes associée à une CIA large sans anomalie de la fonction systolique des deux ventricules ni anomalie de l’architecture du cœur. Il n’y a pas d’hypertension artérielle pulmonaire.,1,Comment rectifiez-vous le diagnostic ?,Myocardiopathie restrictive,Pediatric Cardiology,Reasoning,True
729,"Un jeune couple attend son premier enfant. L’échographie morphologique du deuxième trimestre de la grossesse note une asymétrie des ventricules aux dépends du ventricule gauche. Une première expertise échocardiographique fœtale conclut à une asymétrie modérée (VG=0,6VD). La naissance a eu lieu à terme. L’examen clinique est normal. L’échocardiographie montre un anneau mitral de 7 mm pour une anneau tricuspide de 14 mm. L’anneau aortique mesure 5,5 mm et l’anneau pulmonaire 12 mm. L’examen clinique initial était incomplet. La saturation aux membres inférieurs est à 88% pour une saturation au membre supérieur droit à 98%.",5,"Comment expliquez-vous cette désaturation différentielle ? (la réponse doit comporter le site du shunt et son sens, mais aussi les deux explications possibles)","Le canal artériel shunt AP-Ao
 Soit parce que la coarctation n’est pas levée et se situe au dessus du canal artériel
 Soit parce que le VG n’est pas capable d’assurer le débit systémique",Pediatric Cardiology,Reasoning,True
730,"Un jeune couple attend son premier enfant. L’échographie morphologique du deuxième trimestre de la grossesse note une asymétrie des ventricules aux dépends du ventricule gauche. Une première expertise échocardiographique fœtale conclut à une asymétrie modérée (VG=0,6VD). La naissance a eu lieu à terme. L’examen clinique est normal. L’échocardiographie montre un anneau mitral de 7 mm pour une anneau tricuspide de 14 mm. L’anneau aortique mesure 5,5 mm et l’anneau pulmonaire 12 mm. L’examen clinique initial était incomplet. La saturation aux membres inférieurs est à 88% pour une saturation au membre supérieur droit à 98%. Vous êtes très inquiets lors d’un nouvel examen échographique car il n’y a pas de coarctation isthmique et d’autre part, le flux à partir du canal artériel remonte de façon rétrograde jusqu’à la carotide primitive gauche.",6,Quel est votre projet thérapeutique pour la période néonatale?,"C’est le VG qui n’assure pas le débit
 Norwood",Pediatric Cardiology,Reasoning,True
736,"Un nouveau-né vous est adressé en choc cardiogènique. Il est gris, marbré et vous ne sentez aucun pouls. La saturation aux 4 membres est à 95% sous air. Le foie déborde le gril costal de 5 cm.",1,Quel diagnostic suspectez-vous cliniquement ?,Sténose valvulaire aortique critique,Pediatric Cardiology,Understanding,True
737,"Un nouveau-né vous est adressé en choc cardiogènique. Il est gris, marbré et vous ne sentez aucun pouls. La saturation aux 4 membres est à 95% sous air. Le foie déborde le gril costal de 5 cm. L’échocardiographie montre un ventricule gauche très dilaté, hypokinétique avec un aspect hyperéchogène de l’endocarde et des piliers.",2,Ces constatations sont elles cohérentes avec votre diagnostic clinique ? Expliquez pourquoi.,"Oui, le Rao est responsable d’une ischémie sous-endocardique du VG qui explique l’aspect échographique",Pediatric Cardiology,Reasoning,True
739,"Un nouveau-né vous est adressé en choc cardiogènique. Il est gris, marbré et vous ne sentez aucun pouls. La saturation aux 4 membres est à 95% sous air. Le foie déborde le gril costal de 5 cm. L’échocardiographie montre un ventricule gauche très dilaté, hypokinétique avec un aspect hyperéchogène de l’endocarde et des piliers. Votre diagnostic de sténose valvulaire aortique critique est définitivement confirmé.",4,Quelle attitude thérapeutique immédiate conseillez-vous ?,PGE1 et valvuloplastie aortique par voie percutanée,Pediatric Cardiology,Reasoning,True
743,"Un nouveau-né est admis quelques minutes après sa naissance pour une transposition simple des gros vaisseaux de diagnostic anténatal. Il est cyanosé avec une saturation systémique à 55%. Le pH artériel est à 7,10.",1,Que faites vous en urgence ?,Manœuvre de Rashkind,Pediatric Cardiology,Reasoning,True
744,"Un nouveau-né est admis quelques minutes après sa naissance pour une transposition simple des gros vaisseaux de diagnostic anténatal. Il est cyanosé avec une saturation systémique à 55%. Le pH artériel est à 7,10. Deux heures plus tard, alors que la situation avait été améliorée, elle se dégrade à nouveau avec une saturation systémique à 55% et un pH à 7,22. L’échographie montre un shunt bidirectionnel par le foramen ovale.",2,Que faites-vous ?,PGE1 car le mixing par la CIA de Rashkind est insuffisant et il faut rouvrir le canal artériel qui s’est fermé comme en témoigne le shunt bidirectionnel par le foramen ovale,Pediatric Cardiology,Reasoning,True
745,"Un nouveau-né est admis quelques minutes après sa naissance pour une transposition simple des gros vaisseaux de diagnostic anténatal. Il est cyanosé avec une saturation systémique à 55%. Le pH artériel est à 7,10. Deux heures plus tard, alors que la situation avait été améliorée, elle se dégrade à nouveau avec une saturation systémique à 55% et un pH à 7,22. L’échographie montre un shunt bidirectionnel par le foramen ovale. Rapidement après votre PGE1, la situation s’améliore. L’échographie montre un shunt gauche-droite exclusif par le foramen ovale.",3,Cette seule information vous suffit-elle pour confirmer que le canal artériel s'est bien rouvert ?,Oui,Pediatric Cardiology,Reasoning,True
753,Une jeune femme de 35 ans a un syndrome d’Eisenmenger associé à une communication interventriculaire. Sa saturation aortique est à 85%.,1,Quelle est la valeur du rapport Qp/Qs ?,2/3,Pediatric Cardiology,Reasoning,True
754,Une jeune femme de 35 ans a un syndrome d’Eisenmenger associé à une communication interventriculaire. Sa saturation aortique est à 85%. Elle se plaint de façon récente de céphalées tenaces et d’une discrète altération de l’état général.,2,Quel diagnostic devez-vous suspecter ? Quel examen prescrivez-vous ?,"Abcès du cerveau
 Scanner cérébral",Pediatric Cardiology,Reasoning,True
757,"Un nouveau-né est admis pour une atrésie pulmonaire à septum intact. L’anneau tricuspide mesure 11 mm pour un anneau mitral à 14 mm. Le ventricule droit est tripartite et vous notez une fuite tricuspide à 6 m/s. La pression aortique est à 90/55 mm Hg. La perforation-dilatation de la valve pumonaire est un succès. Vous surveillez cet enfant en consultation mais à l’âge de 9 mois, il reste cyanosé avec une saturation aortique à 75%. Il n’y a pas d’obstacle résiduel sur la voie pulmonaire.",3,Que proposez-vous ?,"Dérivation cavo-pulmonaire partielle car le VD reste peu compliant et on peut prévoir de faire une réparation à 1,5 ventricule.",Pediatric Cardiology,Reasoning,True
758,"Un nouveau-né est admis pour une atrésie pulmonaire à septum intact. L’anneau tricuspide mesure 11 mm pour un anneau mitral à 14 mm. Le ventricule droit est tripartite et vous notez une fuite tricuspide à 6 m/s. La pression aortique est à 90/55 mm Hg. La perforation-dilatation de la valve pumonaire est un succès. Vous surveillez cet enfant en consultation mais à l’âge de 9 mois, il reste cyanosé avec une saturation aortique à 75%. Il n’y a pas d’obstacle résiduel sur la voie pulmonaire. La dérivation cavo-pulmonaire partielle est un mais à l’âge de 12 ans, l’enfant se plaint d’être gêné à l’effort. L’épreuve d’effort montre une saturation systémique au repos de 100% et une cyanose à l’effort à 85% après 9 minutes et 90W.",4,A quoi cette cyanose est-elle due ?,Persistance d’une trouble de la compliance du VD qui est responsable d’un shunt droite-gauche par le PFO à l’effort.,Pediatric Cardiology,Reasoning,True
769,"Un jeune garçon de 9 ans a eu une dérivation cavopulmonaire partielle bidirectionnelle pour une atrésie pulmonaire associée à un dextro-isomérisme. En quelques mois, la cyanose s’est fortement majorée.",4,Donnez trois explications potentielles.,"1- Majoration du shunt intracardiaque par la croissance
 2-fistules veno-veineuses
 3-fistules artérioveineuses du poumon",Pediatric Cardiology,Reasoning,True
792,"Le médecin du SAMU vous demande un conseil téléphonique pour un nouveau-né de 5 jours. Celui-ci a des signes d’insuffisance cardiaque avec des extrémités froides, ses pouls fémoraux ne sont pas bien palpés. Il n’y a pas de cyanose mais une détresse respiratoire avec polypnée à 70/mn, un tirage sous-costal et suprasternal, un battement des ailes du nez.",1,"Parmi les propositions suivantes, lesquelles vous paraissent devoir être exécutées avant l’arrivée en milieu hospitalier ?
 (a) Intubation trachéale et ventilation assistée
 (b) Mise en place d’un cathéter central
 (c) Perfusion de Prostaglandine E1
 (d) Injection intraveineuse de Digoxine
 (e) Perfusion de dobutamine
 (f) Injection intraveineuse de diurétiques","(a) oui
 (b) non
 (c) oui
 (d) non
 (e) non
 (f) oui",Pediatric Cardiology,Reasoning,True
793,"Le médecin du SAMU vous demande un conseil téléphonique pour un nouveau-né de 5 jours. Celui-ci a des signes d’insuffisance cardiaque avec des extrémités froides, ses pouls fémoraux ne sont pas bien palpés. Il n’y a pas de cyanose mais une détresse respiratoire avec polypnée à 70/mn, un tirage sous-costal et suprasternal, un battement des ailes du nez. A l’arrivée dans le service de Cardiologie Pédiatrique, vous faites le diagnostic de syndrome de coarctation de l’aorte (coarctation associée à une communication interventriculaire).",2,Quel traitement chirurgical proposerez-vous dans la situation suivante : Coarctation avec CIV par périmembraneuse avec malalignement de 5 mm non restrictive ?,Réparation complète isthme et fermeture de CIV en CEC,Pediatric Cardiology,Reasoning,True
812,"Vous avez un entretien prénatal avec un couple car le diagnostic d’hypoplasie du cœur gauche a été fait chez leur futur enfant. Ils ne souhaitent pas interrompre la grossesse et vous interrogent sur la prise en charge néonatale. Dès la naissance, l’enfant est profondément cyanosé et en grande détresse respiratoire malgré une perfusion de Prostaglandine E1 débutée immédiatement. Le canal artériel est largement ouvert en échographie. La radiographie de thorax montre un syndrome alvéolo-interstitiel bilatéral sévère.",3,Quel est le problème ?,Restriction du PFO,Pediatric Cardiology,Reasoning,True
823,Un nouveau-né de 24 heures est admis pour cyanose réfractaire isolée. Vous faites le diagnostic d’atrésie pulmonaire à septum intact.,1,S’agit-il d’une cardiopathie ducto-dépendante ?,Oui,Pediatric Cardiology,Understanding,True
825,Un nouveau-né de 24 heures est admis pour cyanose réfractaire isolée. Vous faites le diagnostic d’atrésie pulmonaire à septum intact. Il s’agit d’une atrésie valvulaire. Le ventricule droit est tripartite.,3,Quelle est la signification de ce terme ?,"Il a 3 chambres admission, trabéculée et infundibulum",Pediatric Cardiology,Understanding,True
827,"Un nouveau-né de 24 heures est admis pour cyanose réfractaire isolée. Vous faites le diagnostic d’atrésie pulmonaire à septum intact. Il s’agit d’une atrésie valvulaire. Le ventricule droit est tripartite. Quelques jours après ce geste qui a été un succès, vous constatez qu’il n’y a plus d’obstacle valvulaire pulmonaire. Cependant, l’enfant reste franchement bleu et votre tentative d’arrêt du traitement prescrit en 9b est un échec.",5,Expliquez physiologiquement la cyanose.,Défaut de compliance du VD et shunt droite-gauche par le PFO,Pediatric Cardiology,Reasoning,True
829,"Un nouveau-né de 24 heures est admis pour cyanose réfractaire isolée. Vous faites le diagnostic d’atrésie pulmonaire à septum intact. Il s’agit d’une atrésie valvulaire. Le ventricule droit est tripartite. Quelques jours après ce geste qui a été un succès, vous constatez qu’il n’y a plus d’obstacle valvulaire pulmonaire. Cependant, l’enfant reste franchement bleu et votre tentative d’arrêt du traitement prescrit en 9b est un échec. Quelques mois plus tard, l’enfant est encore modérément cyanosé au repos.",7,Où se fait le shunt droite-gauche ?,PFO,Pediatric Cardiology,Reasoning,True
830,"Un nouveau-né de 24 heures est admis pour cyanose réfractaire isolée. Vous faites le diagnostic d’atrésie pulmonaire à septum intact. Il s’agit d’une atrésie valvulaire. Le ventricule droit est tripartite. Quelques jours après ce geste qui a été un succès, vous constatez qu’il n’y a plus d’obstacle valvulaire pulmonaire. Cependant, l’enfant reste franchement bleu et votre tentative d’arrêt du traitement prescrit en 9b est un échec. Quelques mois plus tard, l’enfant est encore modérément cyanosé au repos. Deux ans plus tard, la cyanose de repos reste modérée mais elle est franche lors des efforts. L’oreillette droite est dilatée.",8,Que proposez-vous ?,DCPP,Pediatric Cardiology,Reasoning,True
864,Un médecin du SAMU vous appelle pour un nouveau-né ayant une cyanose réfractaire à 85% et un souffle systolique éjectionnel.,1,Quels conseils donnez-vous ?,"Probable Fallot
 Adresser l’enfant pour une consultation en urgence pour confirmation diagnostique et évaluer la ducto-dépendance",Pediatric Cardiology,Reasoning,True
865,"Un médecin du SAMU vous appelle pour un nouveau-né ayant une cyanose réfractaire à 85% et un souffle systolique éjectionnel. A l’arrivée de ce nouveau-né, vous confirmez l’examen clinique initial. L’ECG montre une hypertrophie auriculaire droite importante et un aspect de pré excitation. La radiographie de thorax montre une volumineuse cardiomégalie et des poumons clairs.",2,Quel est votre diagnostic ?,Ebstein avec soit sténose pulmonaire soit HTAP néonatale,Pediatric Cardiology,Understanding,True
909,"Vous êtes interrogé par le médecin du SAMU pour un nouveau-né pris en charge en maternité pour une cyanose réfractaire à 85%. Il est eupnéique, tous les pouls sont palpés de façon symétrique, il n'a pas de souffle à l'auscultation du précordium.",1,Quel est le premier diagnostic que vous devez évoquer?,TGV,Pediatric Cardiology,Reasoning,True
910,"Vous êtes interrogé par le médecin du SAMU pour un nouveau-né pris en charge en maternité pour une cyanose réfractaire à 85%. Il est eupnéique, tous les pouls sont palpés de façon symétrique, il n'a pas de souffle à l'auscultation du précordium. Une échographie est faite avant le départ de l'enfant par un médecin non expérimenté qui exclu le diagnostic que vous venez de proposer. Il dit simplement qu'il voit une grosse aorte à cheval au dessus d'une CIV large mais qu'il ne voit pas l'artère pulmonaire.",2,Quels pourraient être les diagnostics possibles?,"APSO
 Malposition atrésie pulmonaire (VDDI)
 Fallot accepté mais pas de souffle",Pediatric Cardiology,Reasoning,True
916,"Vous accueilliez un nouveau-né chez qui le diagnostic d'atrésie pulmonaire à septum intact a été fait. La valve tricuspide est considérée comme moyennement hypoplasique (Z value -1,5). Quelques jours après avoir fait ce geste, la saturation systémique est de 70% alors que le canal artériel reste ouvert sous PGE1.",5,De quelles possibilités disposez-vous pour pouvoir sevrer l'enfant de la perfusion de PGE1?,Blalock ou stenting du canal artériel,Pediatric Cardiology,Reasoning,True
920,"Un enfant de 3 ans ayant une trisomie 21 consulte pour une cyanose. En échographie, vous faites le diagnostic de CIV large.",1,Pourquoi cet enfant est-il cyanosé?,Shunt droite gauche par la CIV car les RP sont supérieures au RS (Eisenmenger),Pediatric Cardiology,Reasoning,True
923,"Un enfant de 3 ans ayant une trisomie 21 consulte pour une cyanose. En échographie, vous faites le diagnostic de CIV large. Vous faites un cathétérisme cardiaque qui montre une Pression artérielle pulmonaire à 110/55 moyenne 70 mm Hg pour une pression aortique à 100/60 moyenne 80 mm Hg.",4,Que devez-vous faire pour préciser les informations de ce cathétérisme cardiaque?,Test pharmacologiques (Oxygène NO° ou prostacycline) pour savoir s’il y a une part de réversibilité dans l’HTAP,Pediatric Cardiology,Reasoning,True
942,Vous accueillez un nouveau-né chez qui le diagnostic d'hypoplasie du cœur gauche a été fait avant la naissance. Sa situation clinique se dégrade rapidement. La radiographie de thorax montre une surcharge vasculaire pulmonaire franche. Le canal artériel est largement ouvert en échographie. L’enfant subit une intervention de Norwood à 4 jours de vie. La saturation artérielle est à 90% sous air.,3,Quel est le Qp/Qs?,3,Pediatric Cardiology,Reasoning,True
943,"Vous accueillez un nouveau-né chez qui le diagnostic d'hypoplasie du cœur gauche a été fait avant la naissance. Sa situation clinique se dégrade rapidement. La radiographie de thorax montre une surcharge vasculaire pulmonaire franche. Le canal artériel est largement ouvert en échographie. L’enfant subit une intervention de Norwood à 4 jours de vie. La saturation artérielle est à 90% sous air. Quelques jours plus tard, il est à nouveau intubé pour des signes de défaillance cardiaque. Le ventricule droit est dilaté et il y a une fuite tricuspide volumineuse.",4,Que pouvez-vous proposer?,Réduire le Blalock,Pediatric Cardiology,Reasoning,True
976,Vous suivez depuis la période néonatale une jeune fille qui a une malformation d’Ebstein. Elle est modérément cyanosée au repos (SaO2 88%). Elle se dit gênée à l’effort et le test d’effort montre une cyanose importante pour un effort de 60 watts (SaO2 65%). Il n’y a pas d’obstacle pulmonaire en échographie et la valve tricuspide ne fuit qu’à peine.,1,Où se fait le shunt droite-gauche?,PFO,Pediatric Cardiology,Understanding,True
979,Vous examinez un nouveau-né pour une cyanose réfractaire. Il n’y a aucune anomalie intracardiaque. La radiographie de thorax montre une opacité arrondie du sommet droit.,1,Quel est votre diagnostic?,FAV pulmonaire,Pediatric Cardiology,Reasoning,True
1004,"Un nouveau-né vous est confié à 24 heures de vie pour une cyanose réfractaire. A l'examen, il est discrètement polypnéique, la saturation mesurée est à 88% et vous auscultez un double souffle au bord gauche du sternum.",1,Quel est votre diagnostic?,Agénésie des valves pulmonaires avec CIV ou tronc artériel commun,Pediatric Cardiology,Reasoning,True
1007,Un nouveau-né vous est adressé pour une atrésie pulmonaire à septum interventriculaire intact. La saturation mesurée est à 92%.,1,Pensez-vous que l'administration de Prostaglandines par voie intraveineuse soit indispensable?,oui,Pediatric Cardiology,Reasoning,True
1008,Un nouveau-né vous est adressé pour une atrésie pulmonaire à septum interventriculaire intact. La saturation mesurée est à 92%. L'angiographie ventriculaire droite confirme qu'il s'agit d'une atrésie pulmonaire à septum interventriculaire intact et montre des fistules coronaires avec une interruption du tronc commun gauche avant sa connexion aortique.,1,Comment qualifiez-vous ce type de circulation coronaire?,VD dépendante,Pediatric Cardiology,Understanding,True
1033,"Un nouveau-né de 3,5 kg reçoit de la digoxine en prévention des récidives d'une tachycardie atriale. Sa fréquence cardiaque est à 95/mn et l'électrocardiogramme s'inscrit en rythme sinusal avec un espace PR à 120ms et une cupule digitalique. Depuis 24 heures, une diarrhée est apparue et il y a eu 3 vomissements.",1,Que devez-vous suspecter? Que faites-vous?,"Intoxication digitalique
 digoxinémie",Pediatric Cardiology,Reasoning,True
1035,Un nouveau-né de 9 jours de vie vous est confié pour une insuffisance cardiaque globale. Les pouls fémoraux et huméraux sont faibles mais symétriques. Vous auscultez un petit souffle systolique éjectionnel au foyer pulmonaire. La tension artérielle et la saturation sont normales aux 4 membres. L'échocardiographie montre une dilatation des deux ventricules dont la cinétique est conservée. Le reste des structures cardiaques est normal et il n'y a pas de shunt artériel.,1,Quels gestes cliniques simples manquent pour rechercher la cause de cette insuffisance cardiaque? Quelle est-elle à votre avis?,"Palper les artères carotides (thrill) et le foie (frémissement) ausculter le crâne et le foie (souffle continu)
 Fistule artérioveineuse systémique (grande veine de Gallien ou intrahépatique)",Pediatric Cardiology,Reasoning,True
1038,"Un enfant de 6 ans est régulièrement suivi depuis la période néonatale pour une double-discordance avec communication interventriculaire périmembraneuse et sténose pulmonaire. Il est bleu (SaO2=79%), polyglobulique et se dit gêné à l'effort. ",1,De quelles options thérapeutiques disposez-vous?,"Anastomose systémico-pulmonaire
 Correction anatomique de type Senning + Rastelli
 Correction conventionnelle (fermeture de Civ et tube VG AP)",Pediatric Cardiology,Reasoning,True
1065,Le SAMU vous appelle pour un nouveau-né en hypoxémie réfractaire. Le réanimateur est préoccupé de l'asymétrie des saturations entre les membres supérieurs et inférieurs: SaO2 MSupDt= 94% et SaO2 MInfDt= 64%.,1,Citez 2 diagnostics à évoquer.,"1- interruption de la crosse aortique
 2-coarctation de l’aorte avec canal artériel systémique",Pediatric Cardiology,Understanding,True
1066,Le SAMU vous appelle pour un nouveau-né en hypoxémie réfractaire. Le réanimateur est préoccupé de l'asymétrie des saturations entre les membres supérieurs et inférieurs: SaO2 MSupDt= 64% et SaO2 MInfDt= 90%.,1,Quel diagnostic évoquez-vous?,Transposition des gros vaisseaux avec coarctation et canal artériel systémique,Pediatric Cardiology,Understanding,True
1071,Un nouveau-né de 6 jours vous est confié pour une hypoxémie réfractaire. Vous faites le diagnostic d'atrésie pulmonaire avec CIV. La cyanose est modérée (SaO2= 88%). Les artères pulmonaires médiastinales sont mal vues en échographie et le cathétérisme montre que la vascularisation pulmonaire est assurée par des collatérales aorto- pulmonaires bilatérales naissant de l'aorte thoracique descendante. Les artères pulmonaires centrales sont minuscules.,1,Que proposez-vous dans l'immédiat?,surveillance,Pediatric Cardiology,Reasoning,True
1072,"Un nouveau-né de 6 jours vous est confié pour une hypoxémie réfractaire. Vous faites le diagnostic d'atrésie pulmonaire avec CIV. La cyanose est modérée (SaO2= 88%). Les artères pulmonaires médiastinales sont mal vues en échographie et le cathétérisme montre que la vascularisation pulmonaire est assurée par des collatérales aorto- pulmonaires bilatérales naissant de l'aorte thoracique descendante. Les artères pulmonaires centrales sont minuscules. A l'âge de 4 mois, ce nourrisson est devenu franchement cyanosé (SaO2=70%). Vous avez la surprise de voir une CIV de pointe méconnue en période néonatale.",2,Que proposez-vous pour améliorer la cyanose?,Unifocalisation des artères pulmonaires réunies sur une anastomose systémico-pulmonaire ou bien branchées sur le VD par un tube restrictif,Pediatric Cardiology,Reasoning,True
1091,Un jeune homme de 14 ans a eu une dérivation cavopulmonaire totale fenêtrée à l'âge de 10 ans. Il dit être un peu essoufflé lors des efforts et sa saturation passe de 89% à 75% dès 60 Watts.,1,Où se fait le shunt droite-gauche?,Par la fenêtre (chenal vers l’Oreillette systémique),Pediatric Cardiology,Reasoning,True
1093,"Un jeune homme de 14 ans a eu une dérivation cavopulmonaire totale fenêtrée à l'âge de 10 ans. Il dit être un peu essoufflé lors des efforts et sa saturation passe de 89% à 75% dès 60 Watts. Alors que vous avez fermé la fenestration par une ombrelle par voie percutanée quelques mois auparavant, ce jeune homme revient pour des œdèmes des membres inférieurs et une ascite. Le foie mesure 18 cm et bien qu'il ait un teint cyanique, sa saturation artérielle est normale. L'échographie montre un ventricule unique de fonction correcte et une stase importante dans le montage cavopulmonaire. La protidémie est à 45g/L.",3,Quelle est cette complication évolutive? Comment en faites vous la preuve?,"Entéropathie exsudative
 Clearance fécale de l’alpha-1 antitrypsine",Pediatric Cardiology,Reasoning,True
1117,"Vous accueillez en urgence un nouveau-né cyanosé en insuffisance cardiaque congestive. L’échographie montre un shunt droite-gauche interauriculaire, une hypertension artérielle pulmonaire, le reste est normal mais vous n’arrivez pas à voir les veines pulmonaires. Pourtant, le sinus coronaire est normal et vous ne voyez pas de flux anormal dans le tronc veineux innominé.",1,Où devez vous chercher un flux anormal?,Dans le foie,Pediatric Cardiology,Reasoning,True
1122,"Un nourrisson de 5 mois est adressé aux urgences pour une altération rapide de l’état général avec teint gris, marbrures, détresse respiratoire et hypotonie. A l’examen, il a une hépatomégalie, un bruit de galop et un rythme cardiaque irrégulier. Ses pouls sont bien palpés. La pression artérielle est à 50mmHg en systole. Les examens biologiques montrent une glycémie à 1,1 mmol/L, un pH à 7,04 avec une réserve alcaline à 9 mmol/L. L’ECG est en rythme sinusal entrecoupé de salves de tachycardie ventriculaire polymorphe. La radiographie de thorax montre un cardiomégalie avec une surcharge vasculaire pulmonaire nette.",1,Quel diagnostic évoquez-vous ?,déficit de l’oxydation des acides gras,Pediatric Cardiology,Reasoning,True
1125,Un pédiatre de maternité vous appelle pour un nouveau-né suspect d’avoir une cardiopathie malformative. Il présente une cyanose réfractaire - Souffle=0 – Eupnéique – Pouls fémoraux +.,1,Quel diagnostic évoquez vous?,transposition des gros vaisseaux,Pediatric Cardiology,Reasoning,True
1126,Un pédiatre de maternité vous appelle pour un nouveau-né suspect d’avoir une cardiopathie malformative. Il présente une cyanose réfractaire – Souffle=0 – Dyspnée – Pouls fémoraux +.,2,Quel diagnostic évoquez vous?,RVPAT,Pediatric Cardiology,Reasoning,True
1127,Un pédiatre de maternité vous appelle pour un nouveau-né suspect d’avoir une cardiopathie malformative. Il présente une cyanose réfractaire – Souffle=0 –Dyspnée – Pouls fémoraux et huméraux absents.,3,Quel diagnostic évoquez vous?,hypoplasie du cœur gauche,Pediatric Cardiology,Reasoning,True
1128,Un réanimateur néonatal vous demande conseil pour un nouveau-né ventilé pour une détresse respiratoire associée à des signes d’insuffisance cardiaque. Il n’a pas de cyanose réfractaire. Les pouls fémoraux sont faibles ainsi que les pouls huméraux et il n’y a pas de gradient tensionnel entre les membres supérieurs et inférieurs. L’échographie montre 4 cavités dilatées avec une hyperkinésie des deux ventricules. Il n’y a aucune malformation visible. Le canal artériel est fermé.,1,Quel diagnostic évoquez-vous ?,fistule artérioveineuse systémique (grande veine de Gallien),Pediatric Cardiology,Reasoning,True
1158,Une jeune femme de 32 ans consulte pour une bradycardie fœtale. L’échocardiographie affirme le diagnostic de bloc auriculo-ventriculaire complet fœtal sans anasarque. La fréquence cardiaque fœtale est à 68/mn au terme de 31 semaines. La patiente vous apprend qu’elle a déjà fait deux fausses couches spontanées tardives.,1,Quel est la cause du bloc auriculo-ventriculaire fœtal?,BAV d’origine immune (anticorps maternels),Pediatric Cardiology,Understanding,True
1163,"Une jeune fille de 4 ans est cathétérisée pour une CIV de diagnostic tardif. La pression pulmonaire est à 97/40 moyenne 68mmHg pour une pression aortique à 100/56 moyenne 74mmHg. La saturation dans l’artère pulmonaire est à 73% alors que la différence artérioveineuse est normale et la saturation aortique à 100%. Après inhalation d’oxygène pur, la pression pulmonaire est à 97/22 sans changement de la pression aortique. La PaO2 pulmonaire est 380mmHg pour une PaO2 aortique à 560mmHg.",1,S’agit-il d’une maladie d’Eisenmenger ?,non,Pediatric Cardiology,Reasoning,True
1173,"Le médecin transporteur du SAMU prend en charge un nouveau-né à terme en salle de travail pour une hypoxémie réfractaire. Il n’a pas de souffle, tous les pouls sont normalement palpés et est eupnéique. La saturation est à 83% aux 4 membres.",1,Quel diagnostic évoquez-vous en premier ?,Transposition des gros vaisseaux,Pediatric Cardiology,Reasoning,True
1174,Le médecin transporteur du SAMU prend en charge un nouveau-né à terme en salle de travail pour une hypoxémie réfractaire. Il a un souffle systolo-diastolique au foyer pulmonaire et des signes de détresse respiratoire.,1,Quel diagnostic évoquez-vous ?,Agénésie des valves pulmonaires,Pediatric Cardiology,Reasoning,True
1175,Le médecin transporteur du SAMU prend en charge un nouveau-né à terme en salle de travail pour une hypoxémie réfractaire. Les pouls fémoraux sont faiblement perçus. La saturation est à 95% au membre supérieur droit et à 55% aux trois autres membres.,1,Quel diagnostic évoquez-vous ?,Interruption de crosse aortique ou coarctation avec canal artériel systémique,Pediatric Cardiology,Reasoning,True
1176,"Le médecin transporteur du SAMU prend en charge un nouveau-né à terme en salle de travail pour une hypoxémie réfractaire. Les pouls huméraux et fémoraux sont faiblement perçus, il y a des signes de détresse respiratoire et circulatoire débutants.",1,Quel diagnostic faites-vous ?,Hypoplasie du cœur gauche,Pediatric Cardiology,Reasoning,True
1177,Le médecin transporteur du SAMU prend en charge un nouveau-né à terme en salle de travail pour une hypoxémie réfractaire. Les pouls fémoraux sont faiblement palpés. La saturation est à 55% aux membres supérieurs et à 90% aux membres inférieurs.,1,Quel diagnostic suspectez-vous ?,Transposition des gros vaisseaux et coarctation de l’aorte,Pediatric Cardiology,Reasoning,True
1209,"Un enfant trisomique 21 de 14 mois vous est adressé pour savoir si son canal atrioventriculaire complet est opérable. Il est cyanosé (Sa02=85%). Le cathétérisme cardiaque effectué en air ambiant montre une égalité des pressions systolique, diastolique et moyenne entre l’aorte et l’artère pulmonaire; la saturation dans l’artère pulmonaire est à 70% pour une saturation dans les veines pulmonaires à 98%.",1,Pouvez-vous conclure à l’opérabilité de ce patient sur ces seules données ?,"non, il faudrait faire des tests pharmacologiques pour affirmer qu’il n’y a aucune réactivité vasculaire pulmonaire",Pediatric Cardiology,Reasoning,True
1211,Un nouveau-né de 3 jours de vie vous est confié pour une cyanose réfractaire à l’oxygène. Il n’a pas de détresse circulatoire ou respiratoire. Vous auscultez un souffle systolique 3/6 et un B2 fort unique. L’ECG est normal. La radiographie montre une silhouette en œuf avec un médiastin étroit et des poumons normalement perfusés. L’échographie montre une D-transposition des gros vaisseaux avec CIV et sténose pulmonaire.,1,"Quels gestes faites vous en urgence ?
 (a) Manœuvre de Rashkind
 (b) Perfusion de Prostaglandine E1
 (c) Intubation trachéale
 (d) Aucun",(a) non ; (b) non ; (c) non ; (d) oui,Pediatric Cardiology,Reasoning,True
1212,"Un nouveau-né de 3 jours de vie vous est confié pour une cyanose réfractaire à l’oxygène. Il n’a pas de détresse circulatoire ou respiratoire. Vous auscultez un souffle systolique 3/6 et un B2 fort unique. L’ECG est normal. La radiographie montre une silhouette en œuf avec un médiastin étroit et des poumons normalement perfusés. L’échographie montre une D-transposition des gros vaisseaux avec CIV et sténose pulmonaire. Quelques heures plus tard, la cyanose devient profonde sans détresse respiratoire. La radiographie de thorax montre des poumons très clairs.",2,Que faites-vous ?,perfusion de PGE1,Pediatric Cardiology,Reasoning,True
1214,"Un nouveau-né de 3 jours de vie vous est confié pour une cyanose réfractaire à l’oxygène. Il n’a pas de détresse circulatoire ou respiratoire. Vous auscultez un souffle systolique 3/6 et un B2 fort unique. L’ECG est normal. La radiographie montre une silhouette en œuf avec un médiastin étroit et des poumons normalement perfusés. L’échographie montre une D-transposition des gros vaisseaux avec CIV et sténose pulmonaire. Quelques heures plus tard, la cyanose devient profonde sans détresse respiratoire. La radiographie de thorax montre des poumons très clairs. Un an plus tard, l’enfant va bien. La cyanose s’est accentuée ; il y a une discrète polyglobulie normochrome.",4,Quel traitement proposez-vous ?,réparation à l’étage ventriculaire,Pediatric Cardiology,Reasoning,True
1225,Vous cathétérisez un nourrisson de 6 mois pour une tétralogie de Fallot. Vous piquez la veine fémorale droite. La saturation dans l’aorte est à 70%. La saturation dans la veine pulmonaire inférieure droite atteinte au travers d’un foramen ovale est à 99%.,4,Quel est la valeur du rapport Qp/Qs ?,1/2,Pediatric Cardiology,Reasoning,True
1226,Vous cathétérisez un nourrisson de 6 mois pour une tétralogie de Fallot. Vous piquez la veine fémorale droite. La saturation dans l’aorte est à 70%. La saturation dans la veine pulmonaire inférieure droite atteinte au travers d’un foramen ovale est à 99%. Les angiographies sus-sigmoïdiennes montrent que l’interventriculaire antérieure naît de la coronaire droite et cravate par en avant l’anneau pulmonaire.,5,Quelles sont les deux options thérapeutiques dont vous disposez ?,anastomose systémico-pulmonaire,Pediatric Cardiology,Reasoning,True
1227,"Un nouveau-né est adressé en urgence pour une détresse respiratoire associée à des signes d’insuffisance cardiaque. A l’arrivée, vous notez des signes d’insuffisance cardiaque globale et une tachycardie à complexes fins à 250/mn. En échographie, il n’y a pas de malformation mais une myocardiopathie biventriculaire sévère.",1,Quelle en est la cause ?,trouble du rythme prolongé : myocardiopathie rythmique,Pediatric Cardiology,Understanding,True
1230,"Un nouveau-né de 3 jours est hospitalisé pour une cyanose réfractaire modérée associée à un souffle systolique. La radiographie de thorax montre une aorte à droite, un cœur de volume normal et des poumons perfusés de façon symétrique. En échographie, vous faites le diagnostic de tronc artériel commun avec une valve troncale non sténosante, non fuyante, une seule CIV et des artères pulmonaires de taille normale. Vous parlez d’une opération et les parents vous assaillent de questions.",1,Quand sera-t-il opéré ?,dans 3 semaines à 1 mois,Pediatric Cardiology,Reasoning,True
1234,"Un nouveau-né de 3 jours est hospitalisé pour une cyanose réfractaire modérée associée à un souffle systolique. La radiographie de thorax montre une aorte à droite, un cœur de volume normal et des poumons perfusés de façon symétrique. En échographie, vous faites le diagnostic de tronc artériel commun avec une valve troncale non sténosante, non fuyante, une seule CIV et des artères pulmonaires de taille normale. Vous parlez d’une opération et les parents vous assaillent de questions. Trois ans plus tard, vous examinez cet enfant en échographie. Il a un tube de 13 mm entre le ventricule droit et la bifurcation pulmonaire. Vous enregistrez une vélocité du flux Doppler entre le ventricule droit et l’artère pulmonaire de 6 m/s. Une fuite tricuspide physiologique a une vitesse maximale de 5 m/s. Les pressions de remplissage droites sont basses.",5,Pouvez-vous estimer la pression ventriculaire droite ?,oui 100 mm Hg + POD,Pediatric Cardiology,Reasoning,True
1245,Vous examinez à sa naissance un nouveau-né pour une atrésie pulmonaire à septum intact diagnostiquée en anténatal. La SaO2 est à 85%.,1,Quelles sont les trois parties habituellement décrites dans le ventricule droit ?,"chambre d’admission , chambre trabéculée et infundibulum",Pediatric Cardiology,Understanding,True
1246,Vous examinez à sa naissance un nouveau-né pour une atrésie pulmonaire à septum intact diagnostiquée en anténatal. La SaO2 est à 85%. Le ventricule droit est tripartite. L’atrésie est valvulaire. La valve tricuspide est très modérément hypoplasique. Le canal artériel est ouvert spontanément.,2,Faut-il perfuser des prostaglandines ?,Oui,Pediatric Cardiology,Reasoning,True
1249,"Vous examinez à sa naissance un nouveau-né pour une atrésie pulmonaire à septum intact diagnostiquée en anténatal. La SaO2 est à 85%. Le ventricule droit est tripartite. L’atrésie est valvulaire. La valve tricuspide est très modérément hypoplasique. Le canal artériel est ouvert spontanément. Ce traitement a atteint son objectif. Deux semaines plus tard, l’enfant reste cyanosé et l’arrêt des prostaglandines est impossible. Il n’y a pas d’obstacle résiduel entre le ventricule droit et l’artère pulmonaire.",5,Pourquoi le shunt droite-gauche persiste-t-il ?,car le vd est peu compliant,Pediatric Cardiology,Reasoning,True
1251,"Vous examinez à sa naissance un nouveau-né pour une atrésie pulmonaire à septum intact diagnostiquée en anténatal. La SaO2 est à 85%. Le ventricule droit est tripartite. L’atrésie est valvulaire. La valve tricuspide est très modérément hypoplasique. Le canal artériel est ouvert spontanément. Ce traitement a atteint son objectif. Deux semaines plus tard, l’enfant reste cyanosé et l’arrêt des prostaglandines est impossible. Il n’y a pas d’obstacle résiduel entre le ventricule droit et l’artère pulmonaire. 6 mois plus tard, la cyanose s’est accrue. Le ventricule droit n’a que peu grandi. Il n’y a pas d’obstacle sur la voie pulmonaire.",7,Que proposez-vous pour améliorer la situation ?,dérivation cavobipulmonaire partielle,Pediatric Cardiology,Reasoning,True
1260,Vous êtes contactés au téléphone pour un nouveau-né ayant fait un malaise grave. On vous dit que l’ECG per- critique montrait une tachycardie ventriculaire polymorphe. Il a donc reçu un choc électrique externe qui a été suivi d’une bradycardie profonde à 45/mn avec un aspect de bloc auriculo-ventriculaire. Il y a eu plusieurs récidives du trouble du rythme et finalement l’enfant est décédé.,1,Quelle information cruciale ne vous a pas été donnée pour élucider cette histoire triste ?,longueur de l’intervalle QT,Pediatric Cardiology,Reasoning,True
1273,"On vous demande votre avis par téléphone pour un nouveau-né pris en charge en salle de travail par le SAMU dans une maternité pour cyanose généralisée avec détresse respiratoire. La grossesse s’est déroulée normalement, l’accouchement a été eutocique. Il n’y a pas de souffle à l’auscultation. Tous les pouls sont normalement palpés.",1,Quels sont les deux principaux diagnostics que vous devez évoquer ?,"Transposition des gros vaisseaux
 Retour veineux pulmonaire anormal total bloqué",Pediatric Cardiology,Reasoning,True
1274,"On vous demande votre avis par téléphone pour un nouveau-né pris en charge en salle de travail par le SAMU dans une maternité pour cyanose généralisée avec détresse respiratoire. La grossesse s’est déroulée normalement, l’accouchement a été eutocique. Il n’y a pas de souffle à l’auscultation. Tous les pouls sont normalement palpés. La radiographie de thorax montre un œdème pulmonaire.",2,"Donnez pour chacun des deux diagnostics suivants le mécanisme de l’œdème pulmonaire.
 (a) Transposition des gros vaisseaux
 (b) Retour veineux pulmonaire anormal total bloqué","(a) TGV : foramen ovale restrictif avec pression dans l’OG élevée
 (b) RVPAT : obstacle sur le collecteur veineux pulmonaire généralement à son site de drainage",Pediatric Cardiology,Reasoning,True
1275,Un nouveau-né est admis pour une atrésie pulmonaire à septum ouvert. L’examen clinique ne note qu’une cyanose modérée avec une saturation à 85%.,1,Cette cardiopathie est-elle ducto-dépendante ?,Oui,Pediatric Cardiology,Understanding,True
1276,Un nouveau-né est admis pour une atrésie pulmonaire à septum ouvert. L’examen clinique ne note qu’une cyanose modérée avec une saturation à 85%. Cette cardiopathie est ducto-dépendante.,2,Prescrivez vous une perfusion de Prostaglandine E1 en urgence ? Pourquoi ?,"Non, car le canal artériel reste ouvert spontanément dans un quart des cas",Pediatric Cardiology,Reasoning,True
1278,"Un nouveau-né est admis pour une atrésie pulmonaire à septum ouvert. L’examen clinique ne note qu’une cyanose modérée avec une saturation à 85%. Cette cardiopathie est ducto-dépendante. Le lendemain de son admission, vous auscultez un souffle continu dans les deux champs pulmonaires.",4,A quoi ce souffle est-il du ?,A des collatérales aorto-pulmonaires ou bien (moins probable) au canal artériel,Pediatric Cardiology,Reasoning,True
1279,"Un nouveau-né est admis pour une atrésie pulmonaire à septum ouvert. L’examen clinique ne note qu’une cyanose modérée avec une saturation à 85%. Cette cardiopathie est ducto-dépendante. Le lendemain de son admission, vous auscultez un souffle continu dans les deux champs pulmonaires. Le cathétérisme cardiaque montre qu’il n’y a pas d’artères pulmonaires centrales.",5,Proposez un schéma thérapeutique chirurgical pour obtenir un cœur « en série ».,"Unifocalisation séquentielle des collatérales aorto-pulmonaires
 Mise en place d’un tube valvé entre le VD et les artères pulmonaires reconstruites avec fermeture de la CIV en 1 ou deux temps",Pediatric Cardiology,Reasoning,True
1282,"Une jeune femme de 28 ans suivie pour un ventricule unique pallié par une intervention de Fontan consulte pour une prise de poids de 8 kg en 15 jours. Elle a des œdèmes des membres inférieurs et une ascite modérée. Elle est discrètement cyanosée au repos et cette cyanose s’accentue dès qu’elle fait un effort. En échographie, les conditions d’examen ne vous permettent que de voir la fonction du ventricule unique qui est bonne sans fuite de la valve auriculo-ventriculaire.",1,Citez deux causes possibles aux œdèmes et à l’ascite.,"Obstacle sur le montage cavopulmonaire avec augmentation des pressions caves
 Entéropathie exsudative
 NB : la seconde peut être la conséquence de la première",Pediatric Cardiology,Understanding,True
1319,On vous demande conseil pour une nouveau-né en maternité chez qui une cyanose néonatale immédiate est constatée sans souffle ni signe d’insuffisance cardiaque clinique. La radiographie montre une perfusion pulmonaire symétrique apparemment normale. Le médecin qui vous interroge suspecte un retour veineux pulmonaire anormal total.,1,Peut-il avoir raison ? A quelle condition ?,Oui si celui-ci n’est pas bloqué,Pediatric Cardiology,Reasoning,True
1320,On vous demande conseil pour une nouveau-né en maternité chez qui une cyanose néonatale immédiate est constatée sans souffle ni signe d’insuffisance cardiaque clinique. La radiographie montre une perfusion pulmonaire symétrique apparemment normale. Le médecin qui vous interroge suspecte un retour veineux pulmonaire anormal total. L’hôpital où est l’enfant se situe à 15 minutes du centre spécialisé. L’état de l’enfant est inchangé (cyanose isolée) mais le médecin transporteur préfère débuter une perfusion de prostaglandine E1 « au cas où ».,2,Le confortez-vous dans cette attitude ? Justifiez-vous ?,"Non car si c’est une transposition des gros vaisseaux avec un foramen ovale restrictif, il y a un risque que la situation se dégrade en ouvrant très largement le canal artériel",Pediatric Cardiology,Reasoning,True
1321,"On vous demande conseil pour une nouveau-né en maternité chez qui une cyanose néonatale immédiate est constatée sans souffle ni signe d’insuffisance cardiaque clinique. La radiographie montre une perfusion pulmonaire symétrique apparemment normale. Le médecin qui vous interroge suspecte un retour veineux pulmonaire anormal total. L’hôpital où est l’enfant se situe à 15 minutes du centre spécialisé. L’état de l’enfant est inchangé (cyanose isolée) mais le médecin transporteur préfère débuter une perfusion de prostaglandine E1 « au cas où ». A l’arrivée dans le service spécialisé, la cyanose reste identique avec une saturation à 85%. Il n’a pas de souffle ni de signe d’insuffisance cardiaque clinique. Tous les pouls sont normalement palpés de façon symétrique. A mieux analyser la radiographie de thorax, vous pensez que la crosse aortique est à droite et la pointe du cœur est sus-diaphragmatique.",3,Quel diagnostic évoquez-vous ?,Atrésie pulmonaire avec communication interventriculaire,Pediatric Cardiology,Reasoning,True
1326,"Après un diagnostic anténatal d’hypoplasie du cœur gauche, vous accueillez à 10 minutes de vie un nouveau-né cyanosé à 80%, modérément polypnéique chez qui vous palpez tous les pouls. Vous confirmer le diagnostic de la cardiopathie en échographie (atrésie mitrale et aortique). Deux heures après son arrivée, la situation clinique se dégrade avec une détresse respiratoire sévère. La radiographie montre un œdème pulmonaire bilatéral. Il n’y a pas de dysfonctionnement du ventricule droit ni de fuite tricuspide ; le canal artériel est largement ouvert et fonction de façon adéquate.",3,Quelle explication fournissez-vous à cette évolution ? Comment pouvez-vous la traiter ?,"Le foramen ovale est restrictif
 Manœuvre de Rashkind",Pediatric Cardiology,Reasoning,True
1330,"Chez un nouveau-né eutrophe à terme, vous faites le diagnostic d’atrésie pulmonaire à septum interventriculaire intact. Le ventricule droit est bipartite avec une contiguïté entre l’infundibulum pulmonaire et le tronc de l’artère pulmonaire dont il n’est séparé que par un plancher valvulaire atrétique sur un anneau de 7 mm. Le diamètre de l’anneau tricuspide est de 11 mm (-1DS). Le traitement par perforation dilatation percutanée a été un succès mais à l’âge de 31 mois, la cyanose persiste avec une saturation aortique à 85%. Le gradient sur la voie pulmonaire est de 15 mm Hg.",3,Quel est la valeur du rapport Qp/Qs ?,2/3,Pediatric Cardiology,Reasoning,True
1379,Un nourrisson de 6 mois est admis pour un œdème pulmonaire. Il n’a aucun antécédent. La saturation aortique est à 100% sous oxygène. Vous n’entendez pas de souffle. Tous les pouls sont bien palpés. L’échographie ne montre pas d’anomalie des oreillettes ni des valves auriculo-ventriculaires ; les ventricules se contractent normalement ; les valves aortiques et pulmonaires sont normales ainsi que les deux gros vaisseaux. Le cathétérisme cardiaque montre une pression artérielle pulmonaire à 110/50 moyenne 70mmHg avec une pression capillaire pulmonaire moyenne à 45 mm Hg.,1,Quel diagnostic suspectez-vous ?,sténose des veines pulmonaires,Pediatric Cardiology,Reasoning,True
1384,Un enfant de 9 mois a une anastomose systémo-pulmonaire gauche par un fragment de Goretex 5 mm. Le résultat est adéquat pour la saturation en oxygène. La radiographie thoracique 15 jours après l’intervention montre un épanchement pleural.,1,Quels sont les deux diagnostics qu’il faut suspecter ?,"1-chylothorax
 2-sérome périprothétique",Pediatric Cardiology,Reasoning,True
1397,"Vous êtes appelé par le médecin du SAMU pour un nouveau-né pris en charge en maternité pour une hypoxie réfractaire. En dehors de la cyanose à 75%, aucun signe de détresse respiratoire ou d’insuffisance cardiaque n’est noté. Tous les pouls sont palpés de façon symétrique. L’auscultation cardiaque note un souffle systolique éjectionnel 3/6 au bord gauche du sternum.",1,Citez trois cardiopathies congénitales pouvant se présenter de cette façon chez un nouveau-né.,"1-tétralogie de Fallot
 2-sténose pulmonaire critique
 3-ventricule unique sténose pulmonaire",Pediatric Cardiology,Understanding,True
1398,"Vous êtes appelé par le médecin du SAMU pour un nouveau-né pris en charge en maternité pour une hypoxie réfractaire. En dehors de la cyanose à 75%, aucun signe de détresse respiratoire ou d’insuffisance cardiaque n’est noté. Tous les pouls sont palpés de façon symétrique. L’auscultation cardiaque note un souffle systolique éjectionnel 3/6 au bord gauche du sternum. Pendant le transport de l’enfant vers le service d’accueil, la situation se dégrade avec une majoration de la cyanose et un geignement.",2,Quel conseil donnez-vous au médecin transporteur ?,Prostaglandine IV,Pediatric Cardiology,Reasoning,True
1399,"Vous êtes appelé par le médecin du SAMU pour un nouveau-né pris en charge en maternité pour une hypoxie réfractaire. En dehors de la cyanose à 75%, aucun signe de détresse respiratoire ou d’insuffisance cardiaque n’est noté. Tous les pouls sont palpés de façon symétrique. L’auscultation cardiaque note un souffle systolique éjectionnel 3/6 au bord gauche du sternum. Pendant le transport de l’enfant vers le service d’accueil, la situation se dégrade avec une majoration de la cyanose et un geignement. A l’arrivée dans votre service, la situation est nettement améliorée. L’examen cardiovasculaire est inchangé. La radiographie de thorax indique un cœur en sabot poumons clairs. Vous diagnostiquez une tétralogie de Fallot. La réparation n’a pas été possible et l’enfant a eu une anastomose systémo-pulmonaire droite. Vous le voyez 6 mois plus tard en urgence alors qu’il avait été perdu de vue pour une cyanose profonde d’apparition brutale. L’auscultation ne retrouve pas de souffle. La saturation est mesurée à 50%. La fréquence cardiaque est à 170/mn.",3,Quel est votre diagnostic ?,Occlusion de l’anastomose et malaise anoxique de tétralogie de Fallot,Pediatric Cardiology,Reasoning,True
1401,"Vous êtes appelé par le médecin du SAMU pour un nouveau-né pris en charge en maternité pour une hypoxie réfractaire. En dehors de la cyanose à 75%, aucun signe de détresse respiratoire ou d’insuffisance cardiaque n’est noté. Tous les pouls sont palpés de façon symétrique. L’auscultation cardiaque note un souffle systolique éjectionnel 3/6 au bord gauche du sternum. Pendant le transport de l’enfant vers le service d’accueil, la situation se dégrade avec une majoration de la cyanose et un geignement. A l’arrivée dans votre service, la situation est nettement améliorée. L’examen cardiovasculaire est inchangé. La radiographie de thorax indique un cœur en sabot poumons clairs. Vous diagnostiquez une tétralogie de Fallot. La réparation n’a pas été possible et l’enfant a eu une anastomose systémo-pulmonaire droite. Vous le voyez 6 mois plus tard en urgence alors qu’il avait été perdu de vue pour une cyanose profonde d’apparition brutale. L’auscultation ne retrouve pas de souffle. La saturation est mesurée à 50%. La fréquence cardiaque est à 170/mn. Quelques minutes après votre intervention, la saturation passe à 70% et l’état général de l’enfant s’améliore nettement.",5,Quel signe auscultatoire témoignera du succès de votre intervention ?,Réapparition du souffle systolique au foyer pulmonaire,Pediatric Cardiology,Reasoning,True
1414,"Au terme de 24 semaines de grossesse, la coupe 4 cavité du cœur fœtal montre que le ventricule droit est plus petit que le ventricule gauche. La naissance a eu lieu à terme. Le nouveau-né est cyanosé de façon modérée (SaO2=85%) alors que le canal artériel est ouvert largement sous prostaglandine E1.",2,"Pouvez-vous calculer le Qp/Qs ? Si vous répondez oui, quel est votre diagnostic ? Si vous répondez non, quel est votre diagnostic ?","Oui, s’il s’agit d’une APSI car la cardiopathie est à sang mélangé et le Qp/Qs est à 2/1.
 S’il s’agit d’une sténose pulmonaire, on ne peut calculer exactement le débit pulmonaire car la contribution respective du canal artériel et de la voie antérograde ne sont pas facile à calculer.",Pediatric Cardiology,Reasoning,True
1415,"Au terme de 24 semaines de grossesse, la coupe 4 cavité du cœur fœtal montre que le ventricule droit est plus petit que le ventricule gauche. La naissance a eu lieu à terme. Le nouveau-né est cyanosé de façon modérée (SaO2=85%) alors que le canal artériel est ouvert largement sous prostaglandine E1. Il s’agit d’une APSI car la cardiopathie est à sang mélangé et le Qp/Qs est à 2/1.",3,Quel geste proposez-vous si le ventricule droit est bipartite avec un bel infundibulum et un anneau tricuspide de taille presque identique à l’anneau mitral ?,Perforation dilatation au ballonnet,Pediatric Cardiology,Reasoning,True
1416,"Au terme de 24 semaines de grossesse, la coupe 4 cavité du cœur fœtal montre que le ventricule droit est plus petit que le ventricule gauche. La naissance a eu lieu à terme. Le nouveau-né est cyanosé de façon modérée (SaO2=85%) alors que le canal artériel est ouvert largement sous prostaglandine E1. Il s’agit d’une APSI car la cardiopathie est à sang mélangé et le Qp/Qs est à 2/1. La perforation dilatation au ballonnet est un succès et l’enfant est rendu à ses parents sans autre traitement. Quelques mois plus tard, il reste cyanosé avec une saturation mesurée à 70%.",4,Quel est le Qp/Qs ?,1/2,Pediatric Cardiology,Reasoning,True
1441,"Vous êtes appelés en néonatologie pour une hypoxie chez un nouveau-né à terme né en état de mort apparente après une dystocie mécanique. Il n’a pas de cardiopathie malformative. Vous notez une fuite tricuspide à 5 m/s, une hypokinésie ventriculaire droite et un shunt droite gauche interauriculaire. La saturation au membre supérieur droit est à 90% et à 70% aux membres inférieurs.",2,Expliquez ces constatations.,"Shunt AP-AO par le canal artériel car les Rp sont supérieures aux Rs
 Compliance du VD moins bonne que celle du VG et shunt droite gauche par la CIA expliquant la désaturation dans l’aorte ascendante.",Pediatric Cardiology,Reasoning,True
1442,"Vous êtes appelés en néonatologie pour une hypoxie chez un nouveau-né à terme né en état de mort apparente après une dystocie mécanique. Il n’a pas de cardiopathie malformative. Vous notez une fuite tricuspide à 5 m/s, une hypokinésie ventriculaire droite et un shunt droite gauche interauriculaire. La saturation au membre supérieur droit est à 90% et à 70% aux membres inférieurs. Une heure après, la saturation au membre supérieur droit est à 100% mais reste à 85% aux membres inférieurs.",3,Quel paramètre s’est amélioré ?,La compliance du VD.,Pediatric Cardiology,Reasoning,True
1443,"Vous êtes appelés en néonatologie pour une hypoxie chez un nouveau-né à terme né en état de mort apparente après une dystocie mécanique. Il n’a pas de cardiopathie malformative. Vous notez une fuite tricuspide à 5 m/s, une hypokinésie ventriculaire droite et un shunt droite gauche interauriculaire. La saturation au membre supérieur droit est à 90% et à 70% aux membres inférieurs. Une heure après, la saturation au membre supérieur droit est à 100% mais reste à 85% aux membres inférieurs. Deux heures après sous monoxyde d’azote, la saturation est à 100% aux 4 membres.",4,Quel paramètre s’est amélioré ?,Les Rp ont baissé en dessous des Rs,Pediatric Cardiology,Reasoning,True
1451,Un jeune garçon de 8 ans a eu une palliation d’une cardiopathie complexe associant un ventricule unique et une atrésie pulmonaire par une dérivation cavopulmonaire partielle. Sa cyanose se majore nettement au repos et l’intolérance d’effort est importante.,1,Que proposez-vous ?,DCPT,Pediatric Cardiology,Reasoning,True
1452,"Un jeune garçon de 8 ans a eu une palliation d’une cardiopathie complexe associant un ventricule unique et une atrésie pulmonaire par une dérivation cavopulmonaire partielle. Sa cyanose se majore nettement au repos et l’intolérance d’effort est importante. DCPT est effectué avec succès. Quelques mois plus tard, il consulte pour une prise de poids rapide. A l’examen, il a une ascite et des œdèmes des membres inférieurs prenant le godet.",2,Quelles complications pouvez- vous évoquer ?,"Sténose du montage
 Entéropathie exsudative
 Dysfonction du ventricule unique ou fuite de(s) valve(s) auriculo-ventriculaire(s)",Pediatric Cardiology,Reasoning,True
1453,"Un jeune garçon de 8 ans a eu une palliation d’une cardiopathie complexe associant un ventricule unique et une atrésie pulmonaire par une dérivation cavopulmonaire partielle. Sa cyanose se majore nettement au repos et l’intolérance d’effort est importante. DCPT est effectué avec succès. Quelques mois plus tard, il consulte pour une prise de poids rapide. A l’examen, il a une ascite et des œdèmes des membres inférieurs prenant le godet. Vous faites un cathétérisme cardiaque qui montre une pression moyenne à 14 mm Hg dans le montage sans gradient à aucun endroit.",3,Quel diagnostic faites-vous finalement ?,Entéropathie exsudative,Pediatric Cardiology,Reasoning,True
1470,"Chez un nourrisson de 8 mois, vous notez une tachycardie à 150/mn à complexes fins permanente. Vous faites une manœuvre vagale qui n’a aucun effet sur la fréquence cardiaque mais qui démasque une dissociation auriculo- ventriculaire avec une fréquence des ondes P à 120/mn.",1,Quel diagnostic suspectez-vous ?,Tachycardie hissienne,Pediatric Cardiology,Reasoning,True
1477,"Vous accueillez un nouveau-né pour une cyanose réfractaire isolée. En échographie, vous faites le diagnostic d’atrésie pulmonaire à septum intact.",1,A quoi est due la cyanose ?,Shunt droite gauche interauriculaire,Pediatric Cardiology,Understanding,True
1480,"Vous accueillez un nouveau-né pour une cyanose réfractaire isolée. En échographie, vous faites le diagnostic d’atrésie pulmonaire à septum intact. Le ventricule droit est décrit comme tripartite.",4,Quel traitement médical proposez-vous ?,PGE1,Pediatric Cardiology,Understanding,True
1482,"Vous accueillez un nouveau-né pour une cyanose réfractaire isolée. En échographie, vous faites le diagnostic d’atrésie pulmonaire à septum intact. Le ventricule droit est décrit comme tripartite. La perforation-dilatation valvulaire pulmonaire a été un succès. La saturation après la procédure est à 90% alors que vous n’avez pas arrêté le traitement PGE1 qui reste efficace.",6,Pouvez-vous calculer le Qp/Qs ? Pourquoi ?,Non car on ne connait pas ce qui passe par voie antérograde et par le canal artériel,Pediatric Cardiology,Reasoning,True
1483,"Vous accueillez un nouveau-né pour une cyanose réfractaire isolée. En échographie, vous faites le diagnostic d’atrésie pulmonaire à septum intact. Le ventricule droit est décrit comme tripartite. La perforation-dilatation valvulaire pulmonaire a été un succès. La saturation après la procédure est à 90% alors que vous n’avez pas arrêté le traitement PGE1 qui reste efficace. L’enfant est sorti sans traitement. Vous le revoyez quelques semaines plus tard. La saturation est à 85%. Il n’y a pas d’obstacle sur la voie droite.",7,Pourquoi reste-t-il cyanosé ?,Shunt droite gauche atrial car VD non compliant,Pediatric Cardiology,Reasoning,True
1484,"Vous accueillez un nouveau-né pour une cyanose réfractaire isolée. En échographie, vous faites le diagnostic d’atrésie pulmonaire à septum intact. Le ventricule droit est décrit comme tripartite. La perforation-dilatation valvulaire pulmonaire a été un succès. La saturation après la procédure est à 90% alors que vous n’avez pas arrêté le traitement PGE1 qui reste efficace. L’enfant est sorti sans traitement. Vous le revoyez quelques semaines plus tard. La saturation est à 85%. Il n’y a pas d’obstacle sur la voie droite. A l’âge de 2 ans, la saturation est à 88% au repos et les parents disent qu’il devient franchement bleu lors de l’activité.",8,Que proposez-vous comme traitement définitif ?,"DCPP + fermeture de PFO pour faire 1,5 ventricule",Pediatric Cardiology,Reasoning,True
1487,Vous recevez un nouveau-né de 6 jours pour insuffisance cardiaque. La fréquence cardiaque est à 300/mn régulière.,1,Quels gestes faites vous pour préciser votre diagnostic ?,Manœuvre vagale : arrêt TJ,Pediatric Cardiology,Reasoning,True
1503,Votre avis est demandé pour un nouveau-né ayant une hernie de coupole diaphragmatique car il est cyanosé malgré la ventilation assistée et une oxygénothérapie à 100%. Une cyanose membre inférieurs est présente.,3,Que proposez-vous pour essayer de diminuer les résistance vasculaires pulmonaires ?,NO° inhalé,Pediatric Cardiology,Understanding,True
1505,Votre avis est demandé pour un nouveau-né ayant une hernie de coupole diaphragmatique car il est cyanosé malgré la ventilation assistée et une oxygénothérapie à 100%. Une cyanose membre inférieurs est présente. Le traitement par NO° inhalé est efficace mais le réanimateur vous rappelle car il trouve que la géométrie septale reste en faveur d’une HTAP isosystémique et veut discuter avec vous l’indication d’ECMO.,5,Comment lui expliquez-vous que la pression pulmonaire estimée sur la géométrie septale ne peut pas baisser en deçà de la pression aortique pour l’instant ?,Parce que le canal artériel est ouvert et égalise les pressions systoliques entre l’aorte et l’artère pulmonaire donc la géométrie septale qui apprécie la PAP systolique est celle d’une PVD isosystémique.,Pediatric Cardiology,Reasoning,True
1511,Vous prenez en charge un nourrisson ayant une atrésie pulmonaire avec communication interventriculaire. Le cathétérisme d’évaluation initiale est très péjoratif car il ne montre pas d’artères pulmonaires médiastinales mais uniquement des artères pulmonaires vascularisées par des collatérales naissant de l’aorte. La saturation est à 90% et l’enfant est franchement polypnéique.,1,Pourquoi ?,Il a un gros débit pulmonaire avec Qp/Qs à 3,Pediatric Cardiology,Reasoning,True
1516,"Vous suivez la grossesse d’une patiente sans antécédent notable. A 22 semaines, vous notez une bradycardie fœtale à 75/mn sans malformation cardiaque. A 34 semaines, la fréquence cardiaque est à 50/mn et il y a un petit épanchement péricardique.",2,Que proposez-vous ?,Extraction fœtale,Pediatric Cardiology,Reasoning,True
1517,"Vous suivez la grossesse d’une patiente sans antécédent notable. A 22 semaines, vous notez une bradycardie fœtale à 75/mn sans malformation cardiaque. A 34 semaines, la fréquence cardiaque est à 50/mn et il y a un petit épanchement péricardique. A la naissance, la fréquence cardiaque est à 43/mn.",3,Que proposez-vous ?,Pacemaker épicardique,Pediatric Cardiology,Reasoning,True
1553,"Un nouveau-né de 4 jours de vie est adressé en urgence pour une défaillance cardiaque et respiratoire aiguë. A l’arrivée, en ventilation assistée, vous notez une cyanose généralisée (SaO2=75%), une auscultation cardiaque normale et des pouls huméraux et fémoraux très faibles.",1,Quel diagnostic suspectez vous ?,HypoVG,Pediatric Cardiology,Reasoning,True
1555,"Une fillette de 4 ans est suivie en neuropédiatrie depuis l’âge de 2 ans pour une comitialité traitée par le Sabril. Elle consulte pour une perte de connaissance survenue dans la cour de l’école maternelle. Les pompiers appelés sur place ont constaté une tachycardie à 200/mn avec des signes de détresse circulatoire. Elle a reçu un choc électrique externe qui a rétabli immédiatement le rythme sinusal et l’hémodynamique. A l’arrivée, elle va très bien. L’ECG est normal et l’échographie cardiaque est normale. Sur le lambeau de scope que vous confient les pompiers vous voyez une tachycardie jonctionnelle puis un aspect de tachycardie ventriculaire avec un changement d’axe tous les deux complexes puis une tachycardie ventriculaire monomorphe à 180/mn.",1,Quel est votre diagnostic ?,Tachycardie ventriculaire catécholergique,Pediatric Cardiology,Reasoning,True
1608,"Un homme de 43 ans consulte pour asthénie intense d’apparition progressive associée à pâleur remarquée pars son entourage, et une dyspnée à l’effort. Dans ses antécédents, on a la notion d’une protéinurie (0.60 g/l) découverte lors du service national, mais non explorée. Il se plaint de céphalées, et de crampes des membres inférieurs. Son rythme cardiaque est rapide, sa tension artérielle est de 200/110 mmHg. Le bilan biologique montre les résultats suivants :
 Plasma :
 Na 136 mmol/L
 K 5.3 mmol/L
 Bicarbonate 18 mmol/L
 Glucose 5.2 mmol/L
 Protéines 66 g/L
 Urée 34 mmol/L
 Créatinine 750 µmol/L
 Calcium 2.05 mmol/L
 Phosphotes 1.9 mmol/L
 Sang : 
 Erythrocytes 3.5 T/L
 Hémoglobine 80 g/L
 Urine :
 Urée 80 mmol/L
 Créatinine 5,3 mmol/L
 Protéines 1,2 g/L
 Diurèse 1,6 L",1,Sur quels critères cliniques et biologiques peut-on affirmer une insuffisance rénale chronique (IRC) ? Calculer un paramètre biochimique fondamental non explicité dans le Dossier.,"Clinique:
 Asthénie, pâleur (anémie), HTA (le cœur rapide signe une insuffisance cardiaque liée à l’HTA).
 Biologique:
 Syndrome de rétention azotée: élévation massive de l'urée et de la créatinine plasmatique, Diurèse conservée dans l'IRC (s'oppose à l'oligoanurie de l'I.R. Aiguë).
 Clairance de la créatinine effondrée : C = UV/P = 0,13 mils (N = 1,35 à 2,3 mL/s).",Pharmacy,Reasoning,True
1697,"Melle D., 29 ans est hospitalisée en service de réanimation environ 7 heures après une tentative d’autolyse probablement médicamenteuse. A l’entrée, elle présente un état de somnolence avec confusion mentale, des douleurs abdominales de l’hypochondre droit, une hypotension artérielle, des troubles du rythme cardiaque, des nausées et vomissements, un état subictérique.
 Parmi les éléments du bilan sanguin, on relève les résultats suivants :
 Pl - - Urée 5 mmol/L
 Pl - - Glucose 3.3 mmol/L
 Se - - Créatinine 100 μmol/L
 Pl - - Sodium 145 mmol/L
 Pl - - Potassium 4.2 mmol/L
 Pl - - Chlorure 109 mmol/L
 Pl - - CO2 total 12 mmol/L
 Se - - Bilirubine totale 50 μmol/L
 Se - - Bilirubine conjuguée 5 μmol/L
 Se - - Alanine aminotransférase (ALAT, TGP) 30°C/SFBC 160 U/L
 Pl - - Aspartate aminotransférase (ASAT, TGO) 30°C/SFBC 167 U/L
 Se - - Phosphatase alcaline 30°C/SFBC 97 U/L
 Pl - - Taux de prothrombine 60%
 La recherche de toxiques dans le liquide de lavage gastrique révèle des traces de paracétamol. Huit heures après un dosage de paracétamol sanguin est effectué. Il est répété deux heures plus tard. La concentration en paracétamol dans le sang est de 40 mg/L dans le 1er prélèvement et de 33 mg/L deux heures plus tard.
 Valeurs des logarithmes : Ln 40 = 3.6889 ; Ln 33 = 3.4965 ; Ln 2 = 0.693",1,Commentez les résultats du bilan biologique.,"Atteinte hépatique.
 Bilirubine totale augmentée (normale inférieure à 17 micromol/L).
 Transaminases augmentées (normales 4 à 40 UI/L)
 Taux de prothrombine diminué (normale de 75 à 100 %) glycémie diminuée (normale 3,9 à 5,3 mmol/L).
 Pl - CO2 total effondré.",Pharmacy,Reasoning,True
1715,"Mme C., âgée de 75 ans et pesant 61 kg, est admise en urgence à l’hôpital pour troubles de la conscience, douleurs abdominales, et crampes musculaires. Son entourage indique qu’elle est traitée par metformine : GLUCOPHAGE retard® : 2 cps par jour depuis 15 ans.
 A l’examen clinique, le médecin note un pouls à 115 battements par min, une TA à 95/65 mmHG, une T°C rectale à 36.9°C et un mal perforant plantaire.
 Le bilan biologique d’entrée donne les résultats suivants :
 Pl - - glycémie 6.9 mmol/L
 Pl - - sodium 134 mmol/L
 Pl - - potassium 6.7 mmol/L
 Pl - - créatinine 295 μmol/L
 Pl - - urée 17.9 mmol/L
 SgA - - pH (37°C) 7.12
 SgA - - pCO2 17 mmHg ou 2.26 kPa
 SgA - - pO2 93 mmHg ou 12.37 kPa
 SgA - - bicarbonate 5.8 mmol/L
 Pl - - chlorure 93 mmol/L
 Absence de glycosurie et d’acétonurie à la bandelette réactive.",1,"En fonction de l’état clinique et du bilan biologique, quelle hypothèse diagnostique pouvez-vous faire ? Quel est l’examen biologique complémentaire susceptible de confirmer l’hypothèse ?","Ce dossier met en évidence un état précomateux chez une malade âgée souffrant de diabète non insulino- dépendant. Les signes cliniques sont en accord avec une suspicion d'acidose.
 Le bilan biologique d'entrée révèle :
 - une légère hyperglycémie sans glycosurie, ni présence de corps cétoniques dans les urines,
 - une hyperkaliémie,
 - une importante augmentation de la créatininémie et de l'urémie qui signe une insuffisance rénale (la clairance de la créatinine est de 14 ml/min, selon la formule de Cockroft et Gault) .
 - un trou anionique important avec abaissement du pH sanguin et de la PCO2. L'examen complémentaire à pratiquer est le dosage du lactate sanguin qui devrait être très élevé. Le bilan biologique confirme l'hypothèse diagnostique d'une acidose vraisemblablement lactique chez une patiente souffrant de diabète non insulino-dépendant DNID).",Pharmacy,Reasoning,True
1738,"Mme X., 75 ans, 54 kg, est admise au urgence, au cours d'une période de grande chaleur, dans un état d'obnibulation. Elle présente une sécheresse de la peau qui garde le pli, son pouls est à 150 battements par minute. De plus, elle est fébrile (38°C) et sa tension artérielle en position couchée est à 110/80 mmHg. Sa famille signale qu'elle a perdu 4 kg au cours des 5 derniers jours. On pratique à l'admission un bilan biologique qui donne les résultats suivants :
 Pl Sodium 142 mmol/L
 Pl Potassium 3,5 mmol/L
 Pl Chlorure 101 mmol/L
 Pl Protéines totales 86 g/L
 Pl Urée 21 mmol/L
 Pl Créatinine 120 μmol/L
 Sg Hémoglobine 178 g/L
 Sg Hématocrite 0,54
 La diurèse est alors à 0,8 L.
 Le diagnostic est celui d'une déshydratation extracellulaire.",1,Indiquez les signes cliniques qui permettent de confirmer l'existence d'une déshydratation extracellulaire.,"Signes cutanés: la peau perd son élasticité et garde le pli. Signes cardiovasculaires : l'hypotension et la tachycardie sont fréquentes. La perte de poids, qui peut être minime, est un signe constant.",Pharmacy,Reasoning,True
1743,"Un homme de 34 ans ayant consommé la veille une quantité très importante de méthanol estimée à plus de 200 mL est admis dans un service de réanimation. Il présente un coma profond aréflexique, une pression artérielle à 150/80 mmHg, un pouls à 70/min, une température à 37°C. Le bilan sanguin donne les valeurs suivantes :
 Pl Sodium 140 mmol/L
 Pl Potassium 5,3 mmol/L
 Pl Chlorure 95 mmol/L
 Pl CO2 10 mmol/L
 Pl Glucose 6,2 mmol/L
 Pl Urée 3,4 mmol/L
 Pl Osmolarité 388 mmol/L
 SgA pH 7,10",1,Commentez les résultats bio.,Acidose métabolique (pH abaissé + C02 total diminué + trou anionique). Hyperosmolarité plasmatique. Hyperglycémie. hyperkaliémie.,Pharmacy,Reasoning,True
1748,"F.P., âgé de 45 ans, a consulté récemment pour trouble obsessionnel compulsif. Son médecin lui a proposé une traitement à base de clomipramine (ANAFRANIL􏰗) à la dose de 225 mg par jour, associé à de l’oxazépam (SERESTA􏰗) :10 mg trois fois par jour, ce dernier médicament étant prescrit pour une durée de 3 semaines. Le 6ème jour de traitement F.P. perd son frère de 50 ans dans un accident. Ce drame le fait basculer vers une tentative de suicide : en effet, il absorbe 3 grammes d’ANAFRANIL et 80 comprimés à 10 mg de SERESTA. Le SAMU le secourt à domicile, 2 heures plus tard. F.P. est retrouvé comateux, non réactif aux stimulations nociceptives, calme, avec un tonus musculaire normal, un rythme cardiaque à 130 battements par minute ; il existe une mydriase bilatérale faiblement réactive, un globe vésical. L’ECG révèle un espace PR à 0,16 seconde (Normal :0,12 seconde), un QRS à 0,10 seconde (Normal :0,04 seconde). La pression artérielle est à 100/60 mm Hg. Le patient subit une intubation orotrachéale et une ventilation mécanique.",1,Commenter l’association de ces deux médicaments chez Monsieur F.P.,"Le traitement antidépresseur par la clomipramine, antidépresseur tricyclique, peut être associé à une benzodiazépine anxiolytique, ici l'oxazépam. Cette association en début de traitement n'est pas systématique (RMO) mais peut se justifier en raison de l'importance des troubles obsessionnels et du risque de levée d'inhibition. La durée du traitement anxiolytique doit être courte, ce qui est le cas chez ce patient (3 semaines).",Pharmacy,Reasoning,True
1764,"Un homme de 35 ans, ancien toxicomane, est hospitalisé pour une hémiplégie d'évolution progressive ayant débuté par le bras droit. On note des trépidations épileptoïdes à droite, une fièvre et des adénopathies. Les examens biologiques effectués mettent en évidence des activités enzymatiques ASAT, ALAT et gamma-GT à 3 fois la normale. La numération plaquettaire est égale à 41 G/L, celle des lymphocytes T et en particulier T4 montre un effondrement de ces 2 éléments. La moëlle est riche en cellules de la lignée plaquettaire. La sérologie met en évidencela présence d'Ac anti VIH et anti HCV. Il existe une légère protéinorachie, mais le LCR se révèle stérile.
 L'examen tomodensitométrique du cerveau révèle une lésion « en cocarde » de 2 cm de diamètre qui oriente vers le diagnostic de toxoplasmose cérébrale. Le traitement antiparasitaire suivant est instauré :
 - Pyriméthamine (Malocid®) : 200 mg per os à j1 puis 75 mg par jour 
 - Sulfadiazine (Adiazine®) : 6 g par jour en 2 prises per os
 - Folinate de calcium (Osfolate®) : 50 mg 2 fois par semaine per os.",1,Commentez les résultats des examens biologiques pratiqués. Comment interpréter l'événement diagnostiqué ?,"L'élévation des activités enzymatiques signe une cytolyse probablement liée à l'hépatite C.
 Il existe une thrombopénie d'origine périphérique souvent observée chez les patients VIH+, et due à une destruction par des anticorps antiplaquettes.
 La sérologie et l'historique du malade font penser à la phase inaugurale d'un SIDA phase qui débute le plus souvent par une infection opportuniste de type toxoplasmose ou pneumocystose notamment. II existe un syndrome d'immunodépression franche objectivé par la chute des T4. La protéinorachie traduit la réaction méningée due au parasite. La stérilité du LCR est liée au fait que la toxoplasmose invasive reste cérébrale.",Pharmacy,Reasoning,True
1773,"Madame F., âgée de 27 ans, transportée par Ie SAMU entre au Service de Réanimation de l'hôpital à 18H. Son mari l'a découverte dans un état semi-comateux et il soupçonne une tentative d'autolyse. Elle est traitée depuis peu pour un syndrome dépressif. Les sauveteurs ont retrouvé à proximité un étui vide de comprimés de LAROXYL 25® (un étui contient 60 comprimés à 25 mg d' amitriptyline). Sa dernière ordonnance remonte à 4 jours et le médecin prescrivait deux comprimés par jour. D’après les renseignements obtenus, la prise de médicaments semble remonter à 14 heures.
 A son arrivée dans le service, elle présente :
 - Un coma modéré de stade II ; elle réagit aux stimuli nociréceptifs
 - Il n'y a pas de dépression respiratoire.
 - Par contre, elle est très agitée et secouée fréquemment par des mouvements cloniques, avec tremblements fins des extrêmités.
 - L'examen de sa pupille montre un état de mydriase et sa bouche est très sèche.
 - Sa température est à 37,2 0C. La tension artérielle est de 90/60 mm Hg.
 - A l'auscultation directe, on note une tachycardie.
 Le diagnostic posé est celui d'une intoxication par les antidépresseurs tricycliques",1,"Parmi les signes cliniques observés, quels sont ceux qui vous paraissent les plus caractéristiques de cette intoxication ? La symptomatologie observée chez cette patiente vous paraît-elle en rapport avec la dose susceptible d'avoir été ingérée ?","Signes caractéristiques : coma modéré, tremblements, mydriase, tachycardie. Doses toxiques. supérieures à 1 g chez l'adulte. Le pronostic vital est en jeu pour des doses supérieures à 2 g sans traitement.",Pharmacy,Reasoning,True
1782,"Madame H..., âgée de 27 ans et mère d'un enfant de 3 ans, est secrétaire dans une administration. Une visite de médecine du travail ne révèle aucune anomalie à l'examen clinique mais les résultats d'un hémogramme de contrôle montrent:
 Érythrocytes 5,6 T/L
 Hémoglobine 121 g/L
 Hématocrite 0,40
 Réticulocytes 0,5%
 Leucocytes 5,4 G/L
 Plaquettes 254 G/L
 Polynucléaires neutrophiles : 74 %
 Lymphocytes : 22 %
 Monocytes : 4%
 Vitesse de sédimentation : 6 mm à la première heure.
 Un dosage de fer sérique est demandé et donne une concentration de 18 micromoles/L avec un coefficient de saturation de la transferrine de 37 %.",1,Commentez les résultats de l'hémogramme. Précisez les anomalies observées.,"L'hémogramme ne montre aucune anomalie au niveau des leucocytes et des plaquettes. par contre les érythrocytes (5.6 T/L) sont élevés pour une femme (N = 4.2 à 5.2 T/L). De plus on note une microcytose franche (71 fL) (N de 80 fL à 100 fL).
 Les autres constantes érythrocytaires donnent: CCMH 30 % ; TGMH 21 pg. Mais il n'y a pas d'anémie (hémoglobine supérieure à 120 g/L) de sorte que le taux bas de réticulocytes est normal.
 VS normale.
 En résumé = microcytose avec augmentation modérée du nombre des hématies.",Pharmacy,Reasoning,True
1795,"Une malade diabétique et asthmatique âgée de 42 ans recevant une insulinothérapie par voie S.C avec une injection d'insuline Actrapid® à 7 h et 19 h et une injection d'insuline Monotard® à 19 h, est hospitalisée d'urgence. Son médecin traitant et son entourage indiquent qu'elle reçoit depuis 4 jours suite à l'aggravation de son asthme:
 1 comprimé de terbutaline = Bricanyl LP®. 5 mg matin et soir
 1 comprimé de prednisolone = Solupred® 20 mg le matin
 5 à 6 bouffées par jour de salbutamol = Ventoline®
 De plus, la malade a une fièvre à 39°C depuis 24 heures, en rapport avec une plaie infectée au niveau d'un doigt.
 A son entrée à l'hôpital le médecin observe des troubles de la conscience avec une diminution des réflexes tendineux, un état comateux et une odeur de « pomme de reinette » de l'haleine. Le bilan biologique initial est le suivant:
 PI- - Glucose 12 mmol/L
 PI- - Sodium 139 mmol/L
 PI- - Potassium 5,3 mmol/L
 PI- - Chlorure 103 mmol/L
 PI- - Créatinine 105 mmol/L
 PI- - Urée 9,5 mmol/L
 Sg- -A Bicarbonate 16 mmol/L
 Sg- -A pH 7,2
 Glycosurie + + + + et acétonurie + + + + mesurées à la bandelette Kétodiastix®.",1,"A partir de l'état clinique de la malade et des données biologiques, quelle complication du diabète peut-on envisager? Précisez et argumentez votre réponse.","Cette malade présente un état d'acido-cétose net qui constitue une complication du diabète insulinodépendant. L'odeur de « pomme de reinette de l'haleine, les troubles de la conscience, l'abolition des réflexes tendineux, suivis d'un état comateux sont largement en accord avec le bilan biologique révélant :
 une importante hyperglycémie et glycosurie.
 une acétonurie nette,
 un effondrement des bicarbonates et du pH sanguins qui signent l'acidose,
 une légère augmentation du potassium et de l'azotémie.",Pharmacy,Reasoning,True
1846,"Il s'agit d'une jeune femme de 22 ans hospitalisée en urgence. A l'arrivée la patiente est dans le coma et présente une hypothermie à 32°C. A la vue du bilan d'entrée, un traitement par insuline est instauré, avec simultanément perfusion de sérum bicarbonaté en fonction du pH du sang artériel. Le bilan d'entrée est le suivant:
 1 ° Gazométrie
 Sg- Artériel – pH = 6.80
 - pO2 : 19.1 kPa
 - pCO2 : 1.3 kPa
 - HCO3- calculé = 3 mmol/L
 2° Biochimie
 Se- Sodium : 138 mmol/L 
 Se- Potassium : 4,5 mmol/L 
 Se- Chlore : 102 mmol/L 
 Se- HCO3- : 6 mmol/L
 Se- Urée : 7,80 mmol/L
 Se- Glucose : 38 mmol/L 
 Se- Calcium : 2,34 mmol/L",1,Commentez ce bilan - calculez le « trou anionique ».,"Sont augmentés: pO2, urée, glucose (+ + +).
 Sont diminués: pH (effondré), pCO2, bicarbonates (effondrés)
 Trou anionique = (138 + 4,5) - (102 + 6) = 34,5 mmol/L .",Pharmacy,Understanding,True
1867,"M. A..., 42 ans, 1,72 m, 86 kg, consulte son médecin car depuis quelque temps, il a souvent des maux de tête et il s'essouffle facilement. Sa tension artérielle est de 190/105 mm Hg, le pouls à 80/min. L'examen clinique, l'interrogatoire et les examens paracliniques permettent de poser le diagnostic d'angine de poitrine. Un bilan biologique est effectué et donne les résultats suivants :
 Se- ASAT 30 °C SFBC : 55 UI/L 
 Se- ALAT 30 °C SFBC : 35 UI/L 
 Se- CK 30 °C SFBC : 225 UI/L 
 Se- GGT 30 °C SFBC : 62 UI/L
 Pl- glucose à jeûn : 6.2 mmol/L 
 Pl- urée : 4.5 mmol/L
 Pl- créatinine : 92 micromol/L
 Pl- acide urique : 485 micromol/L 
 Se- cholestérol : 9.8 mmol/L
 Se- triglycérides : 1.9 mmol/L
 Un traitement comportant:
 - Dinitrate d'isosorbide 5 mg (Risordan 5®), 3 comprimés par jour
 - Acébutolol 200 mg (Sectral 200®), 2 comprimés par jour, est proposé.",1,"Commentez les résultats biologiques. Quels sont, chez ce malade, les facteurs de risque de la pathologie constatée?","a) augmentés: glucose, acide urique. cholestérol. Triglycérides, CPK et gamam-GT, ASAT est légèrement augmentée.
 b) L'hypertension et l'obésité.
 L'hypercholestérolémie, l'hypertriglycéridémie. l'hyperglycémie et l'hyperuricémie sont des facteurs majeurs de risque coronarien.",Pharmacy,Reasoning,True
1918,"En janvier 2001, un homme de 28 ans est retrouvé inanimé près d'un chauffe-eau dans la salle de bains de son appartement. Il présente un tableau de coma avec conservation des réflexes photo-moteurs, réflexes cutanés faibles et abolition des réflexes ostéo-tendineux. Il existe une hypotonie des 4 membres et une respiration très irrégulière de faible amplitude. La fréquence cardiaque est à 80 et la TA à 90/60 mm Hg. Il n'y a pas d'hépatomégalie ni de splénomégalie.
 48 heures après, on note une élévation des enzymes sériques avec des CK à 10 000 UI/litre (Normales 30 à 200 UI/I) ainsi que des urines rares et foncées.
 Alcoolémie: 0,28 g ‰
 SgA-pH(à37°C) 7,27
 Sg A-pO2 : 7,29 kPa ou 55 mm Hg 
 Sg A-pCO2 : 6,7 kPa ou 50 mm Hg 
 Sg A-Bicarbonate: 18 mmol/L 
 Sg-Hémoglobine: 9,1 mmol/L",1,Quel diagnostic peut-on envisager? Comment le prouver?,"Hiver. pièce mal ventilée. Chauffage au gaz défectueux. Combustion du gaz incomplète. Diagnostic: suspicion d'intoxication oxycarbonée.
 Biochimie:
 - très légère acidose.
 - pO2 abaissée, pCO2 augmentée avec une Hb normale. Confirmation de l'intoxication: - dosage de HbCO dans le sang.",Pharmacy,Reasoning,True
1935,"Monsieur F..., âgé de 33 ans, est admis en urgence à l'hôpital. Il est dans le coma, hyperpnéique et déshydraté. De plus, il souffre de nombreux furoncles. Les examens biologiques pratiqués à l'admission donnent les résultats suivants :
 Pl-Sodium: 144 mmol/L
 Pl-Potassium: 5.1 mmol/I 
 PI-Bicarbonate: 11 mmol/I 
 SgA-pH 7.25
 SgA-P C02 25 mm Hg
 SgA-P 02 98 mm Hg
 PI-Glucose : 28 mmol/L
 Se-Protéines 82 g/L 
 Hématocrite 0,57
 Une perfusion contenant de l'insuline est instituée, ce qui améliore l'état du patient. Trois jours après, un anthrax se développe et le diabète est de nouveau incontrôlé avec coma et hyperpnée. La dose d'insuline est doublée.",1,Commentez les résultats biochimiques obtenus à l'admission.,"Paramètres biochimiques:
 - augmentés: glucose, protéines, hématocrite. potassium, sodium. 
 - diminués: bicarbonates, pH, pC02",Pharmacy,Reasoning,True
1958,"A l’occasion d’une visite médicale systématique, une hypertension artérielle modérée (150/95 mm Hg) est découverte chez un homme de 46 ans. A l’interrogatoire, il dit présenter depuis plusieurs mois une asthénie chronique, des crampes et des fourmillements dans les extrêmités. Il ne présente pas d’œdème. Les examens sanguins et urinaires sont les suivants : - Sang:
 - Pl Sodium : 144 mmol/L
 - Pl Potassium : 2,2 mmol/l
 - Pl Chlorure : 95 mmol/L
 - Pl CO2 total : 32 mmol/L
 - SgApH: 7,49
 - Se Protéines : 70 g/L
 - Sg Hématocrite : 0,43
 - Pl Glucose : 5,1 mmol/L
 - Pl Urée : 4,5 mmol/L
 - Pl Créatinine : 74 micromol/L
 - Urine : 
 - U Sodium : 40 mmol/L
 - U Potassium : 60 mmol/L",1,Commenter l’ensemble des résultats biologiques ; quelles sont les valeurs usuelles chez l’adulte de chacun des paramètres sanguins indiqués pour ce patient ?,"Pl Sodium: 135 - 145 mmol/L
 Pl Potassium: 3,5 - 4,5 mmol/L
 Pl Chlorure : 95 - 105 mmol/L
 PI CO2 total: 22 - 28 mmol/L
 SgA pH : 7,35 - 7,45
 Se Protéines : 65 - 80 g/L
 Sg Hématocrite : 0,42 – 0,54
 Glucose : 3,90 – 5,30 mmol/L
 PI Urée: 2,5 - 7,5 mmol/L
 PI Créatinine: 45 - 105μmol/L 
 Sont observées chez ce patient une hypokaliémie sévère, une alcalose métabolique (augmentation du pH et CO2 total) ainsi qu'une inversion du rapport Na+/K+ urinaire.",Pharmacy,Understanding,True
1971,"Mademoiselle S., âgée de 13 ans, a une angine rouge avec température à 38,70C dont les symptômes disparaissent sans traitement en 7 à 8 jours. Une semaine plus tard, Mademoiselle S. reste fatiguée, a le visage bouffi et les chevilles gonflées, et se plaint de lombalgies. Le médecin consulté note la présence d'œdèmes et une tension artérielle à 150-90 mm de mercure; il demande à la patiente d'uriner: l'urine est brun foncé (« bouillon sale »). Un bilan biologique montre les résultats suivants:
 Sg - - Hémoglobine: 89 g/l
 Sg - - Hématocrite: 0,28
 Sg - - Erythrocytes: 3,0 T/L
 Sg - - Leucocytes: 14 G/L
 Pl - - Urée: 10 mmol/L
 Pl - - Créatinine: 130 micromol/L
 Pl - - Acide urique: 210 micromol/L
 PI - - Sodium: 139 mmol/L
 PI - - Potassium: 3,8 mmol/L
 Se - - Protides totaux 60 g/L
 Se - - Antistreptodornases 0 : 500 UI/mL (N<300UI/mL) 
 Se - - Complément C3 : 0,35 g/L (N : 0,80-1,20 g/L)
 Volume des urines de 24 h : 0,45 L 
 U - - Protéines : 1.6 g/L
 U - - Urée: 700 mmol/L
 U - - Créatinine : 23 mmol/L
 U - - Sodium : 30 mmol/L
 U - - Hématies : 1800/microL (N<5/microL)",1,Commenter les résultats des examens biologiques,"Les paramètres suivants sont :
 a) diminués:
 . Au niveau sanguin: hémoglobine, hématocrite, érythrocytes, protides totaux, complément C3. . Au niveau urinaire: volume des urines de 24 h et dU- Na+ (13,5 mmol).
 b) augmentés:
 . Au niveau sanguin: leucocytes, urée, créatinine, ASLO . Au niveau urinaire: protéinurie et hématurie.
 c) Dans la fourchette des valeurs usuelles :
 . Au niveau sanguin: acide urique, Na +, K +
 . Au niveau urinaire: dU - - Urée (135 mmo/),
 dU - - créatinine (10,35 mmol).
 . Après calcul: V.G.M. : 93,3 fL, T.C.M.H. : 29,7 pg, C.C.M.H. : 31,8 %.",Pharmacy,Reasoning,True
2050,"Mlle A., 28 ans, consulte son médecin pour un malaise général comprenant nausées, vomissements, asthénie et fièvre à 38,6° C, accompagné d'un ictère cutanéo-muqueux apparu depuis 2 jours. A l'interrogatoire de la patiente, le médecin note :
 - qu'elle est rentrée depuis 2 semaines d'un séjour de 6 semaines pour raisons professionnelles en Inde,
 - qu'elle n'a pas d'antécédent d'alcoolisme ou de toxicomanie.
 Les examens de laboratoire prescrits donnent les résultats suivants : 
 Se Bilirubine totale 90 μmol/L
 Se ALAT 700 UI/L
 Se ASAT 560 UI/L
 - Marqueurs sériques des hépatites :
 IgM anti-VHA : positives
 Ag HBs : négatif
 Ac anti-HBs : négatifs
 Ac anti-HBc totaux : négatifs
 Ac anti-VHC : négatifs",1,Quelle pathologie ce bilan évoque-t-il en le justifiant sur des données cliniques et biologiques ?,"Le contexte épidémiologique (retour d'Inde depuis 2 semaines, délai compatible avec une incubation d'une hépatite virale A), les signes cliniques (nausées, vomissements, asthénie, fièvre et ictère cutanéo-muqueux), biochimiques (hyperbilirubinémie, cytolyse hépatique avec augmentation prédominante des ALAT évoquant une hépatite infectieuse) et la positivité des IgM anti-VHA permettent de diagnostiquer une hépatite A aiguë.
 Les résultats des marqueurs sériques des hépatites B et C sont négatifs, indiquant que Mlle A. n'a pas été en contact avec le VHB ou le VHC et n'a pas été vaccinée contre l'hépatite B.",Pharmacy,Reasoning,True
2068,"Une femme de 58 ans - 1,68 m - 72 kg - mariée, 2 enfants, consulte son médecin traitant. Depuis environ 3 semaines elle se sent fatiguée, sans beaucoup d'appétit, a quelques nausées, boit et urine plus que d'habitude et a quelques épisodes inhabituels de confusion mentale qui inquiètent son entourage. Son médecin l'examine, lui trouve un rythme cardiaque à 50 pulsations/min, une tension artérielle à 115/65 mm Hg et un discret pli cutané persistant.
 Dans les antécédents de cette femme, il est noté une insuffisance cardiaque gauche traitée entre autres depuis 2 ans par digoxine 500 μg/j. Un bilan biologique sanguin est réalisé (à jeun) et donne les résultats suivants :
 Pl Sodium........................ 144 mmol/L
 Pl Potassium............................ 3,4 mmol/L
 Pl Calcium.................................. 3,7 mmol/L
 Pl Phosphate (inorganique).......... 0,56 mmol/L
 Pl Bicarbonate............................. 24 mmol/L
 Se Protéines........................... 83 g/L
 Se Albumine.............................. 52 g/L
 Pl Créatinine................. 125 μmol/L
 Sg Erythrocytes......................... 5,6 T/L
 Sg Hémoglobine......................... 168 g/L
 Sg Hématocrite........................... 0,51
 Sg Leucocytes.......................... 5,3 G/L
 Sg Thrombocytes........................... 315 G/L",1,Commenter les résultats du bilan biologique en rappelant les valeurs usuelles. Quelle en est la principale anomalie ?,"Les valeurs augmentées par rapport aux valeurs usuelles concernent les paramètres suivants : calcium (2,20 - 2,60 mmol/L), protéines (65 - 80 g/L), albumine (38 - 48 g/L), créatinine (45 - 105 μmol/L), érythrocytes (4,2 - 5,2 T/L), hémoglobine (120 - 160 g/L), hématocrite (0,37 - 0,47). Les valeurs des ions potassium (3,5 - 4,5 mmol/L) et phosphate (0,80 - 1,40 mmol/L) sont inférieures aux valeurs usuelles. Celles des autres paramètres (leucocytes (4,0 - 10,0 G/L), thrombocytes (150 - 450 G/L), sodium (135 - 145 mmol/L) sont dans les valeurs usuelles. L'hypercalcémie représente la principale anomalie.",Pharmacy,Reasoning,True
2075,"Monsieur P.B., 36 ans, ouvrier, est adressé au Service des Urgences. Il a travaillé dans une pièce confinée, située au sous-sol d'une agence bancaire, en utilisant un groupe électrogène défectueux fonctionnant avec un moteur à combustion. Il ne présente pas d'antécédents, ni de traitements médicamenteux particuliers. Sur le plan clinique, on constate des céphalées importantes, une sensation de dérobement des membres inférieurs, une asthénie, des vertiges et une plaie du cuir chevelu qui fait suite à une chute due à une brève perte de connaissance. L'électrocardiogramme réalisé ne montre aucun signe de nécrose, la pression artérielle est légèrement diminuée. Pendant son transport aux urgences, le patient a été mis sous oxygénothérapie au masque avec un débit de 15 litres par minute.
 Les examens biologiques pratiqués aux urgences donnent les résultats suivants :
 Sg Hémoglobine : 144 g/L
 Sg Hématocrite : 0,42
 SgA Oxyhémoglobine/Hémoglobine totale (SaO2) : 45%
 SgA Carboxyhémoglobine : 40,8%",1,Quel est le produit chimique responsable de l'intoxication aiguë de Monsieur P.B. ? Justifier votre réponse.,"Le monoxyde de carbone (CO) est certainement responsable de l'intoxication car :
 - Le taux de carboxyhémoglobine (HbCO) est très élevé. Normalement, ce taux est inférieur à environ 5% chez le non fumeur et inférieur à environ 10% chez le fumeur. Un taux de HbCO de plus de 40% signe une intoxication aiguë. Par ailleurs, la SaO2 est très diminuée du fait de la présence de HbCO.
 - Les signes cliniques décrits sont caractéristiques d'une intoxication aiguë par le CO : céphalées, dérobement des membres inférieurs, asthénie, vertiges, perte de connaissance même brève.
 - Le moteur à explosion, en particulier défectueux, utilisé dans une pièce confinée est une source potentielle de CO.",Pharmacy,Reasoning,True
2079,"Madame B., 73 ans, 55 kg, présente un angor d'effort depuis 5 ans.
 Elle est suivie pour hypertension artérielle et hypercholestérolémie. Elle n'a jamais fumé. Elle suit des règles hygiénodiététiques adaptées.
 Son traitement habituel est :
 Acétylsalicylate de lysine (Kardégic ) 75 mg : 1/jour 
 Acébutolol 200 mg : 1/2 matin et soir
 Atorvastatine 20 mg : 1/jour
 Clopidogrel 75 mg : 1/jour
 Trinitrine (Discotrine®) 10 mg : 12 h sur 24 h
 Elle est amenée par le SMUR aux urgences du centre hospitalier pour douleur thoracique constrictive irradiant au bras gauche malgré de la trinitrine en sublingual, sans malaise.
 L'examen clinique ne révèle ni palpitation, ni dyspnée. La tension artérielle est de 115/60 mmHg ; les bruits du cœur sont irréguliers.
 L'électrocardiogramme réalisé aux urgences ne montre pas de sus-décalage ST.
 Les dosages biologiques réalisés montrent :
 - à l'entrée (2 h du matin) :
 Troponine Ic : < 0,02 μg/L (valeur de référence : < 0,10 μg/L) 
 Myoglobine : 72 μg/L (valeur de référence : < 75 μg/L)
 - en unité de surveillance continue (7 h du matin) : 
 Troponine Ic : 2,76 μg/L
 Myoglobine : 400 μg/L
 Cette personne est admise en salle d'angioplastie pour pose de deux stents.
 Une scintigraphie d'effort avec dipyridamole (Persantine®) réalisée une semaine plus tard montre une ischémie limitée de la jonction antérolatérale.
 A la sortie, le traitement d'entrée est reconduit hormis la trinitrine patch remplacée par une forme spray et le périndopril 2 mg (Coversyl®) qui est introduit à la posologie de 1 par jour le matin.
 Un bilan biologique réalisé trois semaines après son hospitalisation montre :
 Glycémie à jeun 6,67 mmol/L 1,20 g/L
 Créatininémie 56 μmol/L 6,3 mg/L
 Cholestérol 6,45 mmol/L 2,50 g/L
 Triglycérides 2,00 mmol/L 1,75 g/L
 HDL Cholestérol 1,16 mmol/L 0,45 g/L",1,"Commenter le traitement habituel en indiquant la classe pharmacologique, le mécanisme d'action et l'indication thérapeutique retenue chez cette patiente.","acétylsalicylate de lysine : anti-agrégant plaquettaire par inhibition de la formation de thromboxane A2, ayant une efficacité démontrée à faible dose dans la prévention primaire des accidents cardiovasculaires chez cette patiente angoreuse
 clopidogrel : anti-agrégant plaquettaire, antagoniste de l'ADP inhibant la liaison de l'ADP avec le récepteur plaquettaire, indiqué dans la prévention primaire des accidents cardiovasculaires chez cette patiente angoreuse
 acébutolol : bêta-bloquant cardiosélectif diminue la consommation en oxygène du myocarde, traitement de fond de l'angor stable
 atorvastatine : inhibiteur de l’HMG-CoA réductase, enzyme de l'étape précoce de la synthèse du cholestérol, ayant un puissant effet hypocholestérolémiant pour prévention primaire des accidents cardiovasculaires chez cette patiente angoreuse
 trinitrine Discotrine® 10 mg : 12 h/24 h : trinitrine percutanée en dispositif transdermique adhésif, augmente les apports en oxygène au myocarde ; traitement de fond de l'angor stable.",Pharmacy,Understanding,True
2113,"Un homme de 52 ans, sans domicile fixe, bien connu des services hospitaliers pour états d'ivresse fréquents, est amené aux urgences par les sapeurs pompiers, alertés par la police. Il a été trouvé inconscient dans un square qu'il fréquente habituellement avec d'autres individus. A son arrivée dans le service, il est dans un coma hypotonique léger. Il ne présente pas de trace de coups, ni de traumatisme. Les sapeurs pompiers ne peuvent apporter que peu d'éléments d'information. Ils signalent n'avoir trouvé auprès de la victime ni bouteille d'alcool, ni boîte de médicament, ni trace de stupéfiant. La fréquence cardiaque est à 74 battements/min. La pression artérielle est de 145/100 mm de Hg. La fréquence respiratoire est de 25 cycles/min. La température corporelle est de 36,3°C.
 Un bilan biologique d'entrée est réalisé et donne les résultats suivants : 
 SgA pH (à 37°C) : 6,93
 SgA pCO2 : 24 mmHg
 SgA pO2 : 104 mmHg
 SgA Bicarbonate : 14 mmol/L 
 Pl Sodium : 140 mmol/L
 Pl Potassium : 6,3 mmol/L
 Pl Chlorure : 104 mmol/L
 Pl Bicarbonate : 15 mmol/L
 Pl Calcium : 2,44 mmol/L
 Pl Urée : 5,2 mmol/L
 Pl Créatinine : 110 μmol/L
 Pl Glucose : 4,4 mmol/L
 SgV Lactate : 1,2 mmol/L [valeurs usuelles : 0,5 - 2 mmol/L] 
 Pl Osmolalité : 339 mOsm/kg d'eau.
 Le patient est immédiatement intubé et mis sous ventilation mécanique. Les analyses toxicologiques sanguines d'éthanol et de psychotropes demandées sont négatives.",2,Pour quelles raisons les analyses toxicologiques d'éthanol et de psychotropes ont-elles été demandées ? Les résultats de ces analyses sont-ils en relation avec le bilan biologique et clinique du patient ?,"L'éthanol et les psychotropes sont des toxiques fréquemment trouvés dans ce contexte. Ils pourraient en partie expliquer le tableau clinique (effet dépresseur central). En revanche, ils ne peuvent pas expliquer le tableau biologique.",Pharmacy,Reasoning,True
2123,"Mr A., 23 ans, présente depuis l'âge de 14 ans une comitialité temporale gauche qualifiée de ""pharmacorésistante"" (plusieurs schémas thérapeutiques lui ont été successivement prescrits sans qu'une disparition totale et prolongée des crises n'ait été obtenue).
 Le traitement actuel consiste en trois médicaments prescrits depuis plusieurs années :
 - carbamazépine (Tégrétol® 400 LP), 1 cp matin et soir
 - vigabatrin (Sabril®), 5 cps par jour
 - valproate de sodium (Dépakine® Chrono 500 mg), 1 cp matin, midi et soir au cours des repas. 
 Récemment, la lamotrigine (Lamictal®) a été introduite à la posologie de 1 cp de 25 mg, 1 j sur 2 pendant 2 semaines puis 1 cp de 25 mg/j pendant 2 semaines. La posologie est ensuite augmentée par palier de 25 mg/j chaque semaine jusqu'à atteindre 100 mg/j.
 Mr A. est hospitalisé en neurologie car, depuis quelques jours, il présente des crises répétées et des vomissements fréquents.
 Un bilan biologique sanguin est effectué. Les résultats sont :
 Pl Sodium : 138 mmol/L
 Pl Potassium : 4,1 mmol/L 
 Pl Chlorure : 102 mmol/L 
 Se ALAT : 21 UI/L
 Se ASAT : 14 UI/L
 Se GGT : 113 UI/L
 Se LDH : 121 UI/L
 Se Urée : 4,3 mmol/L
 Se Créatinine : 94 μmol/L
 Sg Erythrocytes : 4,3 T/L 
 Sg Hématocrite : 41 %
 Sg Hémoglobine : 137 g/L 
 Sg VGM : 96,6 fL
 Sg Thrombocytes : 183 G/L 
 Sg Leucocytes : 6,3 G/L 
 Formule leucocytaire :
 polynucléaires neutrophiles : 47,6 % 
 polynucléaires éosinophiles : 3,6 % 
 polynucléaires basophiles : 0,5 % 
 lymphocytes : 41,2 %
 monocytes : 7,1 %
 Pl Activité du complexe prothrombinique : 98 %.",1,"Quel(s) est (sont) parmi les médicaments prescrits à ce patient, celui (ceux) qui fait (font) l'objet d'un suivi des concentrations plasmatiques ?",Carbamazépine et valproate de sodium.,Pharmacy,Understanding,True
2143,"Madame F., 44 ans, est amenée aux urgences par le SAMU pour une tentative d'autolyse médicamenteuse. ll y a 1 heure environ à son retour du travail, son mari la retrouve inanimée, sur le sol de la salle à manger. Plusieurs boîtes vides de clomipramine et de bromazépam ont été retrouvées sur la table de cette pièce.
 Il n'a pas été possible d'évaluer la quantité de médicaments ingérés.
 L'examen clinique réalisé par le médecin des urgences montre un état comateux peu réactif, calme, sans déficit moteur périphérique. Il existe une mydriase bilatérale peu réactive. La fréquence cardiaque est de 100 battements/min, la fréquence respiratoire de 14 cycles/min, la pression artérielle à 95/70 mm de Hg et la température corporelle à 37,0°C.
 Le résultat de la recherche dans le sang d'antidépresseurs tricycliques et de benzodiazépines est positif.",1,"A quel syndrome peut être rattachée la mydriase constatée chez Madame F. ?
 Quelle classe thérapeutique peut être responsable de ce syndrome ?
 Quels signes cliniques sont susceptibles de se manifester dans le cadre de ce syndrome ?","C'est un syndrome anticholinergique ou ""atropine-like"" observé avec les antidépresseurs tricycliques de type imipraminique.
 Le syndrome anticholinergique est un syndrome précoce, d'intérêt diagnostique, caractérisé par : 
 - mydriase,
 - sécheresse des muqueuses (bouche, œil),
 - troubles de la conscience,
 - rétention urinaire,
 - constipation,
 - tachycardie sinusale.",Pharmacy,Reasoning,True
2154,"Madame X., 72 ans, est hospitalisée pour bilan d'une insuffisance rénale découverte fortuitement à la suite d'un bilan sanguin demandé lors d'un épisode de mastoïdite.
 Dans les antécédents de la patiente, on note :
 - Une hypertension artérielle traitée par spironolactone (Aldactone®)
 - Des épisodes d'infections ORL à répétition
 - Un foyer de dilatation des bronches mis en évidence par scanner
 - Un diabète de type 2 équilibré par régime et metformine (Glucophage®).
 A l'examen clinique : patiente en bon état général, se plaignant essentiellement d'asthénie, d'un prurit, de céphalées et d'une polyuro-polydipsie. Tension artérielle = 170/95 mmHg.
 Examens biologiques : 
 Prélèvement sanguin à jeun : 
 Pl Sodium : 136 mmol/L
 Pl Potassium : 5,8 mmol/L
 Pl Chlorure : 98 mmol/L
 Pl Bicarbonate : 15 mmol/L 
 Se Protéines : 66 g/L
 Se Albumine : 36 g/L
 Pl Calcium : 1,97 mmol/L
 Pl Phosphate : 2,01 mmol/L 
 Pl Glucose : 5,9 mmol/L
 Pl Urée : 29,4 mmol/L
 Pl Créatinine : 706 μmol/L 
 Sg Hémoglobine : 95 g/L
 Sg Erythrocytes : 3,2 T/L
 Sg VGM : 88 fL
 Sg Leucocytes : 9 G/L
 Urine :
 Diurèse : 1,300 L/24 h
 dU Protéines : 1,52 g (valeurs usuelles <150 mg) 
 dU Créatinine : 7,06 mmol",2,Commenter l'état de l'équilibre acido-basique.,"En l'absence du bilan acido-basique complet (pH et gaz du sang), la diminution plasmatique du bicarbonate laisse suspecter une acidose métabolique.
 Il faut calculer le trou anionique :
 Trou anionique plasmatique : (Na + K) - (Cl + bicarbonate) = 28,8 mmol/L (VU : 12 - 20 mmol/L)
 Cette acidose peut s'expliquer par l'insuffisance rénale (créatininémie et urémie très augmentées) mais aussi par l'accumulation d'indosés anioniques (trou anionique augmenté : probablement le lactate du fait du traitement par metformine).",Pharmacy,Reasoning,True
2216,"Une femme de 25 ans, anxieuse et dépressive, est traitée depuis une quinzaine de jours par bromazépam (comprimés à 6 mg, 1/4 le matin et le midi, 1/2 le soir) et amitriptyline (comprimés à 25 mg, 1 matin et soir). Suite à une déception sentimentale, elle fait une tentative d'autolyse médicamenteuse et est retrouvée inconsciente, allongée sur le sol avec des boîtes vides de bromazépam et d'amitriptyline à côté d'elle. Elle est rapidement hospitalisée.
 L'examen clinique met en évidence un coma hypertonique (score de Glasgow égal à 8), une agitation, une fréquence cardiaque à 91 battements/min, une pression artérielle à 135/70 mmHg, une mydriase bilatérale très peu réactive, une fréquence respiratoire à 12 cycles/min, une sécheresse de la muqueuse buccale. L'électrocardiogramme montre un élargissement de l'espace QRS.
 Un bilan biologique sanguin réalisé en urgence donne les résultats suivants :
 Pl Glucose.................................................................. 3,8 mmol/L
 Pl Créatinine............................................................... 98 μmol/L
 Pl Sodium................................................................... 139 mmol/L
 Pl Potassium............................................................... 5,2 mmol/L
 Se Alanine aminotransférase (ALAT)......................... 25 U/L
 Se Créatine kinase (CK)............................................ 312 U/L
 Pl Amitriptyline............................................................... 1,58 mg/L 
 Pl Recherche de benzodiazépine(s) ............................. positive 
 Pl Ethanol....................................................................... 0,81 g/L",1,Quels sont les arguments cliniques qui orientent vers une intoxication à l'amitriptyline et au bromazépam ?,"- En faveur de l'intoxication à l'amitriptyline : coma hypertonique, agitation, tachycardie, mydriase bilatérale peu réactive, sécheresse de la muqueuse buccale.
 - En faveur de l'intoxication au bromazépam (benzodiazépine anxiolytique) : bradypnée, coma (les benzodiazépines provoquent un coma hypotonique lorsqu'elles sont prises sans antidépresseur tricyclique, ce qui n'est pas le cas dans cette intoxication).",Pharmacy,Reasoning,True
2266,"Madame J., 42 ans, consulte pour amaigrissement de 6 kg en 2 mois et tendance dépressive. L’interrogatoire retrouve la notion d’une hystérectomie à l’âge de 28 ans pour fibrome. Aucun autre antécédent médical ou chirurgical n’est retrouvé. Examen clinique :
 Poids : 49 kg, taille :1,58m, tension artérielle : 130/80mmHg, pouls :140/min régulier. le corps thyroïde, à la palpation, est augmenté de volume dans son ensemble et homogène.",1,Quels signes fonctionnels et physiques recherchez-vous pour étayer le diagnostic d’une éventuelle hyperthyroïdie ?,"Signes fonctionnels et physiques à rechercher pour étayer le diagnostic d'une éventuelle hyperthyroidie.
 Signes fonctionnels :
 - Digestifs: diarrhée, polyphagie, polydipsie, polyurie
 - Cardiaques: tachycardie, troubles du rythme
 - Nerveux: tremblements, nervosité, anxiété, insomnie, exagération des réflexes ostéotendineux
 - Du métabolisme: thermophobie, sudations - Diminution de la force musculaire
 Signes physiques;
 - Goitre diffus
 - Ophtalmopathie dans la maladie de Basedow avec fixité du regard, rétraction de la paupière donnant un aspect ""tragique"" au visage
 - Amaigrissement",Pharmacy,Understanding,True
2311,"Monsieur C., âgé de 72 ans, 1,60m est amené par son fils, au service des urgences à 20h20. En effet, vers 20h, il a été pris d’une douleur thoracique brutale alors qu’il faisait sa vaisselle. Maçon à la retraite, plutôt sédentaire, divorcé, Monsieur C. vit seul ; il ne fume pas, ne boit pas d’alcool, mais présente un surpoids (72kg). Aucun antécédent familial n’est relevé chez ce patient ; dans ses antécédents personnels, on note : une HTA modérée depuis 10 ans. Aux urgences, de la trinitrine en sub-linguale lui est administré mais la douleur persiste. L’électrocardiogramme (E.C.G.) permet de diagnostiquer un primo-infarctus du myocarde septo-apical. Son bilan biologique à l’entrée est le suivant :
 Se ALAT 30°C SFBC : 32 UI/L
 Se ASAT 30°C SFBC : 16 UI/L
 e CK 30°C SFBC : 53 UI/L
 Se Myoglobine : 639 microg/L (N :1à100 microg/L)
 Pl Taux du complexe prothrombinique : 100%
 Pl Temps de céphaline activée : 30s(T=31s)
 Pl Fibrinogène : 3.3g/L
 Deux heures après le début de la douleur, Monsieur C. est thrombolysé par altéplase (ACTILYSE). De l’héparine non fractionnée et du métoprolol injectable (SELOKEN) lui sont prescrits. En post-thrombolyse, les dosages suivants sont réalisés (résultats) :
 Se CK 30°C SFBC : 204 UI/L
 Se Myoglobine : 1540 microg/L
 Trois jours après, le patient est de nouveau pris par les douleurs thoraciques typiques partiellement soulagées par la trinitrine injectable. L’ECG confirme une récidive d’infarctus du myocarde qui est thrombolysé selon les mêmes modalités. Son traitement comporte alors :
 - héparine non fractionnée (HNF) (I.V.) 48 000 UI/j
 -Aspirine (ASPEGIC 250) : 1 sachet/jour
 - Métoprolol (SELOKEN 100) :1⁄2 cp x 2/j
 - Captopril (LOPRIL) : 1⁄4 cp x3/j
 Une coronarographie est réalisée 5 jours après la seconde thrombolyse ; une dilatation coronaire est envisagée.",1,Quels sont les éléments du bilan d’entrée confirmant le diagnostic posé après E.C.G.,"- Douleur thoracique ne cédant pas à la trinitrine
 - Taux de myoglobine élevé, signe de nécrose tissulaire, non spécifique du myocarde mais considéré comme sensible (dans les 2 premières heures).",Pharmacy,Understanding,True
2318,"Juliette M., 23 ans, enceinte de 8 mois, souffre depuis une semaine, d’une asthénie sévère et de douleurs abdominales intermittentes. Devant l’apparition d’une fièvre à 39°C, elle est hospitalisée dans un service de gynécologie. Quelques heures après la rupture prématurée des membranes, elle accouche. L’enfant de 2,3 kg, présente des signes d’infection, notamment une détresse respiratoire qui conduisent à son transfert en néonatalogie. Une hémoculture est réalisée chez la mère, lors de l’admission, ainsi que la culture du placenta et du liquide méconial permettent l’isolement d’un streptocoque du groupe B de Lancefield.",1,Quels sont habituellement l’origine et les modalités de contamination qui conduisent à une infection néonatale à streptocoque du groupe B ?,"Les streptocoques du groupe B sont des bactéries que l'on peut rencontrer dans la flore vaginale, en dehors de toute infection. Cest à partir de ce portage vaginal qu'il peut y avoir contamination du fœtus, habituellement en fin de grossesse (rupture prématurée des membranes) ou lors de l'accouchement. avec éventuellement, mais non systématiquement, développement d'une infection néonatale.",Pharmacy,Understanding,True
2330,"Une jeune femme âgée de 20 ans, consulte son médecin généraliste pour ictère. Il est noté le retour récent d’un voyage en Afrique tropicale. La patiente signale un malaise général ayant évolué plusieurs jours avant la survenue d’un ictère, avec fièvre, douleurs de l’hypochondre droit, anorexie et nausées. Les examens biologiques, prescrits par le médecin généraliste, donnent les résultats suivants :
 Sg Erythrocytes : 4,7 T/L
 Sg Leucocytes : 5 G/L
 Sg Hématocrite : 0,40
 Sg Hémoglobine : 115 g/L
 Se ALAT (TGP) 30°C SFBC : 800 UI/L
 Se ASAT (TGO) 30°C SFBC : 600 UI/L
 Pl Bilirubine totale : 50 micromol/L
 Pl Bilirubine conjuguée : 40 micromol/L
 Se Gamma GT : 70 UI/L",1,Commenter les résultats du bilan biologique. Interpréter le bilan hépatique.,"- Érythrocytes, leucocytes et hématocrite normaux
 - Hémoglobine légèrement diminuée
 - ALAT augmentée
 - ASAT augmentée
 - Bilirubine totale et conjuguée augmentées
 - Gamma GT augmentée.
 L'ensemble des valeurs des paramètres biochimiques est en faveur d'un syndrome de cytolyse aigu associé à un syndrome de cholestase.",Pharmacy,Reasoning,True
2352,"Une jeune femme de 22ans sédentaire, insuffisante cardiaque, traitée par digoxine (0,25mg/j) consulte son médecin traitant 2 semaines après une première consultation. Lors de celle-ci, il lui avait été prescrit 1g/j d’amoxicilline (en 2 prises) pendant 8 jours et du paracétamol 2 à 3g/j (selon la fièvre) pour une angine rouge fébrile. La fièvre ayant rapidement baissée, la malade a arrêté son traitement (contre l’angine) après 2 jours. Elle se plaint d’une oligurie et a des oedèmes au niveau des paupières et des membres inférieurs, et dit avoir pris 2kg en en une semaine (sans excès alimentaire). Le médecin trouve une tension artérielle à 130/70 mmHg, une fréquence cardiaque à 47/min et des oedèmes des jambes qui prennent le godet.
 Un bilan biologique fait le lendemain (à jeun), donne les résultats suivants :
 Pl Glucose : 5,2 mmol/L
 Pl Sodium 134 mmol/L
 Pl Potassium 4,4 mmol/L
 Pl Créatinine 135 μmol/L
 Pl Urée 8,4 mmol/L
 Sg Érythrocytes : 5,0 T/L
 Sg Leucocytes : 13,2 G/L
 Sg Thrombocytes : 326 G/L
 Se Protéines : 51 g/l
 Se Albumine : 25,5 g/L
 Se α1 globulines : 2,5g/L
 Se α2 globulines : 9,0 g/L
 Se β globulines : 7,0 g/L
 Se γ globulines : 7,0 g/L
 Se Cholestérol total : 7,2 mmol/L
 Se Triglycérides : 1,6 mmol/L
 dU Protéines 4,52g",1,Interpréter le bilan biologique.,"- Les paramètres augmentés par rapport aux valeurs usuelles sont : l’urée, la créatinine, les leucocytes, le cholestérol total, les triglycérides. La protéinurie est forte. Les α2 globulines sont à la limite supérieure.
 - Les paramètres diminués par rapport aux valeurs usuelles sont : le sodium (très légèrement), les protéines, l’albumine.
 - Les autres paramètres sont dans les valeurs usuelles.",Pharmacy,Reasoning,True
2369,"Monsier Eric B., connu et traité pour une cirrhose d’origine éthylique, est hospitalisé pour hématémèse qui justifie une transfusion. Après examen, on note une ascite importante et des oedèmes des membres inférieurs. Après ponction partielle de l’ascite, un traitement par furosémide (LASILIX) est instauré à raison de 120 mg par jour. Trois jours plus tard =, alors qu’il n’y a plus d’hématémèse, Monsieur B. présente des myoclonies et sombre dans le coma. Un bilan biologique est demandé. Les résultats sont les suivants :
 Pl Sodium : 128 mmol/L
 Pl Potassium : 2,5 mmol/L
 Pl Chlorure : 85 mmol/L
 SgA Bicarbonate : 32 mmol/L
 Pl Glucose : 3,7 mmol/L
 Se Protéines : 58 g/L
 Pl Urée : 2,0 mmol/L
 SgA pH : 7,48
 SgA pCO2 : 45 mm Hg
 SgA pO2 : 90 mm Hg
 Se Cholestérol : 3,1 mmol/L
 Pl Ammonium : 80 micromol/L
 Sg Hémoglobine : 102 g/L
 Sg Hématocrite : 35 %
 Sg Erythrocytes : 3,2 T/L",1,"Dans ce bilan biologique, quels sont les paramètre biologiques qui signent l’insuffisance hépatocellulaire ?","Diminution: urée plasmatique ; protéines plasmatiques ; cholestérolémie ; glycémie ; hémoglobine, hématocrite, érythrocytes. 
 Augmentation: ammoniémie.",Pharmacy,Understanding,True
2420,"Monsieur M.T. 72 ans, 85kg, présente une hypertension artérielle depuis plusieurs années. Son nouveau traitement consiste, en plus du régime pauvre en sel, en :
 -ZESTORÉTIC® : association fixe lisinopril/hydrochlorothiazide 20mg/12,5mg, 1 comprimé/j (cp).
 - LOXEN® 50LP (nicardipine) : 1cp 2 fois par jour
 - DIAMICRON® (gliclazide) : 1cp/j
 La différence par rapport au traitement précédent correspond à l’adjonction d’hydrochlorothiazide : remplacement de ZESTRIL® (20mg ;1cp/j) par ZESTORÉTIC®.
 Un bilan biologique a été effectué simultanément à l’instauration du nouveau traitement :
 Pl Sodium : 139mmol/L
 Pl Potassium : 4,2mmol/L
 Pl Chlorure : 98 mmol/L
 Se Cholestérol total : 6,5 mmol/L
 Se Cholestérol HDL : 2,6 mmol/L
 Se Protéines : 74 g/L
 Se Créatinine : 120 μmol/L
 Se urée : 6,2 mmol/L
 dU créatinine : 10,3 mmol",1,Commenter le bilan biologique.,"La cholestérolémie (particulièrement le cholestérol HDL) est supérieure aux valeurs normales (4,10-6,20 mmol/L pour le cholestérol total et 0,90-2,00 mmol/l pour le cholestérol HDL). Ce patient doit présenter un diabète de type 2 puisqu’il est traité par gliclazide, sulfamide hypoglycémiant. Des perturbations lipidiques sont souvent associées chez ces patients. La créatininémie est élevée (>60- 115 μmol/L chez l’homme) Cette valeur indique une altération de la fonction rénale, et ce d’autant plus qu’elle est observée chez une personne âgée.",Pharmacy,Reasoning,True
2430,"Brigitte V., âgée de 25 ans, est enceinte de 8 mois. Elle est fébrile depuis 3 jours. En raison du terme proche de la grossesse et de la persistance de la fièvre, son médecin décide de la faire hospitaliser. A l’admission, on réalise un prélèvement d’urine pour examen cytoBactériologique des urines (ECBU), deux hémocultures et une numération formule sanguine. Brigitte V. est traitée par AUGMENTIN (amoxicilline+ acide clavulanique).
 48 heures après son hospitalisation, l’accouchement se déclenche. Le liquide amniotique est trouble et l’enfant présente des signes de détresse respiratoire. Des prélèvements de liquide amniotique, de placenta et de liquide gastrique de l’enfant sont adressés au laboratoire de Bactériologie.
 La mère devient apyrétique après l’accouchement. Un traitement par CLAFORAN (céfotaxime) + NETROMYCINE (nétilmicine) est instauré chez l’enfant après son transfert en néonatalogie.
 L’examen direct Bactériologique réalisé sur des prélèvements de l’enfant révèle la présence de nombreux petits Bacilles à Gram positif d’aspect régulier. Les hémocultures de la mère révèlent la présence d’une Bactérie d’aspect identique.
 Autres résultats des prélèvements de la mère :
 ECBU :
 - Leucocytes <104/mL
 - Hématies < 104/mL
 - Absence de germes au Gram
 Sg Erythrocytes : 4,2 T/L
 Sg Leucocytes : 15 G/L avec 80% de polynucléaires neutrophiles",1,Commenter les résultats des examens biologiques réalisés chez la mère et l’enfant.,"L'ECBU réalisé chez la mère ne révèle pas de signes biologiques d'infection urinaire (pas de leucocyturie réactionnelle, pas de bactérie à l'examen direct). La NFS montre une légère hyperleucocytose à polynucléaires neutrophiles (concentration absolue de polynucléaires neutrophiles > 7,5 G/L. Le taux d'érythrocytes est à la limite inférieure de la normale. La présence de bacilles à Gram positif à l'examen des prélèvements réalisés chez la mère et l'enfant témoigne d'une infection bactérienne et conduit à évoquer une transmission materno-fœtale.",Pharmacy,Reasoning,True
2456,"Un homme de 30 ans, travaillant dans un laboratoire de fabrication de colorants, est présenté au service des urgences de l’hôpital. A l’admission, le patient, légèrement somnolent, avoue avoir ingéré volontairement, environ une heure auparavant un liquide contenant de l’aniline. Il se plaint de légères céphalées, mais ne présente pas de dyspnée. Le pouls est régulier (100/min). La pression artérielle est de 140/90mm de mercure. Il existe une cyanose du revêtement cutanéo-muqueux.
 Le bilan biologique pratiqué à l’entrée donne les résultats suivants :
 Sg A pH (37°C) : 7,40
 Sg A pCO2 : 5,3 kPa
 SgA pO2 : 13,0 kPa
 SgA Oxyhémoglobine/ Hémoglobine totale (SaO2) : 0,82 
 Sg Hémoglobine : 9,0 mmol/L
 Sg Méthémoglobine : 48%",1,Commenter les résultats biologiques,"pH, pCO2, pO2 et hémoglobine sont dans les valeurs normales alors que la Sa02 est abaissée. La méthémoglobinémie, exprimée en pourcentage de l'hémoglobine totale est très augmentée (normale < 1 %). Lors d'une méthémoglobinémie, les gaz du sang artériel, en dehors d'une pathologie associée, montrent une pO2 normale alors que la Sa02 est abaissée.",Pharmacy,Reasoning,True
2492,"Un sujet jeune de 25 ans, sexe masculin, taille 1,69m, poids 72 kg, consulte pour une hypertension artérielle 190/100 mm Hg découverte au cours d’une visite médicale du travail, ce patient n’ayant subi aucun traitement au préalable.
 Le médecin demande un bilan biologique. Les résultats sont les suivants : 
 Numération érythrocytaire : normale
 Numération et formule leucocytaire : normales
 Sg Hématocrite : 0,44
 Pl Sodium : 145 mmol/L
 Pl Potassium : 2,5 mmol/L
 Pl Chlorure : 100 mmol/L
 Pl CO2 total : 32 mmol/L
 Pl Urée : 4,9 mmol/L
 Pl Créatinine : 101 micromol/L
 Pl Calcium : 2,42 mmol/L
 Pl Glucose : 4,9 mmol/L
 Se protéines : 69 g/L
 Se Cholestérol total : 4,7 mmol/L
 Se Triglycérides : 0, 93 mmol/L
 Protéinurie : négatif
 Pl Rénine au repos : 2 ng/L (N :5-20 ng/L)
 Pl Rénine après une heure de marche : 2 ng/L (N :7-41 ng/L)
 Pl Aldostérone : 600 ng/L (N <125 ng/L)",1,Commenter le bilan biologique,"Le bilan hématologique est normal. Le bilan lipidique est normal. Tout le reste du bilan est normal sauf le bilan ionique: Le potassium plasmatique est inférieur à la normale, le CO2 total plasmatique est supérieur à la normale, et le sodium plasmatique est à la limite supérieure de la normale. On est donc en présence d'une hypokaliémie, sans variation de la volémie (hématocrite normal. taux normal des protéines plasmatiques), avec alcalose métabo-lique (à confirmer par une gazométrie).",Pharmacy,Reasoning,True
2504,"Monsieur G., 35 ans, non médicamenté, est hospitalisé pour un syndrome dépressif sévère, sans cause déclenchante évidente. Son état associe tristesse, pessimisme, ralentissement psychomoteur, troubles du sommeil, et de l’appétit dans un contexte d’autodépréciation et d’autoaccusation faisant redouter un risque suicidaire. Un traitement par clomipramine (ANAFRANIL) est instauré : 3 ampoules à 25 mg par jour en perfusion IV, puis après 10 jours de traitement, relais par voie orale : 1cp à 75 mg/jour.
 Au bout de six semaines de traitement, un bilan biologique pratiqué (à l’origine normal) montre les anomalies biologiques suivantes :
 Se ALAT : 209 UI/L
 Se ASAT : 103 UI/L
 Se Phosphatases alcalines : 153 UI/L
 Se GGT : 111 UI/L
 Ces anomalies conduisent à arrêter le traitement et à remplacer la clomipramine par la fluoxétine (PROZAC).",1,A quelle classe d’antidépresseurs appartient la clomipramine ?,La clomipramine appartient à la classe des antidépresseurs tricycliques (ou imipraminiques),Pharmacy,Understanding,True
2511,"Un homme de 59 ans est hospitalisé : il se plaint de malaises, de nausées et de pertes d’appétit et il est fébrile depuis une semaine. Dix ans auparavant, il a été opéré pour un pontage et la mise en place d’une valve cardiaque. A l’examen, la température corporelle est de 38°C, le pouls de 110 battements et la tension artérielle de 160-80 mm Hg.
 La radiographie pulmonaire et l’examen abdominal sont normaux. L’hémogramme donne les résultats suivants :
 Sg Hémoglobine : 83 g/L
 Sg Leucocytes : 15 G/L dont 63% de Polynucléaires neutrophiles.
 Sg Thrombocytes : 200 G/L
 Plusieurs hémocultures sont effectuées et mettent en évidence des diplocoques et des courtes chaînes à Gram positif.
 Un traitement à base de pénicilline G et de gentamicine est immédiatement instauré.",1,"En fonction du contexte clinique du patient, quelle pathologie peut-on évoquer le plus probablement ? Argumenter votre réponse.","La notion de pontage et de valve cardiaque, la fièvre, une fréquence cardiaque élevée, l'altération de l'état général et les hémocultures positives conduisent à évoquer une pathologie cardiaque infectieuse (endocardite)",Pharmacy,Reasoning,True
2516,"Monsieur B., âgé de 30 ans, VIH positif (antécédents de toxicomanie I.V.) est hospitalisé pour arthralgies diffuses dans un contexte d’hyperthermie à 39°C. Ce patient reçoit une trithérapie antirétro- virale incluant la zidovudine RETROVIR® à raison d’une gélule à 250 mg 2 fois par jour.
 Les 1ers épisodes d’arthralgies apparus il y a un an avaient été traités avec succès par un AINS. A l’hospitalisation, l’examen clinique révèle des tuméfactions des poignets, des épaules et des genoux, associées à une éruption cutanée maculeuse, non prurigineuse et fugace ; on note également des myalgies diffuses et une pharyngite non exsudative.
 Les résultats des examens biologiques pratiqués sont les suivants :
 Sg Erythrocyte 4,1 T/L
 Sg Hémoglobine 105 g/L
 Sg Hématocrite 0,35
 Sg Leucocytes 13,8 G/L (87,4 % de polynucléaires neutrophiles)
 Sg Vitesse de sédimentation érythrocytaire (1h) : 82 mm
 Sg VGM 85 fL
 Sg TCMH 25,5 pg
 Sg Thrombocytes 329 G/L
 Pl Taux du complexe prothrombinique : 83 %
 Pl Temps de céphaline activée : malade/témoin 38 secondes/32 secondes
 Se Fer sérique 6 μmol/L
 Se Transferrine 1,68 g/L
 Se Ferritine 1200 μg/L
 Se CK 14 UI/L (30°C-SFBC)
 Se LDH 841 UI/L (30°C-SFBC)
 Se ASAT/ALAT 115/112 UI/L (30°C-SFBC)
 Se PAL 120 UI/L (30°C-SFBC)
 Se GGT 57 UI/L (30°C-SFBC)
 Se Bilirubine totale 6 micromol/L
 Un traitement par de l’amoxicilline (CLAMOXYL®) à raison de 3 g/j par voie intra-veineuse, a été instauré dès son entrée à l’hôpital.
 Après 4 jours, aucune amélioration clinique, en particulier des douleurs, n’est constatée. En fonction du bilan infectieux (prélèvement de gorge négatif, hémocultures négatives, ECBU négatif, ponction du genou droit : prélèvement aseptique), le traitement est modifié. L’antibiothérapie est arrêtée. On prescrit à ce patient de l’indométacine (INDOCID®) 25 mg à raison de 2 gélules matin et midi, et 1 gélule le soir de CHRONO-INDOCID® 75. Au bout de 72 heures, on note un retour à l’apyrexie et une quasi-disparition de toute douleur articulaire.",1,Commenter les examens biologiques.,"Les anomalies biologiques sont les suivantes:
 - VS très accélérée.
 - Hyperleucocytose avec une augmentation (en valeur absolue) des polynucléaires neutrophiles. _
 - Erythrocytes, hémoglobine, TCMH, hématocrite, transferrine, fer sérique: valeurs inférieures à la normale. VGM normal.
 - Ferritine sérique très élevée.
 - LDH, ASAT, ALAT, GGT, PAL: valeurs supérieures à la normale.
 - CK normale
 Il existe un syndrome inflammatoire très intense (objectivé par la VS et la ferritinémie très augmentées) qui correspond vraisemblablement à une poussée aiguë de la maladie articulaire.
 L'anémie normocytaire hypochrome est d'origine inflammatoire (séquestration du fer dans les macrophages).
 On note également une légère cytolyse hépatique.",Pharmacy,Reasoning,True
2539,"Clémentine, âgée de 9 mois, est hospitalisée d’urgence pour vomissements et hyperthermie supérieure à 40°C persistant depuis plus de 24 h, en dépit d’un traitement antibiotique par PEDIAZOLE® (érythromycine + sulfamide) prescrit du fait d’une otite moyenne aiguë gauche.
 A l’admission, l’enfant est grognon, geignard, apathique et somnolent. Sa fontanelle est légèrement bombante. Son rythme cardiaque est à 170 battements par minute ; sa tension artérielle est à 90/50 mmHg. Il n’y a pas de purpura cutanéo-muqueux. L’examen otoscopique confirme l’otite moyenne aiguë. Parmi les examens complémentaires, on retient essentiellement les résultats suivants :
 Se Protéine C réactive 90mg/L
 Sg Leucocyte 20G/L
 (dont polynucléaires neutrophiles) 85 %
 LCR Protéines 1,2g/L
 LCR Glucose 1,1 mmol/L
 LCR Leucocytes 180 /mm3
 (dont polynucléaires neutrophiles) 95 %",1,"Quel diagnostic peut-on envisager, en fonction du contexte clinico-biologique évoqué ? Argumenter votre réponse.","On peut envisager une méningite bactérienne. Aucun élément clinique n'est réellement spécifique, bien qu'évoquant un syndrome infectieux. Les augmentations de la Protéine C Réactive et des leucocytes sanguins sont également en faveur d'une infection. La protéinorachie augmentée. la glycorachie diminuée, l'hyperleucocytose avec prédominance de polynucléaires neutrophiles au niveau du LCR orientent vers une méningite à bactérie pyogène.",Pharmacy,Reasoning,True
2575,"Monsieur B., 47 ans, ayant des antécédents d’éthylo-tabagisme chronique est admis en réanimation pour insuffisance respiratoire aiguë. Il a présenté brutalement en 24 heures une douleur baso-thoracique droite en coup de poignard avec une température de 39°C, des frissons et une detresse respiratoire nécessitant une incubation et une ventilation assistée. On retrouve à l’auscultation un foyer de râles crépitants et l’examen radiologique pulmonaire révèle une opacité homogène et systématisée du lobe inférieur droit.
 Après avoir pratiqué en urgence des prélèvements bactériologiques (3 hémocultures), un traitement antibiotique à base de pénicilline G par voie intra-veineuse à la posologie de 30 millions d’unités internationales par 24 h est entrepris.
 Les suites sont simples. La température a chuté en 48 heures à 37.6 ° C avec la récupération d’une ventilation spontanée.
 Sept jours d’hospitalisation, le malade présente une nouvelle détresse respiratoire avec une altération de l’état général (anurie, collapsus cardiovasculaire, frissons accompagnés de céphalées) et une remonté de la température à 39.1 ° C.
 Une ponction pleurale et 3 hémocultures sont pratiquées. Le traitement antibiotique est modifié et remplacé par l’association ciprofloxacine (800 mg/24h) et ceftazidime (4g/24h).
 Les résultats bactériologiques obtenus le lendemain montrent que Pseudomonas aeruginosa est responsable de cette infection.",1,Quel type de pneumopathie vous évoque le tableau clinique à l’entrée de Monsieur B ? Quelle bactérie en est le plus souvent responsable ? Justifier votre réponse et donner les principaux caractères de cette bactérie ?,"Pneumopathie franche lobaire aiguë évoquée par le début brutal, la douleur basothoracique « en coup de poignard », un foyer de râles crépitants à l'auscultation, une opacité homogène et systématisée du lobe inférieur droit à la radio, des frissons et la température élevée. D'autre part, le terrain (éthylo-tabagisme chez un homme d'une cinquantaine d'années) prédispose à ce type de pathologie. La bactérie le plus souvent rencontrée est Streptococcus pneumoniae (pneumocoque). C'est un diplocoque lancéolé « en flamme de bougie » à Gram positif, capsulé, anaérobie préférentiel cultivant sur milieu enrichi en atmosphère supplémentée en CO2 sous forme de colonies catalase négative.",Pharmacy,Reasoning,True
2580,"Mme Brigitte B. , âgée de 35 ans, consulte pour hirsutisme, prise pondérale, irrégularités menstruelles puis aménorrhée. Elle ne reçoit actuellement aucun traitement.
 A l’examen, elle a un excès pondéral net (1.60 m pour 75 kg) avec une répartition androïde de l’adiposité, une hypertension artérielle 170/100 mm Hg, une pilosité faciale, une peau parsemée de petites ecchymoses au niveau des hanches, de l’abdomen et des cuisses.
 Un bilan hydro-électrique sanguin est pratiqué. Les résultats sont les suivants :
 - Hématocrite 48%
 - Natrémie 143 mmol/L
 - Kaliémie 3 mmol/L
 - Glycémie à jeun 6.5 mmol/L
 Un bilan hormonal plasmatique de base est réalisé :
 - Cortisol 360 ng/mL (normales : 70 à 230 ng/mL à 8 heures)
 - Delta 4 androstènedione : 3 ng/mL (normales : 0.5 à 2 ng/mL)
 - 11β-OH delta 4 androstènedione 6.5 ng/mL (normales : 1 à 3 ng/mL) 
 - Testostérone 0.80 ng/mL (normales: 0.15 à 0.60 ng/mL)
 - 11 désoxycorticostérone 350 pg/mL (normales < 100 pg/mL)",1,"Compte-tenu des signes cliniques et biologiques présentés, de quel syndrome bioclinique souffre vraisemblablement la patiente ?","L'obésité androïde de la patiente. l'hirsutisme avec aménorrnée, les ecchymoses en rapport avec une fragilité capillaire augmentée peuvent faire penser à un hypercortisolisme. En fait les examens hormonaux et en particulier l'hypercortisolémie à 360 ng/mL orientent fortement le diagnostic vers un syndrôme de CUSHING. Bien que l'horaire du prélèvement ne soit pas précisé, la cortisolémie normale n'excède pas 230 ng/mL à 8 h (à 24h elle est inférieure à 60 ng/mL). Un traitement par les estroprogestatifs pourrait augmenter le cortisol (secondairement à l'augmentation de la CBG sous l'influence des estrogènes) jusqu'à la concentration rapportée, dans ce dossier (360 ng/mU, mais ici la patiente ne prend aucun traitement.",Pharmacy,Reasoning,True
2613,"Monsieur R.T. , 50 ans, est admis au service des urgences de l’hôpital pour une intoxication récente par l’éthylène glycol (EG) après absorption d’antigel (en quantité inconnue) en tant que substitut alcoolique. Ce patient a été hospitalisé à plusieurs reprises les 3 semaines précédentes pour des intoxications volontaires à l’alcool à brûler, l’acétone, le white-spirit et l’éthanol ; En dehors des troubles psychiatriques dont il souffre, ce patient connu du service ne présente pas d’hypertension artérielle, de diabète, de pathologie hépatique et rénale.
 A l’entrée aux urgences, Monsieur R.T est somnolent et présente une polypnée. Le bilan biologique à l’admission montre le résultat suivant :
 Pl Sodium : 131 mmol/L
 Pl Potassium : 5,3 mmol/L
 Pl Chlorure : 88 mmol/l
 Pl Calcium : 2,40 mmol/L
 Pl Créatinine : 105 􏰘mol/L
 Pl Glucose : 14,0 mmol/L
 Pl Urée : 6,5 mmol/L
 Se Protéines : 66 g/L
 Se Triglycérides : 1,40 mmol/L
 SgV Lactate : 1,80 mmol/L
 Sg A pH (à 37°C) : 6,94
 SgA pCO2 : 2,1 kPa soit 16mm Hg
 SgA pO2 : 12,1 kPa soit 91mm Hg
 SgA CO2 total : 6 mmol/L
 SgA bicarbonate : 5 mmol/L
 Pl Osmolalité : 326 mmol/kg d’eau
 Le dosage plasmatique de l’EG (méthode enzymatique d’urgence) relève une concentration de 2g/L (32,3 mmol/L), celui de l’éthanol, une concentration de 0,26g/L (5,5 mmol/L). l’examen cytologique de l’urine est normal ; il n’y a ni cétonurie, ni glucosurie, ni protéinurie.",1a,Quel trouble de l’équilibre acido-basique présente ce patient ? Justifier votre réponse.,"Ce patient présente une acidose métabolique caractérisée avec pH, pCO2, CO2 total et bicarbonates très diminués (la pCO2 est diminuée par le phénomène de compensation ventilatoire physiologique). Cette acidose métabolique comporte une augmentation du « trou anionique » (TA) . Celui-ci peut-être calculé selon plusieurs formules. En prenant la plus classique : (Na+ + K+)- (Cl- + CO2 total), on obtient chez ce patient :
 (131 + 5,3) – (88+6)=136,3-94= 42,3 mmol/L
 Cette valeur est nettement supérieure à 16 mmol/L (valeur limite supérieure du TA). Cette acidose métabolique s’accompagne d’une hyperkaliémie.",Pharmacy,Reasoning,True
2654,"Un homme de 50 ans, 85 kg, 1.65m, diabétique non insulino-dépendant, hypertendu modéré, est traité par CATAPRESSAN® (2 comprimés/24h) SECTRAL® 200 (1 comprimé le matin) et GLUCOPHAGE RETARD® (2 comprimés/24 h)
 Les résultats de son bilan biologique sont les suivants :
 Pl Glucose à jeun 9.5 mmol/L
 Se Cholestérol total 5.6 mmol/L
 Se Cholestérol HDL 0.80 mmol/L
 Se Triglycérides 3.50 mmol/L
 Sg Hémoglobine glyquées 9.1%
 dU Microalbumine 105 mg
 dU Glucose 30mmol/L
 Une nuit, le malade présente un accès brutal dyspnéique paroxystique ; l’examen clinique révèle un bruit de galop gauche, des râles crépitants aux bases pulmonaires, une tension artérielle à 220/130 mm Hg ainsi qu’une tachycardie à 115 battements par minute. Le diagnostic posé est celui d’un accès hypertensif avec poussée d’insuffisance ventriculaire gauche. L’interrogatoire précise une interruption du traitement depuis 48 heures.",1,Interpréter les résultats des examens biologiques.,"- Glycémie élevée, glycosurie et augmentation des Hb glyquées: mauvaise adaptation de la thérapeutique
 - Augmentation des triglycérides (défaut tissulaire en insuline 􏰀 baisse de l'activité lipasique) et baisse des HDL (défaut de catabolisme des VLDL) .
 - Cholestérol total normal
 - Microalbuminurie augmentée: marqueur précoce d'une atteinte glomérulaire.
 Existe-t-il une insuffisance rénale? Nécessité du dosage de l'urée et de la créatinine.",Pharmacy,Reasoning,True
2672,"Monsieur D... est hospitalisé il y a 15 ans pour une crise convulsive survenue au cours d’une angine. Le scanner et l’électroencéphalogramme ne montrent pas d’anomalie. La crise convulsive est mise sur le compte d’une hyperthermie et le malade est traité par la DEPAKINE® (valproate de sodium) 2 comprimés/jour.
 Quatre ans après, pendant un séjour à la montagne (sports d’hiver) le malade est très fatigué et présente des périodes de nausées et de vomissements surtout après effort.
 Six mois après, l’asthénie s’accroît associé à un amaigrissement de 4 kg en une semaine, avec des nausées et un épisode de diarrhées et de vomissements.
 Devant une hypotension (tension artérielle <100 mm hg) un bilan biologique est prescrit en ville : kaliémie = 5.6mmol/L, glycémie = 2.7mmol/L
 Quelques jours plus tard, il arrive aux urgences de l’hôpital avec une tension artérielle 90/60 mm hg, une fièvre à 38.3°C, des vomissements abondants. La natrémie est à 111mmol/L, la kaliémie est à 6mmol/L. Il est hospitalisé en réanimation. Les dosages hormonaux donnant les résultats suivants :
 Cortisolémie : 20ng/mL à 8h (normales : 70 à 250 ng/mL à 8h)
 Cortisolurie : 10μg/24h (normales : 15 à 100 μg/24h)
 Aldostéronémie : <10pg/mL en position couchée (normales 12 à 125 pg/mL)
 Activité rénine plasmatique : 120 ng/mL/h en position couchée (normales : 0.25 à 3.25ng/mL/h)",1,Préciser la nature du trouble hypothalamo-hypophyso-surrénalien.,"Une cortisolémie effondrée à 8 heures est synonyme d'une insuffisance surrénalienne. La cortisolurie est en accord avec la cortisolémie. L'aldostéronémie est également effondrée dans les insuffisances surrénaliennes primaires. En réponse à l'aldostéronémie effondrée, l'activité rénine plasmatique (ARP) est très augmentée.",Pharmacy,Reasoning,True
2695,"Un homme de 51 ans, pesant 75kg, sans antécédent éthylique est admis aux urgences 3 heures après ingestion de 600mL d’antigel. A son arrivée dans le service, sa tension artérielle est de 158- 96mmHg, sa fréquence cardiaque 128/min, sa fréquence ventilatoire 28/min. Il présente des troubles digestifs, des signes d’ataxie, une dysarthrie et une léthargie.
 Le bilan biologique est le suivant :
 Pl-sodium : 152 mmol/L
 Pl-potassium : 4 mmol/L
 Pl-chlorure : 101 mmol/L
 Pl-CO2 total: 10 mmol/L
 Pl-urée: 5,7 mmol/L
 Pl-calcium: 2,3 mmol/L
 SgA-pH (37°C) :7,18
 SgA-PCO2 : 14 mmHg
 SgA-bicarbonate : 9 mmol/L
 SgA-PO2 : 91mmHg
 Pl-osmolarité mesurée : 422 mmol/L
 Pl-osmolarité calculée : 312 mmol/L
 SgA-éthylène glycol : 6,5g/L",1,Commentez le bilan biologique et cardio-respiratoire.,"Les paramètres suivants sont augmentés:
 . Pl - Sodium,
 . Pl - Osmolarité.
 Les paramètres suivants sont diminués:
 . Pl - C02 total,
 . SgA - pH (37°C),
 . SgA - PC02,
 . SgA - Bicarbonate.
 Tachypnée - tachycardie.",Pharmacy,Reasoning,True
2739,"Un homme de 55 ans, fumeur, hypertendu, est adressé aux urgences pour une difficulté respiratoire intense. Son histoire a commencé 15 heures auparavant par une douleur thoracique latérale gauche, rapidement suivie de frissons, de toux, puis d’une sensation d’essoufflement de repos qui va en s’aggravant. Il a très mal dormi, avec une fièvre à 39 °C malgré une prise d’aspirine. À l’examen, on constate une fréquence respiratoire à 45/min, une cyanose intense. Le patient a du mal à répondre aux questions, il est confus et somnolent. À l’auscultation pulmonaire, on note des râles crépitants dans les deux champs pulmonaires et un souffle tubaire à gauche. Sa température est à 40 °C. La pression artérielle est à 95/60 mmHg et la fréquence cardiaque est à 140/min, la saturation percutanée en O2 à 75 % en air ambiant.",1,Quels sont les signes de gravité de cette insuffisance respiratoire aiguë ?,"Polypnée à 45/min, cyanose intense, confusion (atteinte neurologique), état de choc (hypotension à 95/60 mmHg chez un hypertendu), tachycardie à 140/min.",Intensive Care,Reasoning,True
2746,"M. Z., 42 ans, consulte un matin aux urgences pour des manifestations cliniques apparues la nuit précédente, inhabituelles : il présente en effet des céphalées, des acouphènes et des douleurs de l’orbite droite ainsi que des difficultés à la préhension par « faiblesse » de l’hémicorps gauche. Le patient n’a pas d’antécédents médicaux, il est très sportif, et a achevé un raid en 4x4 dans le désert tunisien il y a une semaine. L’aspirine qu’il a prise en automédication soulage transitoirement les céphalalgies. À l’examen, il est apyrétique, angoissé, sa pression artérielle est à 160/80 mmHg, sa fréquence cardiaque est à 100 c/min, sa fréquence respiratoire à 20 c/min. Au cours de l’examen neurologique, qui révèle l’existence d’un déficit moteur partiel à prédominance brachiofaciale gauche avec syndrome pyramidal au membre supérieur gauche, le patient confirme que les difficultés à la marche sont apparues 4 heures après les douleurs céphaliques. Ces dernières peuvent être séparées en douleurs fronto-orbitaires et cervicales droites. À l’analyse des fonctions des paires crâniennes, il y a une réduction de la fente palpébrale à droite sans anisocorie, les pupilles sont normalement réactives ; en revanche, dans l’obscurité, la pupille gauche dilate normalement, tandis que la droite reste en myosis. Il existe une discrète atteinte du VII inférieur gauche et du XII droit. Il n’y a pas eu d’amaurose.",2,Quelle(s) étiologie(s) doit-on évoquer ? Faut-il réorienter l’interrogatoire ?,"Il s’agit donc ici d’une dissection de l’artère carotide interne extracrânienne avec un premier accident vasculaire ischémique embolique dans l’artère cérébrale moyenne droite. La notion de douleur cervicale puis d’embolie doit faire évoquer l’existence possible d’un anévrisme. L’interrogatoire doit être réorienté vers la recherche d’un traumatisme local passé inaperçu : en l’espèce, il s’agissait d’un traumatisme local par la ceinture de sécurité survenu une quinzaine de jours auparavant lors d’une sortie de route en 4x4 au cours du séjour dans le désert tunisien.",Intensive Care,Reasoning,True
2749,"Une femme de 42 ans, ayant un diabète insulinodépendant depuis 4 ans, est adressée par son médecin traitant pour une asthénie intense. Lors de la prise en charge par le SMUR, la température est à 38 °C, la fréquence cardiaque à 125/min, la pression artérielle à 70/40 mmHg. Depuis plusieurs jours, la patiente présente une polydipsie. Son traitement habituel comportait 18 U d’insuline retard matin et soir et il est précisé qu’elle ne surveillait plus ses glycémies depuis 6 mois environ. Dans ses antécédents, outre deux grossesses menées à terme sans problème, on note une appendicectomie compliquée d’une suppuration de paroi ayant entraîné la découverte du diabète et une pneumonie atypique il y a un an. À l’arrivée dans la salle d’urgence du service de réanimation, un flacon de 500 mL d’un soluté macromoléculaire est pratiquement terminé. La pression artérielle est à 110/60 mmHg, la fréquence cardiaque est à 135/min. Il persiste des marbrures au niveau des membres inférieurs. La fréquence respiratoire est à 30/min avec une odeur acétonique de l’haleine. L’auscultation du thorax ne révèle aucune anomalie. La peau garde le pli, la face interne des joues est sèche. Le reste de l’examen clinique est sans anomalie, en particulier sur le plan neurologique. L’analyse d’urine après sondage montre une glycosurie et une cétonurie massives. Le prélèvement sanguin artériel réalisé aux urgences donne les résultats suivants : pH = 7,03 ; PaCO2 = 9,8 mmHg ; PaO2 = 132 mmHg sans apport d’oxygène ; bicarbonates = 2,4 mmol/L ; SaO2 = 97 % ; glucose = 42 mmol/L ; urée = 10,3 mmol/L ; créatinine = 213 μmol/L ; Na = 132 mmol/L ; Cl = 94 mmol/L ; K = 5 mmol/L ; protéines = 79 g/L ; hématocrite = 51 % ; acide lactique = 4,2 mmol/L. L’ECG et la radiographie du thorax sont normaux.",1,Quel est votre diagnostic ?,"Il s’agit d’une acidocétose diabétique. Ce diagnostic est fortement évoqué par le terrain (diabétique insulinodépendante) et par la clinique (dyspnée d’acidose, déshydratation globale, odeur acétonique de l’haleine). Il est confirmé par les examens biologiques : glycosurie et cétonurie massives, hyperglycémie (> 20 mmol/L), acidose métabolique (pH < 7,20). Le facteur déclenchant n’est pas évident : au premier abord, on évoque une négligence dans la surveillance des glycémies et un défaut d’adaptation de l’insulinothérapie aux besoins. On recherchera systématiquement chez cette femme une infection urinaire ou une grossesse.",Intensive Care,Reasoning,True
2755,"M. Le V. Joseph est amené aux urgences par une ambulance privée, accompagné par une jeune femme qui est son employée de maison. L’ambulancier vous remet un mot du médecin de garde. « Mon cher Confrère, Je fais hospitaliser M. Le V. Joseph, âgé de 78 ans, que je vois ce soir pour la première fois. Il vit seul. L’employée de maison qui s’occupe de lui m’a appelé vers 20 heures car il proférait des propos incohérents et avait manifestement de la fièvre. M. Le V. est effectivement très obnubilé, mais réagit de façon adaptée aux stimuli nociceptifs ; le cutané plantaire est normal. La pression artérielle est à 165-95, le pouls à 115 ; je n’ai pas pu prendre la température mais il est chaud et transpire beaucoup. Il est très dyspnéique avec des ronchi et des crépitants à droite. Dans le doute, je lui ai fait 40 mg de Lasilix IV avant le transfert, sans effet bénéfique évident. Merci de ce que vous ferez pour lui et bien confraternellement. » Interrogatoire de l’employée de maison : celle-ci travaille 3 fois par semaine chez lui depuis 2 ans. M. Le V. est retraité d’une industrie d’armement, il est veuf, vit seul, son fils vivant en région parisienne. Il fume un paquet de cigarettes tous les deux jours, boit modérément du vin, a une activité physique et intellectuelle très limitée. Il ne prend aucun traitement et n’a pas été hospitalisé récemment. Depuis plusieurs jours, il toussait beaucoup mais ne voulait pas aller chez le médecin. Depuis avant-hier, il est essoufflé, transpire, reste alité. Il n’a pas vomi. Examen clinique : le patient ne sait pas la date ni où il est et profère des propos incohérents. Les pupilles sont symétriques et réactives en position intermédiaire. Il n’y a pas de signe de localisation neurologique, mais une certaine hypertonie d’opposition. Polypnée à 26/min, ronchi bilatéraux et foyer de râles crépitants à la base droite, cyanose peu marquée, pas de balancement abdominal. Pression artérielle à 165/95 mmHg, pouls à 120/min, pas de marbrures, pas d’anomalie auscultatoire cardiaque. Pas de pli cutané. Langue sèche, globes oculaires hypotoniques. L’abdomen est sans particularité clinique. La température est de 38,8 °C. La gorge est normale.",1,"À partir des éléments de l’observation, formulez un résumé syndromique et vos hypothèses diagnostiques. Rassemblez les signes de gravité.","Syndrome confusionnel de survenue très récente dans un contexte de difficultés respiratoires et d’hyperthermie. Les signes de gravité sont : l’apparition apparemment récente du syndrome confusionnel, la fréquence respiratoire à 26/min associée à une cyanose. Les hypothèses diagnostiques sont : une pneumonie (toux et foyer de la base pulmonaire droite avec hyperthermie) ; une insuffisance respiratoire aiguë ; une déshydratation intracellulaire.",Intensive Care,Reasoning,True
2761,"Un patient de 40 ans est admis en réanimation pour convulsions. Depuis plusieurs jours, il a présenté des vomissements itératifs avec intolérance alimentaire complète sauf pour l’eau, dont il a bu des quantités abondantes. Les pompiers ont été appelés à son domicile du fait d’une probable crise convulsive. Il a été amené aux urgences de l’hôpital où trois nouvelles crises convulsives subintrantes, sans reprise de conscience, ont motivé l’intubation et la ventilation mécanique et son admission en réanimation. À l’entrée dans le service, les yeux sont fermés, il n’obéit pas aux ordres simples, il a une ébauche de retrait aux stimuli nociceptifs (le patient a reçu plusieurs injections de Rivotril pour faire céder les crises convulsives). Il n’y a pas de signes de localisation. La pression artérielle est à 85/50 mmHg, la fréquence cardiaque est à 110/min. Il n’y a pas d’œdèmes ni de turgescence jugulaire. Il existe une dénutrition modérée. La biologie sanguine montre : Na = 112 mmol/L, K = 2 mmol/L, Cl = 58 mmol/L, protéines = 77 g/L, urée = 22 mmol/L, créatinine = 180 μmol/L, glucose = 4,8 mmol/L, pH artériel = 7,60, PaCO2 = 50 mmHg, bicarbonates = 49 mmol/L. Aspect du sérum sans particularité. Biologie urinaire : Na = 16 mmol/L, K = 9 mmol/L, urée = 280 mmol/L. Dans les antécédents, on relève un alcoolisme chronique sévère, et de nombreux épisodes de vomissements attribués à une œsophagite sur hernie hiatale.",2,"Quelle est la vitesse de correction que vous souhaiteriez appliquer à cette hyponatrémie, et pourquoi ?","Les signes neurologiques traduisent une mauvaise tolérance de l’hyponatrémie et indiquent de faire remonter de façon rapide la natrémie dans les premières heures. Néanmoins, il s’agit d’une remontée rapide qui ne doit pas être excessive : une augmentation de la natrémie de 4 à 6 mmol/L sont largement suffisantes dans les trois à six premières heures. En revanche, l’augmentation totale de la natrémie ne devrait pas excéder 10 à 12 mmol/L dans les premières 24 heures et si possible 18 mmol/L dans les premières 48 heures. Les risques en cas de sous-correction sont l’aggravation des signes neurologiques, due à l’augmentation du volume cérébral, et en cas de surcorrection, la survenue retardée d’une myélinolyse centropontine.",Intensive Care,Reasoning,True
2766,"Un homme de 74 ans est hospitalisé en urgence en réanimation pour une hyperkaliémie sévère, découverte en ville à l’occasion d’un ionogramme plasmatique demandé par son médecin du fait d’une asthénie. Dans ses antécédents, on retrouve un diabète non insulinodépendant apparemment non compliqué traité par régime seul, et une hypertension artérielle (chiffres inconnus) traitée par un inhibiteur de l’enzyme de conversion (doses inconnues). Récemment est survenue une crise de goutte du gros orteil pour laquelle il a reçu de la colchicine. Ce médicament ayant entraîné une diarrhée profuse, il a été remplacé par un anti-inflammatoire non stéroïdien. L’examen clinique est sans particularité (il n’existe notamment aucun signe d’insuffisance cardiaque, ni de signe clinique évident de déshydratation extracellulaire), en dehors d’une pression artérielle à 90/50 mmHg et d’une fréquence cardiaque à 110/min. Le malade n’urine pas et il n’a pas de globe vésical. Les examens biologiques sanguins à l’entrée montrent : Na = 133 mmol/L, K = 8,3 mmol/L, Cl = 110 mmol/L, protéines = 68 g/L, urée = 47 mmol/L, créatinine = 370 μmol/L, pH artériel = 7,36, PaCO2 = 28 mmHg, bicarbonates = 15 mmol/L. Un ECG est pratiqué en urgence (Fig. 4).",3,"Après une heure, sous l’effet du traitement entrepris en urgence, la kaliémie est à 7,1 mmol/L et la durée des complexes QRS est de 80 ms. Quel traitement proposez-vous ?","Administration de Kayexalate (une dose de 30 g), poursuite de la restauration du volume extracellulaire. Ne pas poursuivre le traitement par l’IEC et l’AINS.",Intensive Care,Reasoning,True
2768,"Monsieur M., 45 ans, est amené par son épouse aux urgences le 10 janvier car il présente des vomissements et des propos incohérents. L’examen clinique à l’entrée montre un patient somnolent mais réveillable. Aucun syndrome déficitaire neurologique n’est retrouvé. Les réflexes ostéotendineux sont vifs, les pupilles sont réactives, intermédiaires. L’interrogatoire révèle une désorientation temporospatiale. La température est à 38,2 °C, le pouls à 93/min, la pression artérielle à 130/80 mmHg, le rythme respiratoire à 28/min et la SpO2 à 95 %. On note un ictère cutanéomuqueux bien visible aux conjonctives. L’examen abdominal est sans particularité, les fosses lombaires sont libres et 250 mL d’urines sont obtenus au sondage vésical. L’interrogatoire de l’entourage rapporte que les premiers symptômes sont apparus voici 6 jours avec un syndrome grippal (fièvre et arthralgies), puis des douleurs abdominales et des céphalées rebelles aux antalgiques habituels. Le patient a pris de l’Efferalgan en quantité non précisée mais à plusieurs reprises depuis 3 jours. Il a vomi deux fois et à présenté une diarrhée hier soir. Il ne s’alimente plus depuis 24 heures. Selon son épouse, M. M. est en bonne santé par ailleurs, il ne prend aucun traitement de manière habituelle, ne fume pas. Suite à un accident de la circulation à l’étranger, il a été opéré d’une fracture du fémur (ostéosynthèse) au mois de novembre précédent. Il occupe un emploi sédentaire dans une administration. Son dernier déplacement remonte aux fêtes de Noël, où il s’est rendu en Bretagne.",1,"Devant ce tableau, quelles sont vos hypothèses diagnostiques et quels examens complémentaires réalisez-vous en urgence ?","Le tableau digestif avec ictère et fièvre doit faire évoquer soit une pathologie biliaire, même en l’absence de douleurs abdominales, soit une pathologie hépatique. Il est donc nécessaire d’explorer le foie et les voies biliaires par des tests biologiques des fonctions hépatiques et de la coagulation, et une échographie abdominale afin de préciser la taille et l’aspect du parenchyme hépatique, ainsi que l’aspect de la vésicule et des voies biliaires.",Intensive Care,Reasoning,True
2774,"Un homme de 52 ans, sans antécédent notable, est adressé aux urgences pour asthénie et nausées. L’interrogatoire date le début des symptômes à une quinzaine de jours. L’examen note une discrète confusion chez un malade bien orienté. La température est à 37,4 °C, la fréquence cardiaque est à 91/min, et la pression artérielle à 130/80 mmHg. L’examen cardiovasculaire, pulmonaire, neurologique et de l’abdomen ne trouve aucune anomalie. Les examens biologiques montrent : hématies = 4 400 000/mm3, urée = 31,5 mmol/L, créatinine = 755 μmol/L, Ca = 2,2 mmol/L, taux de prothrombine = 90 %, K = 5,5 mmol/L, Na = 131 mmol/L, bicarbonates = 17 mmol/L. Les gaz du sang en air ambiant montrent : pH = 7,38, PaCO2 = 25 mmHg, PaO2 = 106 mmHg.",1,Résumez les problèmes posés par ce patient.,Ce patient présente une insuffisance rénale avec hyperkaliémie modérée et acidose métabolique.,Intensive Care,Reasoning,True
2779,"Une patiente de 35 ans est hospitalisée aux urgences à 2 heures du matin pour suspicion d’intoxication par médicaments et alcool. À la suite d’une dispute conjugale, et après avoir consommé une quantité importante de vin, Mme M. s’est enfermée dans sa chambre vers 22 heures. Son mari, n’arrivant pas à la réveiller, a appelé le SAMU, qui a découvert à ses côtés deux boîtes vides de Lexomil (correspondant à 260 mg de bromazépam) et une d’Anafranil (soit 1,5 g de clomipramine). À l’admission aux urgences, la patiente est très somnolente, mais réactive aux fortes stimulations nociceptives. La pression artérielle est à 120/80 mmHg, la fréquence cardiaque est régulière à 110/min, la respiration à 14/min, sans encombrement, la SpO2 est à 96 % en air ambiant. L’haleine sent l’alcool. La température est à 37 °C. L’auscultation cardiaque et pulmonaire ne montre pas d’anomalie. Sur le plan neurologique, la conscience est fluctuante, passant de phases de somnolence à des périodes d’agitation, les réflexes ostéotendineux sont vifs et symétriques, les réflexes cutanés plantaires en flexion. Il n’y a pas de déficit moteur et les pupilles sont en mydriase, réactives à la lumière. Sur le plan cutané, on note des érythèmes aux parties déclives, talons et fesses. L’examen de l’abdomen montre une voussure hypogastrique. Le bilan sanguin montre : urée = 5 mmol/L, créatinine = 80 μmol/L, glycémie = 5 mmol/L, Na = 140 mmol/L, Cl = 103 mmol/L, K = 4,2 mmol/L, osmolarité = 310 mOsm/L, hématocrite = 40 %, ASAT = 50 UI/L, ALAT = 30 UI/L, LDH = 250 UI/L, CPK = 1 500 UI/L. Radiographie thoracique : transparence normale des deux plages pulmonaires sans opacité pathologique. ECG : rythme sinusal régulier à 110/min, AQRS à +60°, durée de P = 80 ms, PQ = 140 ms, QRS = 80 ms, QT = 300 ms (pour un QT théorique à 300 ms), pas d’autre anomalie. Vous retenez le diagnostic d’intoxication volontaire.",1,"Parmi les symptômes présentés, lesquels sont en faveur d’une intoxication respectivement par benzodiazépines, par antidépresseurs, par alcool ? À ce stade, quelle est votre attitude thérapeutique ?","Symptômes en faveur d’une intoxication par benzodiazépines : troubles de la conscience avec phases de somnolence ; par antidépresseurs : troubles de la conscience avec phases d’agitation, signes anticholinergiques, tachycardie sinusale, mydriase, globe vésical ; par alcool : haleine évocatrice, variabilité des troubles de la conscience et élévation de l’osmolarité.",Intensive Care,Reasoning,True
2784,"Un patient de 55 ans est admis en réanimation pour intoxication médicamenteuse. Antécédents : hypertension artérielle traitée par Avlocardyl, 160 mg/jour. À la suite d’une dispute familiale, il a ingéré devant son épouse la totalité des comprimés de deux boîtes d’Avlocardyl 40 mg (soit 4 g de propranolol). Le SMUR est appelé au domicile deux heures après la prise médicamenteuse. Au domicile, l’examen clinique est le suivant : pression artérielle à 100/80 mmHg, rythme cardiaque régulier à 55/min, fréquence respiratoire à 15/min, SpO2 à 96 % en air ambiant. Le médecin du SMUR décide de poser une voie veineuse périphérique et d’effectuer pendant le transport un monitorage de l’électrocardiogramme et de la pression artérielle.",1,"À ce stade, quels sont les critères de gravité et les risques ?","Il s’agit d’une intoxication potentiellement grave par une quantité importante de bêtabloquant (Avlocardyl). Du fait de l’absorption digestive rapide, des complications potentiellement fatales peuvent survenir très précocement (dans les 2 heures) : arrêt cardiaque, choc ou collapsus, troubles graves du rythme cardiaque, troubles de la conduction cardiaque. La constatation initiale d’un examen normal ne doit pas faire sous- estimer le risque d’une complication potentiellement mortelle pendant le transport. Le patient sera adressé vers une structure ayant le plateau technique pour assurer la prise en charge et traiter les complications éventuelles (urgences, soins intensifs ou réanimation selon la sévérité). Pendant le transport, une voie veineuse et la surveillance de l’ECG et de la pression artérielle sont absolument justifiées, la constatation de la moindre anomalie nécessitant la mise en œuvre immédiate d’un traitement adapté.",Intensive Care,Reasoning,True
2789,"Depuis 2 mois, cette patiente de 83 ans se plaint d’une douleur dorsale paravertébrale droite avec une douleur intercostale droite antérieure dans le 6e espace intercostal, de survenue nocturne (4 à 5 h du matin), accompagnée de paresthésies dans le même territoire. Il n’y a pas d’atteinte de l’état général autre que celle liée à l’insomnie, responsable de la perte de l’appétit. Il s’agit d’une personne veuve et vivant seule. Elle est capable de faire ses courses, de cuisiner, elle lit beaucoup, tricote, regarde la télévision. Un bilan médical complet va retenir l’existence d’un cancer secondaire des os avec, à la scintigraphie, des images d’ostéolyse diffuses au niveau du crâne, des 6e et 7e vertèbres lombaires ainsi qu’au niveau du bassin et du col fémoral droit. Malgré la poursuite du bilan, le cancer primitif ne peut être trouvé, la biopsie osseuse montrant un cancer indifférencié. Dans les antécédents, on note : un ulcère de l’estomac diagnostiqué à l’âge de 45 ans, traité mais sans symptômes depuis, une hypertension artérielle modérée et bien stabilisée par un traitement à base d’inhibiteur de l’enzyme de conversion que la patiente prend depuis 4 ans, une hystérectomie pratiquée 8 ans auparavant pour métrorragies (pas de cellules suspectes à l’examen anatomopathologique). Un traitement antalgique doit être instauré.",2,"Si vous prescrivez des morphinomimétiques, lesquels utilisez-vous, par quelle voie et à quelle dose ?","Dans le cas particulier d’un traitement antalgique au long cours, il n’y a pas d’argument pharmacologique imposant un morphinomimétique plutôt qu’un autre. On propose la morphine dont la pharmacologie est bien connue et permet de réaliser une titration par voie intraveineuse. Pour débuter un traitement à la morphine, on réalise une titration intraveineuse : injection d’une dose de 0,1 mg/kg puis, si l’effet analgésique souhaité n’est pas obtenu, injection de 2 mg toutes les 15 minutes que l’on peut répéter jusqu’à une dose totale de 0,15 mg/kg. Par la suite, les doses pourront être augmentées mais les risques d’effets secondaires sont accrus. Dès que possible, le relais sera pris par la forme orale de morphine (Moscontin, Skénan) en administrant 2 fois par jour la dose journalière nécessaire sur 24 heures pour obtenir l’analgésie.",Intensive Care,Understanding,True
2794,"Un patient de 45 ans est adressé par son médecin traitant aux urgences pour hyperthermie, dyspnée et toux évoluant depuis plus de 72 heures malgré un traitement par Augmentin et Solumédrol. À l’examen, on note : température à 39,5 °C, fréquence respiratoire à 35/min, pression artérielle à 90/50 mmHg, fréquence cardiaque à 130/min. À l’auscultation pulmonaire, on note des râles crépitants dans les 2 champs mais ceux-ci prédominent à gauche où on perçoit aussi un souffle tubaire. La percussion montre une matité à gauche avec augmentation de la transmission des vibrations vocales. La toux est grasse mais peu productive. La saturation percutanée en oxygène est mesurée à 60 % en air ambiant. Les bruits du cœur sont réguliers sans souffle audible. Il n’y a pas de signe d’insuffisance cardiaque droite ou gauche et l’examen des membres inférieurs est sans particularité. Les examens complémentaires montrent les résultats suivants :– ECG : rythme régulier et sinusal sans troubles de la conduction ; – biologie : Na = 126 mmol/L, K = 4,8 mmol/L, Cl = 91 mmol/L, protéines = 73 g/L, créatinine = 111 μmol/L, urée = 12 mmol/L, glycémie = 8,2 mmol/L, CPK = 1 295 UI/L, ALAT = 88 UI/L, ASAT = 58 UI/L, bilirubine totale = 19 μmol/L, CRP = 350 mg/L, leucocytes = 17 800/mm3, hématies = 4 000 000/mm3, hémoglobine = 12,8 g/100 mL, hématocrite = 37,6 %, plaquettes = 289 000/mm3 ; – gaz du sang (sous O2 à 6 L/minute) : pH = 7,53, PaO2 = 45,7 mmHg, PaCO2 = 27 mmHg, SaO2 = 83,8 %, bicarbonates = 24 mmol/L.",1,Quel diagnostic évoquez-vous ?,Pneumonie multilobaire à prédominance gauche.,Intensive Care,Reasoning,True
2800,"Un patient de 68 ans, retraité, se présente aux urgences deux heures après la survenue d’une perte de connaissance brève alors qu’il se levait pour éteindre la télévision, vers 18 heures. Le patient se souvient s’être levé puis s’être retrouvé à terre sans pouvoir définir la durée de perte de connaissance, a priori brève. Il était seul dans l’appartement, sa femme étant au travail, mais son fils qui habite à l’étage inférieur, alerté par le bruit de la chute, a retrouvé son père par terre à côté du fauteuil où il était assis, conscient mais ne comprenant pas ce qui lui était arrivé. Il décide alors de l’emmener à l’hôpital pour pratiquer un bilan. À l’arrivée aux urgences, le patient est en parfait état de santé, bien orienté. Il raconte qu’il a passé sa journée devant la télévision, car depuis quelques jours, il se sent grippé : toux, sensations de fièvre, frissons, catarrhe rhinopharyngé. Il existe des troubles digestifs depuis 3 jours. Il n’a pas consulté de médecin et se contente d’une automédication à base de sirop contre la toux et de comprimés contre la fièvre, trouvés dans l’armoire à pharmacie familiale. Il ne prend pas de traitement au long cours et ne se connaît pas de pathologie chronique : HTA, diabète, hypercholestérolémie. Mais il n’a pas vu de médecin depuis 10 ans. Retraité de la fonction publique depuis 3 ans, il n’a pas repris d’activité, ne fait pas de sport à part de la marche, il ne fume plus depuis sa retraite. Il a fumé 20 paquets/année. Il n’a aucune plainte fonctionnelle habituelle. L’examen clinique retrouve une pression artérielle à 130/70 mmHg, une fréquence cardiaque à 75/min, une fréquence respiratoire à 12/min, une température à 38 °C.",2,Quels signes cliniques recherchez-vous spécifiquement ?,"Pression artérielle et fréquence cardiaque debout et couché. Signes de localisation neurologiques, pertes d’urine et morsure de langue. Type des troubles digestifs récents (diarrhée, vomissements). Signes cliniques de phlébite des membres inférieurs.",Intensive Care,Reasoning,True
2803,"Monsieur G., âgé de 48 ans, est amené aux urgences par les pompiers après une crise d’épilepsie tonicoclonique généralisée survenue sur la voie publique. Dans les antécédents, on relève un éthylisme chronique avec un sevrage alcoolique depuis quelques jours. À l’examen aux urgences, environ 30 minutes après la crise convulsive, le patient est confus. Le score de Glasgow est à 12. Il n’y a pas de déficit moteur, pas de syndrome pyramidal. L’examen des paires crâniennes est normal. La pression artérielle est à 130/80 mmHg, la fréquence cardiaque à 100/min, la température à 37,3 °C. Il n’y a pas de syndrome méningé. Il existe une plaie du cuir chevelu en regard de la région temporale droite qui nécessitera 3 points de suture.",1,Existe-t-il à l’arrivée aux urgences des signes de gravité de cette crise convulsive ?,"La survenue d’une crise convulsive au cours du sevrage d’un alcoolisme chronique est une éventualité assez banale. Dans ce cas particulier, l’existence d’une confusion mentale qui persiste plus de 30 minutes après la crise convulsive est un élément de gravité. Par ailleurs, la présence d’une plaie du cuir chevelu doit inciter à la prudence. En effet, elle indique l’existence d’un traumatisme crânien dont les conséquences, chez un éthylique chronique, peuvent être la constitution d’un hématome intracrânien (sous-dural aigu) et/ou d’une contusion cérébrale.",Intensive Care,Reasoning,True
2808,"Un homme de 23 ans est admis aux urgences d’un CHU à 1 h 30 pour polytraumatisme. Il était conducteur, ceinturé, d’une voiture qui a quitté la route à vive allure pour s’encastrer de face dans un mur vers 0 h 15. Sa femme, passagère avant, a été tuée sur le coup. Le médecin du SAMU qui a pris en charge le blessé sur les lieux vous informe que celui-ci était obnubilé et agité, et qu’il se plaignait d’une douleur du flanc gauche et de la cuisse droite. Son haleine était alcoolisée, il n’avait pas de déficit moteur et ses pupilles étaient en position intermédiaire, symétriques et réactives. Le blessé n’a pas perdu connaissance. La pression artérielle systolique était à 75 mmHg, le pouls était faible et régulier à 140/min et les extrémités froides. La respiration spontanée était superficielle et rapide à 40/min. On notait une abolition du murmure vésiculaire dans tout le champ pulmonaire postérieur gauche. Le patient a été transporté sous surveillance médicale avec une minerve cervicale. Il a reçu le traitement suivant : oxygène à 15 L/min au masque à haute concentration, morphine : 5 mg en IV lente, soluté de NaCl à 9 g/1 000 (2 litres) et solutés de colloïdes (2 litres) en 30 min sur deux voies veineuses périphériques de gros calibre. Vous recevez le blessé en salle de déchocage. Il est somnolent mais répond aux ordres simples. Vous ne constatez pas de déficit moteur ni de syndrome pyramidal et les pupilles sont normales. La pression artérielle reste aux alentours de 70/45 mmHg et la fréquence cardiaque oscille entre 140 et 160/min (rythme sinusal à l’électrocardioscope). Il existe un tirage sus-claviculaire et un battement des ailes du nez. L’auscultation pulmonaire est inchangée, l’auscultation cardiaque est normale en dehors de la tachycardie. L’abdomen est distendu et sensible dans le flanc gauche. La cuisse droite est très augmentée de volume et déformée à son tiers moyen, sans effraction cutanée. Vous notez une pâleur intense et des marbrures des deux genoux. En revanche, il n’existe pas de cyanose ni de traces d’impact visibles sur le corps. Le sondage vésical ramène 150 mL d’urines concentrées non hématuriques. Vous réalisez une radiographie thoracique de face (Fig. 5) et des examens biologiques sanguins de première ligne. Gaz du sang artériels : pH = 7,33, PaO2 = 184 mmHg, PaCO2 = 34 mmHg, bicarbonates = 19 mmol/L, excès de bases = –7 mmol/L ; hémogramme : hémoglobine = 6,4 g/dL, leucocytes = 14 500/mm3, plaquettes = 130 000/mm3 ; coagulation : TP = 28 %, TCA = 73 s ; alcoolémie = 2,7 g/L.",1,Comment qualifiez-vous l’état hémodynamique de ce blessé ? Justifiez votre réponse à partir des renseignements cliniques et biologiques tirés du texte.,"Le patient est en choc hémorragique. Le diagnostic de choc est fondé sur la présence d’une hypotension artérielle soutenue et d’une tachycardie, associées à des marbrures cutanées et à une oligurie. L’obnubilation est difficile à attribuer formellement à l’état de choc en raison de l’alcoolémie élevée. L’acidose métabolique témoigne du métabolisme tissulaire anaérobie (acidose lactique). Le mécanisme du choc est une hémorragie aiguë : polytraumatisme, signes d’hémorragie interne (hémothorax gauche, hémopéritoine, cuisse droite), pâleur intense, diminution de la pression artérielle différentielle et de l’amplitude des pouls, évocateurs d’hypovolémie dans ce contexte (signes non spécifiques), anémie profonde et coagulopathie.",Intensive Care,Reasoning,True
2814,"Une jeune fille de 18 ans, accompagnée par ses parents, arrive aux urgences de l’hôpital vers 20 heures pour des troubles de la conscience et de la fièvre. L’interrogatoire des parents vous apprend qu’elle n’a aucun antécédent. La veille au soir, elle s’est plainte de céphalées assez intenses et a pris 1 g d’aspirine. Le matin, elle constate que la température est de 38 °C. En début d’après-midi, elle a toujours mal à la tête et vomit. En rentrant chez eux, les parents trouvent leur fille allongée par terre, ne répondant pas aux questions. Elle a perdu ses urines. À l’examen, vous faites les constatations suivantes : – raideur de la nuque ; – score de Glasgow : 9, pas de signes de localisation ; – pression artérielle : 105-50 mmHg, pouls régulier à 140/min, température à 39 °C, fréquence respiratoire : 30/min ; – deux tâches purpuriques sur la jambe droite ; – auscultation pulmonaire : râles bronchiques bilatéraux. Le reste de l’examen clinique est normal.",1,Quelles sont vos premières initiatives ?,"Mise en position latérale de sécurité. Mise en place de l’oxygène au masque (8 L/min) et des éléments de surveillance suivants : capteur de SpO2, appareil de mesure automatique de la pression artérielle, électrodes pour le monitorage cardiaque. Appel du réanimateur. Prescription des premiers examens complémentaires : une hémoculture, NFS, ionogramme sanguin, gaz du sang artériels, lactatémie artérielle, bilan d’hémostase, groupe, tests hépatiques, ECG et radiographie pulmonaire sur place. Préparation pour la ponction lombaire.",Intensive Care,Reasoning,True
2819,"Vous êtes appelé le 21 novembre auprès de Mme M., âgée de 31 ans, hospitalisée depuis 15 jours en hématologie. Elle a une maladie de Hodgkin scléronodulaire stade IV-B-b. La patiente a reçu 6 cures de chimiothérapie par ABVD (adriamycine, bléomycine, vinblastine, dacarbazine) sur une chambre implantable, associée à une irradiation en mantelet de 40 grays. Devant la récidive rapide de la néoplasie dans le territoire irradié, la patiente reçoit une nouvelle chimiothérapie par BEAM le 20 octobre (carmustine, étoposide, cytarabine, melphalan). Alors que la patiente est en aplasie depuis le 23 octobre, apparaît le 27 octobre un syndrome fébrile. La radiographie du thorax montre un syndrome alvéolo-interstitiel bilatéral. Après réalisation de prélèvements bactériologiques (hémocultures et examen cytobactériologique des urines), un traitement associant pipéracilline-tazobactam et gentamicine a été débuté. À l’examen clinique, vous notez : température à 40 °C, pression artérielle à 85/40 mmHg, fréquence cardiaque à 119/min, fréquence respiratoire à 35/min, SpO2 à 92 % sous oxygénothérapie à 12 L/min. L’auscultation retrouve des ronchi dans les 2 champs pulmonaires. Il n’y a pas de trouble de la conscience, pas de syndrome méningé. Discrète turgescence jugulaire. Pas de souffle à l’auscultation cardiaque. Mollets souples. Abdomen souple. Pas d’hépatosplénomégalie. Les examens complémentaires réalisés 4 heures auparavant montrent : ionogramme sanguin normal, CRP = 200 mg/L, hématocrite = 33 %, hémoglobine = 8,8 g/dL, leucocytes = 300/mm3, plaquettes = 25 000/mm3. Le bilan d’hémostase est normal, de même que les bilans hépatique et rénal. LDH = 270 UI/L. La radiographie du thorax confirme le syndrome alvéolo-interstitiel prédominant aux bases. La chambre implantable est en place.",1,Quels sont les signes de gravité ?,"Hypotension artérielle, tachycardie, tachypnée et désaturation en oxygène.",Intensive Care,Reasoning,True
2827,"Monsieur M., 67 ans, est adressé par son médecin traitant pour douleur lombaire gauche, vomissements et altération de l’état général évoluant depuis 8 jours. Il a pour principaux antécédents un diabète de type II, une hypertension artérielle et une néphrectomie droite pour pyonéphrose il y a 20 ans. Son traitement est le suivant : zestril 5 mg/j, lasilix 40 mg/j et Daonil 1/j. A l’interrogatoire, vous apprenez que depuis 1 mois, il se plaint d’uriner très fréquemment et qu’il a eu un épisode d’hématurie macroscopique il y a 1 semaine. Il va rarement à la selle. Depuis quelques jours, il a très peu uriné et a vomi à plusieurs reprises. Il dit être essoufflé au moindre effort. A l’examen, sa tension est à 180/100 mmHg et le pouls à 145/mn. La température est à 37°4. Il existe des crépitants bilatéraux à l’auscultation pulmonaire et sa fréquence respiratoire est à 35/mn avec des signes de lutte respiratoire. On note une douleur à la palpation de la fosse lombaire gauche, un météorisme abdominal sans bruits hydro- aériques et des oedèmes des membres inférieurs.",1,Quels sont vos hypothèses diagnostiques ?,Insuffisance rénale aiguë anurique sur rein unique avec iléus réflexe. Occlusion intestinale aiguë.,Intensive Care,Reasoning,True
2834,"Scénario : 
 Mr C., 44 ans est hospitalisé en réanimation pour douleurs abdominales et vomissements évoluant depuis 4 jours. Ses antécédents comportent une polynévrite évoluant depuis plusieurs mois ; une sténose trachéale post-intubation pour Delirium Tremens en janvier 2000 traitée par résection trachéale ; un hématome sous-capsulaire splénique post traumatique en mai 2001. Il s’agit d’un SDF vivant en foyer; consommant 225g d’alcool par jour depuis 20 ans. 
 L’examen clinique à l’entrée est le suivant : 
 TA : 120/80 mmHg ; FC : 120/min ; t°: 37,6°C ; FR : 18/min ; SaO2 : 93%. 
 varicosités des pommettes; ictère conjonctival, dermite ocre bilatérale. 
 douleur diffuse prédominant en péri-ombilical et dans le creux épigastrique. pas de défense ni de contracture. 
 hépatomégalie à 2 travers de doigt, pas de splénomégalie. circulation veineuse collatérale abdominale. 
 pas d’astérixis. pas de trouble de la conscience (Glasgow :15). 
 polynévrite sensitivo-motrice des membres inférieurs. 
 Examens complémentaires : 
 NFS : GB : 13 700/mm3 ; Hb : 15,1g/dl ; Ht : 45,8% ; plq : 121000/mm3. 
 TP : 87% ; TCA P/T : 1,06. 
 GDS : pH : 7,51 ; PaO2 : 80 mmHg ; PaCO2 : 34 mmHg ; HCO3- : 27 mmol/l. Iono : Na+: 132 mmol/L; K+: 4,6 mmol/L ;Cl-: 89 mmol/L ; Prot: 58 g/L. Créat : 122 μmol/L ; urée : 5,3 mmol/L ; glycémie : 11,1 mmol/L. 
 BHC : ALAT : 69 UI/L ; ASAT : 156 UI/L ; CPK : 44 UI/L ; LDH : 796 UI/L ; g GT : 969 UI/L ; PAL : 288 UI/L ; Bili tot /conj : 105 / 63 μmol/l. ; Albumine:34 g/L. 
 Amylase : 147 UI/L; Lipase : 505 UI/L. 
 Calcémie : 1,28 mmol/L. 
 CRP : 170 mg/L. 
 Imagerie : 
 Radiographie de thorax : normale. 
 Electrocardiogramme : normal. 
 Clichés d’abdomen sans préparation : iléus colique, pas de calcification pancréatique. Echographie abdominale : - hépatomégalie stéatosique homogène. 
 - vésicule biliaire alithiasique, pas de dilatation des voies biliaires. 
 - pancréas mal visualisé, homogène, Wirsung fin. 
 - ascite minime. 
 - hématome sous-capsulaire splénique. 
 Scanner abdominal : - stéatose hépatique homogène. 
 - pancréas inhomogène avec une zone de nécrose < 30%, pas de calcification. 
 - infiltration péri-pancréatique avec coulées de nécrose au niveau de la queue du pancréas remontant jusqu’à la rate avec infiltration des fascias péri-rénaux et de la graisse mésentérique. 
 - pas de lithiase biliaire. - ascite modérée. 
 EVOLUTION : 
 Evolution dans le service initialement favorable avec persistance de douleurs bien soulagées par la morphine et une hémodynamique stable. 
 A J2, apparition d’une fièvre avec pic à 39°C, modification des douleurs abdominales prédominant dans l’hypochondre droit et aggravation de l’ictère cutanéo-muqueux : 
 => Réalisation d’hémocultures et d’un ECBU. 
 Les douleurs vont devenir de plus en plus importantes au niveau de l’hypochondre droit bien que l’abdomen reste souple et dépressible dans son ensemble. 
 Les hémocultures reviennent positives à E.Coli et l’ECBU revient négatif et le patient est traité par cefotaxime 
 Echographie abdominale : élimination d’une angiocholite. 
 Scanner abdominal : aggravation de la taille des collections pancréatiques et péri- pancréatiques avec ascite pelvienne modérée et thrombose partielle de la veine splénique responsable d’une hypertension portale segmentaire. 
 A J5, aggravation franche de l’état général avec douleurs très importantes et empâtement de l’hypochondre droit, malaise général, fièvre à 39,3°C, frissons, marbrures, hypotension artérielle à 6/4, tachycardie à 130/min. 
 => Choc septique à E.Coli : Expansion volémique par macromolécules gélatines (Plasmion 500cc x 2 ). 
 Dopamine 10 g/kg/min. 
 Ponction écho-guidée des coulées de nécrose qui ramène un liquide marron avec de nombreux Bacilles Gram – à l’examen direct. 
 Avis chirurgical . 
 => Mr C. est transféré en chirurgie digestive où seront réalisées une nécrosectomie avec drainage par Mickulicz, une jéjunostomie d’alimentation et une iléostomie.",3,Quels sont les diagnostics différentiels à évoquer ?,"- ulcère gastroduodénal compliqué (perforation couverte +++). - colique hépatique, cholécystite aiguë. - occlusion intestinale. - thrombose mésentérique (artérielle ou veineuse). - Péritonite. - diverticulite, perforation colique. - pleuropneumopathie basale. - Dissection aortique, IDM inférieur.",Intensive Care,Reasoning,True
2843,"Une femme de 39 ans, hôtesse de l’air, est adressée aux urgences de l’hôpital par SOS médecins pour une douleur thoracique intense associée à des palpitations. Elle ne présente aucun antécédent en dehors d’une grossesse non compliquée, avec accouchement à terme d’un petit garçon il y a 4 ans. Elle ne prend pas d’autre médicament qu’une contraception œstro-progestative normo-dosée. La consommation de tabac est évaluée à 20 paquet- années, et la patiente n’avoue aucune intoxication éthylique. Le jour de la consultation, la patiente a présenté brutalement une douleur basithoracique droite contemporaine d’une sensation de palpitations. Le médecin de SOS médecins constate à l’examen de la patiente une fièvre à 38°C, une polypnée et l’existence d’une tachycardie irrégulière . L’auscultation pulmonaire est normale. Devant l’intensité de la douleur et l’aggravation progressive de la dyspnée, la patiente est transférée aux urgences en ambulance. 
 A l’arrivée de la patiente au SAU, vous mesurez les constantes vitales suivantes : 
 Pouls irrégulier 140/min PA 85/50 SpO2 87 % FR 35/min Température 38°2",1,Quel(s) élément(s) cliniques recherchez vous pour évaluer la gravité de la situation ?,"Recherche des signes cliniques d’insuffisance respiratoire aiguë - signes d’hypoxémie 
 - signes d’augmentation du travail respiratoire et de fatigue Hypotension artérielle 
 Signes périphériques de choc 
 Signes d’insuffisance cardiaque droite 
 Signes de retentissement neurologique: agitation, troubles de conscience, syncope ou lipothymie",Intensive Care,Reasoning,True
2852,"M. Y, 45 ans, consulte aux urgences pour des crises d’asthme récidivantes depuis 6 jours, avec inefficacité progressive du salbutamol en aérosol. Les prises de salbutamol se chiffrent à 18 sur les dernières 24 heures. À l’interrogatoire, on retrouve l’existence d’un asthme ancien, ayant débuté dans l’enfance. On note deux séjours en réanimation pour asthme aigu grave, respectivement 4 et 3 ans auparavant. Le traitement de fond comporte une corticothérapie inhalée, interrompue sans avis médical par le patient trois semaines auparavant, et un bêta-2-sympathicomimétique de longue durée d’action, régulièrement pris. À l’examen clinique, on note une pression artérielle à 130/80 mmHg, une fréquence cardiaque à 138/min, une fréquence respiratoire à 28/min, un débit expiratoire de pointe à 50 L/min. L’élocution est très difficile. On note une mise en jeu des muscles inspiratoires accessoires. L’auscultation pulmonaire montre des râles sibilants diffus. La gazométrie artérielle en ventilation spontanée à l’air ambiant montre : PaO2 = 51 mmHg, PaCO2 = 61 mmHg ; pH = 7,27, bicarbonates = 23 mmol/L. La radiographie thoracique de face objective des espaces intercostaux horizontalisés et élargis, des coupoles diaphragmatiques aplaties et une hyperclarté parenchymateuse diffuse.",1,Énumérez les signes cliniques et biologiques de gravité. Quelle conclusion en tirez-vous concernant la prise en charge de ce patient ?,"Il s’agit d’un asthme aigu grave : crises récidivantes depuis 6 jours non améliorées par le traitement, polypnée > 30/min, mise en jeu des muscles inspiratoires accessoires, râles sibilants diffus, tachycardie > 130/min, difficultés pour parler, débit expiratoire de pointe fortement diminué (< 150 L/min). L’hypercapnie témoigne d’une hypoventilation alvéolaire. Acidose respiratoire aiguë (pH abaissé, PaCO2 augmentée). Épisodes antérieurs d’asthme aigu grave. Nécessité d’une hospitalisation en réanimation.",Intensive Care,Reasoning,True
2861,"Une femme de 82 ans consulte aux urgences de votre hôpital pour altération de l’état général évoluant depuis 3 semaines. Cette patiente a pour principaux antécédents, un diabète insulino-nécessitant depuis 3 ans, une hypertension artérielle traitée par Esidrex®, ainsi qu’un ulcère gastrique. Elle a subi une exérèse d’un nodule thyroïdien il y a 5 ans. Elle est d’origine vietnamienne et vit en France chez une de ses filles depuis 15 ans. 
 La patiente ne parle pas le français mais sa fille nous indique qu’elle a présenté des selles diarrhéiques depuis 3 jours. Depuis, elle présente une grande asthénie avec de légers troubles de conscience. 
 L’examen clinique vous montre une patiente maigre, très ralentie, peu réactive, sans déficit sensitivo-moteur localisé. Sa pression artérielle est à 208/86 mmHg, sa fréquence cardiaque est à 80 bpm et sa fréquence respiratoire est de 22 par minute. L’auscultation cardio- pulmonaire est sans particularité et l’abdomen est souple. Il n’existe pas d’œdème périphérique. Il n’y a ni turgescence hépatojugulaire ni reflux hépatojugulaire. 
 Le bilan biologique montre : Na+ : 101 mmol/L, K+ : 3,0mmol/L , Cl- : 71 mmol/L, bicarbonate : 26 mmol/L, protides : 85 g/L, urée : 8,7 mmol/L, créatinine : 110 μmol/L. Glycémie : 5.5 mmol/L, aspect du sérum sans particularité. 
 Les gaz du sang prélevés sous 6L d’oxygène montrent : pH : 7,42, PaO2 : 213 mmHg, PCO2 : 37 mmHg, CO2T : 23 mmol/L. 
 Le ionogramme urinaire montre : Na+ : 38 mmol/L ; K+ : 43 mmol/L ; urée : 316 mmol/L ; créatinine : 5,1 mmol/L.",1,Comment interprétez-vous ces anomalies biologiques ?,"Hyponatrémie, Déshydratation extracellulaire (hyperprotidémie), Insuffisance rénale : urée à 8,7 mmol/L et créatinine à 110 μmol/L (chez une femme maigre de 82 ans) fonctionnelle (urée urinaire/urée plasmatique >10), hypokaliémie liée au diurétique,",Intensive Care,Reasoning,True
2868,"Scénario : Une femme de 75 ans est admise aux urgences pour gonalgie gauche avec fièvre et altération de l’état général. 
 Histoire de la maladie : 
 Hospitalisation 3 jours auparavant pour chimiothérapie d’un myélome ; lors de l’hospitalisation il a été procédé à un repositionnement de la chambre implantable. 
 La patiente est rentrée chez elle deux jours après. 
 Le lendemain elle souffre de fièvre, de nausées, et d’une douleur du genou gauche qui semble gonflé. 
 Antécédents : 
 - Prothèse du genou gauche pour gonarthrose il y a 5 ans 
 - Myélome multiple diagnostiqué 6 mois auparavant et traité depuis par Mélphalan et Dexaméthasone. 
 - Plusieurs crises de coliques néphrétiques, rapportées à une goutte. 
 Traitement habituel : Allopurinol, Nicardipine, Prednisolone, et Oméprazole. 
 Examen à l’admission : 
 Confusion ( GCS 14) ; PA 130.80 mmHg ; FC 130 / min ; FR 30 / min ; T 38.9° ; SpO2 86% (sous air) 
 Cyanose des extrémités, marbrures des genoux 
 Auscultation cardiaque normale, râles crépitants aux bases pulmonaires, abdomen souple et indolore. 
 La cicatrice de la reprise de la chambre implantable est discrètement inflammatoire. 
 Le genou gauche est douloureux, gonflé, inflammatoire avec un choc rotulien. 
 Le reste de l’examen clinique est sans particularité. 
 Le sondage urinaire ramène 10 ml d’urines (la malade n’a pas uriné depuis 6 h ) 
 Les premiers examens complémentaires obtenus dans l’heure montrent : Hb 91g/dl ; Leucocytes 1.4 G/l ; Plaquettes 62 G/l ; TP 46 % ; Na 137 mmol/l ; K 5.6 mmol/l ; ; Prot 72 g/l ; Albuminémie 15 g / l ; Créatininémie 198 μmol/l ; Glycémie 6.4 mmol/l ; Lactatémie 3.2 mmol/l ; pH 7.32 ; PaCO2 29 mmHg ; HCO3 15 mmol/l ; Pa O2 96 mmHg ; BE - 11 mmol/l ; Sa O2 96% ( sous 6 l O2) 
 Radio thoracique : syndrome interstitiel bilatéral  
 ECG : dans les limites de la normale  
 Echographie cardiaque : cœur hyperkinétique",1,Quels sont les signes cliniques qui évoquent un sepsis sévère ?,"Cette patiente présente un SIRS (systemic inflammatory response syndrome) (tachycardie, tachypnée, fièvre, leucopénie) et une forte probabilité d’infection donc un sepsis (SIRS + infection). Il s’agit d’un sepsis sévère puisqu’il existe des signes d’hypoperfusion périphérique, une oligurie, une confusion, une acidose métabolique avec hyperlactatémie.",Intensive Care,Reasoning,True
2875,"Un homme de 54 ans, se présente aux urgences de l’hôpital pour une dyspnée avec altération de l’état général d’apparition récente. Parmi ses antécédents, on retient un diabète de type I, une hypertension artérielle, une hypercholestérolémie, et une cholecystectomie par voie cœlioscopique. Son traitement habituel associe de l’Ultratard (32 UI le matin et 26 UI le soir), de l’aténolol (100 mg/j), du furosémide (20 mg/j) et de l’atorvastatine (40 mg/j). La consommation de tabac est évaluée à 45 paquet-années et la consommation d’alcool à 45 gr d’alcool pur par jour. 
 Quatre jours avant la consultation, le patient a présenté une fièvre (38°6) avec myalgies justifiant une automédication par paracetamol. Après une diminution transitoire de la fièvre, le patient présente une altération de l’état général avec asthénie marquée, fièvre à 39°5, et frissons. Ce tableau est associé à une diarrhée et à une dyspnée d’intensité croissante motivant sa consultation au SAU . L’infirmière d’accueil et d’orientation (IAO) enregistre les constantes vitales suivantes : 
 Pouls 98/min PA 125/95 SpO2 84 % FR 38/min Température 39°8. 
 Devant ce tableau, elle décide d’accorder une priorité 1 à cette consultation, installe le patient dans la salle de déchocage et vous appelle au chevet de ce patient.",1,Quel(s) élément(s) de l’observation justifie(nt) l’attitude de l’IAO ?,"- Tachypnée (FR 38/min) 
 - Hypoxie (SpO2 84 %)",Intensive Care,Reasoning,True
2886,"Madame G., 34 ans, est adressée aux urgences le 01 Août 2003 par son médecin traitant pour la prise en charge d’un purpura révélant une thrombopénie à 35 000/mm 3 . 
 Dans ses antécédents, on note une allergie à la pénicilline (urticaire), une hypercholestérolémie, un syndrome dépressif évoluant depuis plusieurs années, actuellement traité par l’association Divarius® 20 mg-Xanax® depuis Juillet 03. L’existence d’une dysménorrhée apparue il y a 2 ans a conduit à la réalisation d’un bilan hormonal et échographique en mai dernier et à la prescription d’un traitement par Duphaston® 10mg. La patiente est célibataire sans enfant, sans emploi depuis 6 mois (secrétaire trilingue), ne présente aucune intoxication alcoolo-tabagique. En Avril 2003, Mme G. a voyagé en Grèce sans aucun problème particulier. 
 L’histoire de la maladie fait état d’une asthénie croissante depuis 1 mois et de l’apparition de lésions cutanéo-muqueuses depuis 15 jours. Vers la mi-Juillet, la patiente déclare avoir présenté un épisode de flou visuel de quelques minutes totalement résolutif. Les données de l’examen clinique sont : T° 37°2C, TA 12/8, FC 91/min, la patiente est eupnéique, parfaitement vigile (score de Glasgow 15/15) ; on note une pâleur conjonctivale, des plages d’ecchymoses cutanées de la taille d’un médaillon, disséminées au niveau des membres supérieurs et inférieurs, de l’abdomen, du thorax ainsi qu’au niveau du palais. Il n’y a pas de syndrome hémorragique extériorisé. L’examen cardiopulmonaire est sans particularité, l’abdomen est souple, indolore sans hépatosplénomégalie palpable, les aires ganglionnaires sont libres, la thyroïde est non palpable. L’examen neurologique est normal.",4,Enumérez les traitements spécifiques proposés actuellement dans la prise en charge du PTT ? Citez les éléments biologiques de surveillance de la maladie ?,"La MAT est une urgence vitale nécessitant la mise en route d’un traitement sans délai. L’administration intraveineuse de corticostéroïdes, d’antiaggrégants plaquettaires et la splénectomie ont représentés les traitements de la MAT jusque dans les années 70. Le traitement de référence actuel repose sur les échanges plasmatiques et ce, après une controverse non finalisée portant sur infusion de plasma seule versus échange de plasma. Les modalités de ces échanges (volume administré entre 40 et 80 ml/kg /j), la durée et le nombre de séances en traitement d’attaque puis d’entretien, restent mal codifiées et empiriques. La rémission de la maladie s’apprécie sur l’amélioration des stigmates biologiques : normalisation des taux de plaquettes, d’hémoglobine, d’haptoglobine et des LDH. Les risques de cette thérapeutique sont l’OAP de surcharge et ceux inhérents au cathétérisme central.",Intensive Care,Understanding,True
2889,"Une femme de 35 ans est amenée au service d’urgence, accompagnée par son mari, pour coma vraisemblablement dû à une intoxication aiguë. Elle a en effet été découverte par son mari rentrant du travail, couchée dans le lit et ne répondant pas. Le mari signale qu’elle était dépressive depuis plusieurs mois et traitée par LexomilR (bromazépam) 2 fois 6 mg/j, ElavilR (amitriptyline) 2 fois 75 mg/j. Par ailleurs, lors d’une conversation téléphonique 4 h plus tôt le mari avait noté qu’elle avait des difficultés pour parler distinctement. La mari signale que depuis 8 j elle prenait du Di-AntalvicR (paracétamol et dextropropoxyphène) pour des lombalgies. A l’examen, vous notez un coma calme sans signes de localisation (score de Glasgow à 8), des pupilles en légère mydriase, réactives à la lumière, des réflexes ostéotendineux vifs, un réflexe cutané plantaire indifférent. La pression artérielle est à 120/85 mmHg, le pouls à 95/min, la fréquence respiratoire à 10 cycles/min. L’examen de l’abdomen est normal, exceptée une voussure sus-pubienne liée probablement à un globe vésical. L’auscultation pulmonaire montre une diminution du murmure vésiculaire à droite.",3,Quelle surveillance préconisez-vous ?,"- La surveillance doit se faire en milieu de réanimation en raison des risques majeurs de troubles graves du rythme cardiaque. 
 - La surveillance comporte le monitoring continu des fréquences cardiaque et respiratoire, de la SpO2, de la pression artérielle, la surveillance de l’état neurologique avec mesure répétée du score de Glasgow.",Intensive Care,Reasoning,True
2893,"Un homme de 68 ans, vivant seul, est hospitalisé aux urgences par ses enfants qui ne le trouvent pas bien du tout, notamment sur le plan respiratoire. Il s’agit d’un ancien fumeur et d’un ancien buveur, sujet à de très nombreuses bronchites hivernales. Il ne fume plus depuis 2 ans et ne boit plus d’alcool depuis 1 an, ce qui a aggravé une obésité. Il dit peser 112 kg pour une taille de 161 cm. Depuis 2 jours, il ne se sent pas bien, il a des sensations de chaud et de froid sans frisson vrai. Il est gêné dans ses moindres efforts, il ne peut plus sortir de chez lui, il ne mange plus, il monte extrêmement difficilement un étage pour aller se coucher. Depuis 24 heures, il n’arrive pas à dormir la nuit, mais en revanche il s’assoupit dans la journée. Sa toux ramène une expectoration brunâtre. À l’examen clinique, on note que le malade est polypnéique (28 cycles/min), cyanosé, avec un front couvert de sueur. L’auscultation thoracique note la présence bilatérale de quelques gros râles bronchiques. L’auscultation cardiaque est difficile mais apparemment normale. L’abdomen est distendu dans son ensemble, dépressible, indolore, sonore à la percussion, sans circulation collatérale, il existe un reflux hépatojugulaire. La pression artérielle systolique est à 170/90 mmHg, la fréquence cardiaque de 125/min. Il existe de discrets œdèmes des membres inférieurs. L’état de conscience et l’examen neurologique sont normaux. Il existe néanmoins un certain état d’agitation. La température centrale est à 38,5 °C. La gazométrie artérielle pratiquée en air ambiant donne les résultats suivants : pH = 7,30 ; PaCO2 = 8,2 kPa (62 mmHg) ; PaO2 = 6 kPa (45 mmHg) ; SaO2 = 77 % ; bicarbonates = 30 mmol/L.",3,Quels examens complémentaires simples demandez-vous pour préciser la cause de ce tableau ?,"L’examen complémentaire fondamental est initialement la radiographie thoracique, à la recherche de la cause de la décompensation : pneumonie, pneumothorax, ou subœdème pulmonaire. Il sera réalisé aussi, à la recherche d’un agent infectieux pathogène, des hémocultures et des sérologies virales. La valeur de l’examen de l’expectoration est discutable par la contamination de la flore buccopharyngée. Initialement, chez ce patient à l’état précaire, il n’est pas licite de réaliser un prélèvement bronchique perendoscopique.",Intensive Care,Reasoning,True
2896,"Un homme de 35 ans se présente aux urgences de l’Hôpital pour dyspnée. Ce patient, d’origine algérienne, vit en France depuis 15 ans. Il y a deux mois, se sont installés des œdèmes des membres inférieurs et une dyspnée survenant initialement à l’effort. Depuis quelques jours, le patient est asthénique. Au cours des 48 dernières heures il a eu deux épisodes de « voile noir devant les yeux ». La dyspnée est permanente depuis quelques heures, associée à une orthopnée et une sensation d’étouffement. À l’examen clinique sont retrouvés : sueurs, angoisse accusée, pouls irrégulier à 105/min, pression artérielle à 110/60 mmHg, T° à 37 °C, œdèmes des membres inférieurs, déclives, blancs et indolores, turgescence spontanée des jugulaires. Fréquence respiratoire à 35/min, râles crépitants dans l’ensemble des champs pulmonaires, cyanose des extrémités, SpO2 à 85 % sous oxygène par sonde nasale à 7 L/min. L’auscultation cardiaque met en évidence un souffle holosystolique de l’apex irradiant dans l’aisselle, 4/6 avec un B3 surajouté. L’entourage du patient vous apprend qu’un souffle cardiaque avait été signalé il y a une vingtaine d’années mais n’avait jamais donné lieu à des explorations complémentaires. Le patient n’a pas d’autre antécédent notable. La radiographie du thorax montre une cardiomégalie avec hypertrophie ventriculaire gauche et opacités floconneuses périhilaires bilatérales. L’analyse des gaz du sang artériel, en air ambiant et en ventilation spontanée à l’entrée, donne les résultats suivants : pH = 7,27, PaO2 = 57 mmHg, PaCO2 = 65 mmHg, bicarbonates = 25 mmol/L. L’électrocardiogramme révèle une arythmie complète par fibrillation auriculaire, hypertrophie ventriculaire gauche électrique.",1,Quel est le diagnostic le plus probable et quels en sont les critères de gravité ?,"Il s’agit d’un OAP cardiogénique. Ses facteurs de gravité sont la tachypnée sévère, la cyanose des extrémités, les troubles de la conscience, l’importance de l’hypoxémie, l’hypercapnie.",Intensive Care,Reasoning,True
2900,"Un homme de 50 ans est amené aux urgences de l’hôpital par sa famille. Il présente depuis une heure une douleur thoracique et une dyspnée croissantes associées à une sensation intense de malaise et à des sueurs froides. L’examen clinique retrouve un pouls à 80/min, une pression artérielle à 75/40 mmHg, des marbrures des genoux et une froideur cutanée. La fréquence respiratoire est à 35/min, il existe quelques râles crépitants des deux champs pulmonaires, la SpO2 en air ambiant est à 89 %. L’auscultation cardiaque est normale en dehors de la tachycardie, les pouls artériels périphériques sont tous perçus et il n’y a pas de souffle vasculaire. Il n’y a pas de signe d’insuffisance cardiaque droite. L’examen neurologique est normal. L’interrogatoire indique que le patient n’a pas d’antécédent médical notable. Il présente un tabagisme à 20 paquets/année.",1,"À l’aide de ces données, quelle analyse syndromique de la situation faites-vous ? Justifiez votre réponse.","Douleur thoracique évocatrice d’insuffisance coronarienne. État de choc (hypotension, tachycardie, marbrures). Origine cardiogénique probable (extrémités froides, pas d’argument pour un choc septique, hypovolémique ou anaphylactique). Hypoxémie.",Intensive Care,Reasoning,True
2904,"Un patient de 52 ans, éthylique connu avec une cirrhose documentée, est adressé aux urgences par son médecin traitant pour une chute précédée par un état d’agitation, une polypnée et une hypotension artérielle. Il a vomi du sang rouge 2 heures auparavant. Un traitement par Avlocardyl 40 mg, 2 fois par jour, avait été institué dans le cadre d’une hypertension portale après un épisode de rupture de varices œsophagiennes. À l’arrivée aux urgences, le patient est confus, avec désorientation temporospatiale et phases d’agitation, sans tremblement ni astérixis. La nuque est souple. La fréquence respiratoire est à 30/min avec une saturation percutanée en oxygène de 96 % sous air. La fréquence cardiaque est à 75/min avec une pression artérielle à 80/40 mmHg. On note une augmentation du temps de recoloration et des marbrures des membres inférieurs. Il existe un ictère cutanéomuqueux, une circulation collatérale abdominale et des angiomes stellaires. L’abdomen est ballonné avec une ascite importante mais non douloureux. Il existe plusieurs ecchymoses et un hématome de la fesse gauche sans signe de compression neurologique. La température est à 37,5 °C. Le bilan biologique est le suivant : leucocytes = 8 900/mm3, hématies = 3 500 000/mm3, hémoglobine = 11 g/dL, hématocrite = 36 %, plaquettes = 42 000/mm3, taux de prothrombine = 34 %, TCA = 45,3 secondes, fibrinogène = 1,27 g/L, alcoolémie = 3,71 g/L, Na = 143 mmol/L, K = 3,7 mmol/L, bicarbonates = 28 mmol/L, glucose = 12,5 mmol/L, protéines = 65 g/L, urée = 2,4 mmol/L, créatinine = 95 μmol/L, ASAT = 132 UI/L, ALAT = 56 UI/L, CPK = 303 UI/L, amylase = 92 U/L, bilirubine totale = 51 μmol/L, CRP = 1 mg/L. Un traitement par soluté macromoléculaire 1 000 mL et soluté de NaCl à 9 g/1 000 est instauré.",1,Quels sont les syndromes et les défaillances présentées par ce patient ?,"État de choc hémorragique par hémorragie digestive. Intoxication alcoolique aiguë. Cirrhose hépatique avec insuffisance hépatocellulaire, cholestase et hypertension portale. Encéphalopathie hépatique.",Intensive Care,Reasoning,True
2909,"Mme H., âgée de 51 ans, est adressée aux urgences pour troubles de conscience d’apparition récente en contexte fébrile. L’examen initial montre : température à 40 °C, pression artérielle à 80/35 mmHg, fréquence cardiaque à 135/min, fréquence respiratoire à 28/min, SpO2 = 91 %, glycémie capillaire = 16 mmol/L. La patiente est ininterrogeable, ses propos sont confus. À la stimulation douloureuse, la patiente réagit de manière adaptée. Il n’existe pas de signe de localisation ni de raideur méningée. On note une cyanose des extrémités et des marbrures des genoux. L’auscultation cardiaque et pulmonaire est normale. L’abdomen est distendu, douloureux. Il n’y a pas d’éruption, ni de lésion cutanée. La bandelette urinaire montre : glycosurie +, présence de leucocytes et de nitrites.",1,Énumérez les signes de gravité.,"Les signes de gravité sont le choc, l’hypotension, la tachycardie, la cyanose, les marbrures, les troubles de conscience (confusion).",Intensive Care,Understanding,True
2914,"Mme X, 75 ans, présente depuis 3 jours une dyspnée d’effort. Elle est adressée aux urgences au décours d’une perte de conscience brève sur la voie publique, sans traumatisme. Elle ne signale pas de douleur thoracique ni de modification de l’expectoration. Elle a présenté, il y a 3 semaines, une douleur du mollet droit associée à un œdème. Ces derniers signes se sont spontanément amendés en 3 jours. On note comme antécédents : une hypertension artérielle essentielle traitée par bêtabloquants, une hypercholestérolémie traitée par régime seul, des fractures claviculaire et humérale droite remontant à 25 ans, et enfin un tabagisme à 20 paquets-année toujours actif, non compliqué. L’examen montre : pression artérielle à 85/45 mmHg, fréquence cardiaque irrégulière à 115/min, fréquence respiratoire à 34/min. Il n’y a pas de marbrures. Les extrémités sont froides. On note une turgescence jugulaire spontanée, une auscultation pulmonaire libre. Le reste de l’examen (neurologique, des membres inférieurs, cutanéomuqueux en particulier) est normal. La radiographie thoracique de face au lit est sans particularité. L’ECG est montré en figure 3. Le bilan biologique donne les résultats suivants : gaz du sang artériel en air ambiant : PaO2 = 55 mmHg, PaCO2 = 30 mmHg, pH = 7,32, bicarbonates = 15 mmol/L ; hémogramme, ionogramme, glycémie et troponine Ic normaux, D-dimères plasmatiques à 5 000 ng/mL.",1,Quel diagnostic vous paraît le plus vraisemblable ? Justifiez votre réponse.,"Syncope, hypotension artérielle, acidose métabolique.",Intensive Care,Reasoning,True
2976,"Monsieur B, jeune homme de 25 ans, est conduit par le SAMU, intubé ventilé, Glasgow 4, pour être admis en réanimation. Il aurait été retrouvé par sa concubine au domicile, au sol, inconscient dans une mare de sang, un révolver à proximité de la main droite. L’examen clinique d’entrée retrouve un orifice rond noirâtre de 0,5 cm en région temporale droite.",1,A quoi correspond le score de Glasgow ? Décrivez le.,"Le score de Glasgow est une mesure de l’état de conscience 
destinée initialement à la surveillance des traumatisés crâniens par les infirmières. 
Les éléments suivants sont analysés : 

Y : ouverture des yeux : 
Spontanée : 4
Sur ordre : 3
A la douleur : 2
Aucune : 1

V : réponse verbale : 
Orientée : 5
Confuse : 4
Mots inadaptés : 3
Sons incompréhensibles : 2
Aucune : 1

M : Réponse motrice :  
Obéit à un ordre oral : 6
Orientée à la douleur : 5
Non orientée à la douleur (évitement) : 4
Décortication :3
Décérébration : 2
Aucune : 1

En cas de déficit, à tester du côté sain.

Le score varie de 3 à 15 ;  
 7 correspond à un coma profond (et justifie la protection des voies aériennes)",Forensic Medicine and Toxicology,Understanding,True
2995,"Antoine P., 55 ans, se présente aux Urgences d’un centre hospitalier du Sud de la France en plein été pour un essoufflement. En effet, est apparue depuis 48 heures une dyspnée d’aggravation rapide, actuellement présente au moindre effort. S’associent à cette dyspnée une asthénie, une fièvre sans frissons, une toux sans modification de la couleur ni de l’abondance des expectorations habituelles (le patient dit cracher depuis plusieurs années). Le patient signale aussi des céphalées et des selles liquides depuis 3 jours. Il n’a pas remarqué de personne malade dans son entourage. Mais il est arrivé récemment dans le Sud, étant venu de Roubaix en voiture il y a 10 jours.Vous notez dans les antécédents du patient : un alcoolisme chronique non sevré (6 à 7 bières/jour) ; un tabagisme non sevré à 80 paquets-année, avec une dyspnée d’effort habituelle (jamais de bilan effectué) ; une hypertension artérielle traitée ; une dyslipidémie mixte non traitée. Son traitement comprend : bronchodilatateur en inhalation, corticoïde inhalé, association spironolactone – diurétique thiazidique. Il n’a pas d’allergie et il n’a pas été vacciné depuis très longtemps. Ce patient est chef de travaux dans une entreprise de pneumatiques à Roubaix.L’examen physique note un poids à 76 kg, une taille de 165 cm, une température à 40°C, un pouls à 70/mn, régulier, une tension artérielle à 110/50 mm Hg, une fréquence respiratoire à 36/mn. Le patient présente une altération marquée de l’état général. Il sature à 95% sous 4 l d’O2, et est en sueurs. Les bruits du cœur sont réguliers, sans souffle audible. On note quelques marbrures des genoux. Les mollets sont souples. On ne note pas d’oedèmes des membres inférieurs. L’auscultation pulmonaire trouve des ronchi bilatéraux prédominant à gauche, ainsi que des crépitants en base gauche. Les expectorations sont muco-purulentes. Le patient ne présente pas de désorientation temporo-spatiale. Il existe un tremblement fin des extrémités. L’abdomen est pléthorique, avec une hépatomégalie à bord inférieur mousse, sans splénomégalie. Les dents sont en mauvais état. La bandelette urinaire montre une croix d’hématies. Tout le reste de l’examen est normal.Vous réalisez un premier bilan complémentaire dont voici les résultats :Bilan biologique: 19,9.109/l leucocytes dont 89% de polynucléaires neutrophiles, Hb 8 mmol/l, VGM 90 µ3, 341.109/l plaquettes, TP 100%, TCA 38 s, Na 129 mmol/l, K 2,4 mmol/l, créatininémie 92 µmol/l, urée 6 mmol/l, gammaGT 131 UI/L (6-50), phosphatases alcalines 56 UI/L (39-117), bilirubine conjuguée 5 UI/L (0-4), ASAT 84 UI/L (10-37), ALAT 40 UI/L (10-41), LDH 801 UI/L (200-480), CPK 1564 UI/L (20-190), CPKMB 41 UI/L (2-23), CRP 454 mg/l, troponine 0,36 ng/ml (normale < 0,4), myoglobine 543 UI/L (< 70). Gazométrie artérielle sous 15 l d’O2 au masque à haute concentration : pH 7,51, pO2 75 Kpa, pCO2 26 Kpa, bicarbonates 21 mmol/l.Electrocardiogramme: tachycardie sinusale 70/mnRadiographie thoraciquede face au lit montre deux opacités parenchymateuses alvéolaires lobe inférieur gauche et lobe supérieur droit",3,"L’antigène soluble urinaire Legionella revient positif dans les heures suivantes.
Quelle est la valeur diagnostique de ce test ?","Ce test a une bonne valeur diagnostique  :
- sa sensibilité est de 60-70% , sa spécificité de 99% 
- car il ne détecte que Legionella pneumophila de sérogroupe 1 , qui est responsable de 84-90% des cas déclarés de légionellose
- un test positif affirme donc le diagnostic = bonne valeur prédictive positive , mais un test négatif ne l’élimine pas = valeur prédictive négative médiocre 
- c’est de plus un test rapide à pratiquer (une heure environ) et accessible dans la plupart des laboratoires
- il est positif précocement dès le début de la maladie (2-3 jours après l’apparition des premiers signes cliniques)
- mais il reste positif pendant 2 mois environ, même après antibiothérapie adaptée",Pulmonology,Understanding,True
3003,"Monsieur D., 69 ans, est adressé aux urgences pour dyspnée aiguë.
Il se sait hypertendu mais ne prend plus aucun traitement depuis des années. Son médecin lui a parlé d’ « insuffisance rénale » et lui a prescrit des examens qu’il n’a jamais réalisés. Il pèse 87 kg pour 165 cm, et a subi 3 interventions chirurgicales (diverticules coliques, 2 éventrations).
Il se sentait essoufflé depuis quelques jours. Il a revu son médecin qui lui a fait pratiquer les examens que son épouse vous présente. La dyspnée s’est brutalement aggravée en pleine nuit.
À l’entrée, il est très dyspnéique, et ne supporte pas le decubitus. Vous notez des râles crépitants bilatéraux, remontant au tiers supérieur du thorax. La TA est à 220-120 mm Hg. Il présente des œdèmes modérés des chevilles.
Les résultats des analyses pratiquées il y a 48 heures sont les suivants : Na+ : 138 mmol/l, K+ : 5,6 mmol/l, Cl- : 102 mmol/l, CO2T : 14 mmol/l, protéines : 62 g/l, Ca++ : 2,03 mmol/l, urée : 32 mmol/l, créatinine : 556 µmol/l, GR : 3,26 1012/l, GB : 16,5 109/l, Hb : 5,6 mmol/l, Hte : 0,28 l/l, plaquettes : 223 109/l.
L’ECG inscrit une tachycardie régulière à 120/min, avec une hypertrophie ventriculaire gauche systolique.",2,"La troponine est à 0,6 ng/ml. Que pouvez-vous en conclure ?","Rien . Il y a 2 raisons d’observer une élévation de la troponine I : poussée d’insuffisance cardiaque  et insuffisance rénale . Rien ne permet de retenir (ou d’éliminer) une insuffisance coronarienne. Le dosage est à recontrôler ultérieurement . L’insuffisance rénale modifie également les taux de BNP (l’obésité aussi, mais en sens inverse).",Nephro-Urology,Reasoning,True
3008,"Monsieur M., 67 ans, consulte pour l’apparition récente d’œdèmes des membres inférieurs. Il a comme principaux antécédents une intoxication alcoolo tabagique et une artérite des membres inférieurs traitée par clopidogrel (Plavix®) et pentoxifylline (Torental 400®). L’état général est inchangé. Les œdèmes sont blancs, mous, indolores, prenant le godet, et remontent jusqu’aux lombes. La TA est à 165 – 95 mm Hg aux 2 bras ; elle est vérifiée à 3 reprises. Il pèse 68 kg ; son poids habituel est de 63 kg. Il est apyrétique. Il n’y a pas de détresse vitale.",1,Vous discutez a priori trois étiologies possibles de ces œdèmes. Précisez les éléments cliniques que vous recherchez en faveur de chacune d’entre elles.,"Bilan étiologique d’œdèmes des membres inférieurs remontant aux lombes , sans élément de gravité  chez un éthylo-tabagique  vasculaire  de 67 ans  :
• origine cardiaque  (cardiopathie ischémique , cardiomyopathie dilatée ) : recherche de turgescence jugulaire , de reflux hépato jugulaire , de  galop , de râles crépitants , éventuellement d’un souffle d’insuffisance mitrale
• origine hépatique  (décompensation œdémato ascitique ) : recherche d’ascite , de circulation collatérale porto cave , d’ictère , de signes d’insuffisance hépato cellulaire 
• origine rénale  : en l’absence des signes mentionnés ci-dessus , à confirmer par une bandelette urinaire 
• pas d’argument pour un autre étiologie d’œdèmes des membres inférieurs  : diarrhée, dénutrition, pathologie tumorale du petit bassin…",Nephro-Urology,Reasoning,True
3025,"Monsieur D. Serge, 66 ans, est déposé par les pompiers aux urgences pour dyspnée aiguë. Vous constatez une orthopnée, des râles crépitants diffus, mais prédominant à droite, un souffle 3/6 holosystolique de pointe, irradiant en axillaire gauche. Il existe des œdèmes discrets des membres inférieurs et une turgescence jugulaire. La TA est à 180 – 90 mm Hg, symétrique, la fréquence cardiaque à 110 bpm, régulière. La saturation est à 89 p. cent en air ambiant.
Son épouse qui l’accompagne vous apprend qu’il est hypertendu, traité par nifédipine (Chronadalate®) et indapamide (Fludex®), qu’il a eu un pontage coronarien il y a 6 ans. Le reste de son traitement inclut : aspirine (Aspégic®), clopidogrel (Plavix®) et patch de trinitrine (Discotrine 5 mg®). Par ailleurs, c’est un gros tabagique, avec une intoxication éthylique notable.",4,"Quelques semaines plus tard, son médecin vous appelle pour vous demander si Monsieur D. qui va bien ne bénéficierait pas d’un traitement par ß bloquant. Qu’en pensez-vous ? Quelles recommandations lui faites-vous  ? (Trois recommandations).","Oui, ils entraînent une réduction significative  de la mortalité  et de l’hospitalisation . Il n’y a pas d’effet classe et seules 3 molécules sont autorisées  : bisoprolol (Cardensiel®, Détensiel®) , carvédilol (Krédex®)  et métoprolol (Sélozok®) . Le traitement doit être associé à un IEC . Respect des contre indications  : asthme , bronchopathie sévère ,bradycardie  ou hypotension  symptomatiques .
A débuter chez un patient stable . Début progressif  avec paliers de 1 à 2 semaines , avec vérification de la tolérance  (TA , fréquence cardiaque , signes d’insuffisance cardiaque ).",Cardiology,Reasoning,True
3027,"Vous prenez votre première garde d’interne DES en anesthésie réanimation et vous êtes appelé par le médecin de garde des urgences le 2 novembre 2005 à 18h45 pour un patient qui l’inquiète.
Il s’agit de Monsieur G., 65 ans, que les pompiers ont déposé, il y a une heure environ pour « altération de l’état général ». Sa logeuse les a appelés, très inquiète de l’état de Monsieur G., qu’elle a retrouvé à peine conscient.
C’est un patient éthylo tabagique, diabétique non insulinodépendant et hypertendu. Son traitement associe metformine, acarbose (Glucor®), et énalapril – hydrochlorothiazide (Co Rénitec®). Vous l’avez souvent vu aux urgences, notamment lors de votre dernière garde d’externe, le 25 octobre. Il avait été admis pour une plaie de la jambe droite, secondaire à une chute dans un contexte d’ivresse aiguë. Il avait été suturé, et son traitement de sortie associait paracétamol et acide niflumique (Nifluril®).
La température est à 40°C. Monsieur G. est désorienté, sans signe de localisation ou méningé. La TA est à 90 – 65 mm Hg aux deux bras, le pouls à 130  bpm, régulier. Les extrémités sont froides, avec horripilation cutanée. Les veines périphériques sont plates. Vous notez des « marbrures » au niveau des deux genoux. La plaie laisse sourdre un liquide nauséabond. Il existe un placard inflammatoire très douloureux d’environ 15 x 10 cm, sans crépitation perceptible. Il reste dyspnéique malgré l’administration d’oxygène par masque facial. Il n’a pas uriné depuis le matin. L’état général est médiocre.
Le médecin de garde des urgences redoute un choc septique et vous demande de prendre en charge Monsieur G.",1,Quelles mesures symptomatiques débutez-vous ? (posologies non demandées) (sept en tout).,"Sepsis sévère ou choc septique  (stricto sensu en cas de persistance des troubles après remplissage et/ou utilisation d’amines pressives) :
• mise en place de voie(s) veineuse(s) périphériques 
• expansion volumique  : sérum salé isotonique  et/ou colloïdes (hydroxy éthyl amidon - Voluven® par exemple) 
• O2 par masque facial , pour obtenir une saturation trans-cutanée à au moins 92 p. cent 
• en cas d’insuffisance du remplissage, noradrénaline (Lévophed®) au  pousse seringue électrique 
• sonde vésicale 
• surveillance des constantes vitales 
• traitement débuté sur place et poursuivi en réanimation dès que possible	 .",Emergency Medicine,Reasoning,True
3100,"Un homme de 51 ans, représentant de commerce divorcé, est ramené par les pompiers aux urgences en raison de troubles du comportement. 
Il présente comme antécédent une hypertension artérielle non traitée. La semaine précédente, il s’était normalement rendu à ses rendez-vous. Il a été retrouvé seul, désorienté à son domicile dans un état d’incurie. Il se plaint d’être agressé par des serpents venimeux qui grimpent aux murs. L’examen clinique révèle une perplexité, une désorientation temporo-spatiale, un nystagmus. 
Il présente également un tremblement d’attitude, une érythrose faciale des angiomes stellaires et une parotidomégalie. Le poids est de 52 kg pour une taille de 1m75. La température centrale est à 38°5C, avec un pouls à 105, une tension artérielle à 169/90 et des sueurs profuses. On constate un foyer basithoracique droit de râles crépitants. Il n’y a pas d’hypoxie. 
Il existe une hépatomégalie à bord inférieur tranchant, sans lésion nodulaire palpable. On ne perçoit pas de splénomégalie. Il existe une circulation collatérale abdominale, sans matité des flancs.",1,Dans quel syndrome s’intègre la désorientation et quels sont les signes en faveur de votre hypothèse?,"La désorientation s’intègre dans le cadre d’un syndrome confusionnel avec onirisme définie par l’apparition récente (début aigu, moins d’une semaine) d’une désorganisation psychique en rapport avec une altération fluctuante de la vigilance et une obnubilation de la conscience associant des troubles psychiques (désorientation temporo-spatiale, perplexité et hallucinations zoopsiques).",Hepato-Gastroenterology,Reasoning,True
3118,"Patient de 49 ans, éthylisme et tabagisme chronique, pris en charge par le SAMU pour troubles de la conscience. A l’arrivée au domicile du patient : pression artérielle 60/40 mmHg, pouls presque imprenable, marbrures au niveau des genoux, pâleur intense, Glasgow 3, pâleur, T° 35°5C, Dextro 3,2 mmo/l, mydriase bilatérale réactive. L’interrogatoire de la famille révèle une hospitalisation pour ascite il y a 6 mois.",1,Quelles sont vos hypothèses diagnostiques ? Donner les arguments en faveur de chacune d’elle. Quelle est la plus probable ?,"Hypothèses : 
état de choc septique (pneumopathie ou méningite chez un éthylique), 
état de choc hypovolémique sur hémorragie digestive, 
état de choc cardiogénique sur infarctus du myocarde ou 
état de choc anaphylactique. 
Coma sur éthylisme aigue avec état de choc. 
Intoxication volontaire avec état de choc 
Arguments : 
Etat de choc hémorragique : 
éthylisme chronique 
avec hémorragie digestive soit sur varices oesophagienne (hospitalisation pour ascite) soit sur gastrite hémorragique soit sur ulcère, 
pâleur, 
pas d’argument en faveur d’un choc d’une autre origine. 
Etat de choc septique : 
éthylisme chronique, 
hypothermie, 
trouble de conscience (méningite) 
Etat de choc cardiogénique : un seul facteur de risque 
Etat de choc anaphylactique aucun argument. 
Coma éthylique : éthylisme chronique 
Intoxication : pas d’argument 
La cause la plus probable : état de choc hypovolémique sur hémorragie digestive",Hepato-Gastroenterology,Reasoning,True
3128,"Lors d'un remplacement de médecine générale, vous recevez dans votre cabinet un homme de 45 ans pour une asthénie apparue progressivement depuis 2 semaines alors qu'il était en vacances dans le sud de la France. 
Le patient, marié sans enfants, se plaint depuis quelques jours d'une sensation de pesanteur de l'hypochondre droit associée à des urines foncées. La température corporelle est normale. A l'examen clinique, vous notez un foie de taille normal mais sensible à la palpation, sans signes d'hypertension portale. Le toucher rectal est normal. Les aires ganglionnaires sont libres et le reste de l'examen clinique est normal. 
Le malade vous apporte les résultats d'un bilan biologique demandé par le médecin qu'il avait déjà consulté : 
Bilirubine : 20 µmol/l (Normale : 5 -17 µmol /l ) dont 80% de conjuguée 
TP : 80% 
SGOT : 6 fois la normale 
SGPT : 8 fois la normale",2,"Vous suspectez une hépatite aiguë virale. 
Quel bilan prescrivez vous ? Justifiez-le.","• Recherche du virus responsable 
• Sérologies hépatite A: IgM anti VHA 
• Sérologie hépatite B: Ag Hbs, Anticorps anti HBc de type IgM 
• Sérologie hépatite C: Anticorps anti VHC 
• Facteur V (facteurs pronostiques) 
• Echographie abdominale pour éliminer une dilatation des voies biliaires, un obstacle extra ou intra hépatique. 
• Le bilan virologique montre la présence d’anticorps anti HBc (type IgM).",Hepato-Gastroenterology,Reasoning,True
3144,"Mr C…, 47 ans est adressé aux urgences de l’hôpital par son médecin généraliste via les pompiers pour un coma. Il vit seul dans des conditions sociales difficiles et a été découvert à 9h du matin par son voisin, habillé, allongé sur le carrelage de sa cuisine.La lettre du médecin traitant précise que les antécédents comportent une admission aux urgences pour ivresse 3 mois plus tôt et une intoxication volontaire médicamenteuse il y a un an. Son traitement habituel est méprobamate (Equanil? 400 mg) 2cp/j.A l’admission aux urgences à 9h45, alors que le patient est sous oxygène (6 L/mn), l’examen révèle : score de Glasgow à 10/15, pression artérielle 130/85 mmHg, FC 65/mn, rythme respiratoire 18/min, température 35,5°C. Les pupilles sont intermédiaires symétriques et réactives et les réflexes ostéotendineux symétriques faibles. Il n’y a pas de lésion traumatique mais on observe une lésion phlycténulaire du genou gauche et un œdème de la hanche gauche. La saturométrie digitale est à 96% et l’ECG est normal.Les résultats des examens biologiques sur prélèvement veineux sont les suivants : glycémie 3,5 mmol/l, natrémie 142 mmol/l, kaliémie 4,2 mmol/l, créatinine 80 µmol/l, éthanol 1,2 g/l, méprobamate 10 mg/l (concentration toxique >20mg/l), CPK 1200UI/l (N<100). Le prélèvement artériel donne : pH 7,36, PCO2 30mmHg, PO2 120 mmHg (sous 6 l d’O2/mn), bicarbonates 22 mmol/l, HbO2 73%, HbCO 22%, MethHb 1%, lactates 3,5 mmol/l.",1,Quelles hypothèses diagnostiques évoquez-vous à l’admission du patient ? Comment les confirmez-vous ?,"Coma éthylique
      Atcd ivresse
      Alcoolémie
Intox médicamenteuse
      méprobamate
      Dosage sanguin, screening
Intox CO
      Coma espace clos ou dosage CO air ambiant
      Doser HbCO
Hypoglycémie
     Glycémie capillaire ou veineuse
Epilepsie, coma post critique
Traumatisme (HED,HSD, …)
Métabolique ou hyponatrémie
Encéphalite ou méningoencéphalite
rhabdomyolyse
    Dosage CPK",Forensic Medicine and Toxicology,Reasoning,True
3153,"Vous êtes interne de garde aux urgences médicales. Un homme de 45 ans  est amené par sa femme pour une fièvre et une toux persistante. Il est fumeur (35 paquets année) et gros buveur. Il a été splénectomisé il y a 3 ans suite à un accident de la voie publique.Les premiers symptômes auraient débuté il y a 72 heures avec l’apparition brutale d’une douleur basi thoracique gauche. Le patient est par ailleurs asthénique depuis plusieurs semaines.A l’examen, le patient est pâle, couvert de sueurs et présente une toux grasse avec expectoration blanchâtre. La fréquence cardiaque est à 115/min, la pression artérielle à 100/ 65 mmHg, la fréquence respiratoire  à 26/min et la température à 39,5 °C.L’examen pulmonaire révèle une matité de la base gauche et à l’auscultation des crépitants et un souffle tubaire de la partie inférieure du champ pulmonaire gauche. Le murmure vésiculaire est diminué dans cette zone.La langue est saburrale et il existe une circulation collatérale abdominale. Le patient est nauséeux. Vous notez un débord hépatique de 2 travers de doigt. Le reste de l’examen clinique est sans particularité notable.Les données biologiques sont les suivantes : Gaz du sang (air ambiant) : pH= 7,28  PaCO2 = 51 mmHg   PaO2 = 60 mmHg   HCO3- = 21,5 mmol/l SaO2 = 90 %. NFS : Globules blancs 19.000/mm3 ;  Hb 11,3 g/dl ; Plaquettes 320.000/mm3 ; VGM 102 fl. TCA 40/35 ;  TP 65 % ;  Fibrinogène  5,5 g/l. Na+   130 mmol/l ; K+  5,2 mmol/l ; Cl- 88 mmol/l ; CO2 tot 23 mmol/l ; Urée 14 mmol/l ; Créatinine 135 micmol/l ; Protides 80 g/l ; Transaminases 1,5 N ; GammaGT 4 N ; CRP 230 mg/l.Radiographie thoracique de face",1,Quel diagnostic évoquez-vous en priorité ? Sur quels arguments ?,"Pneumopathie (ou pneumonie)   franche lobaire  aigue du lobe inférieur du poumon gauche 
Terrain : Alcoolisme chronique , splénectomie 
Clinique : syndrome infectieux (ou sepsis)  , début brutal , douleur basithoracique , condensation pulmonaire 
Paraclinique : syndrome inflammatoire , hyperleucocytose , syndrome de condensation",Pulmonology,Reasoning,True
3177,"Monsieur B., 84 ans, est institutionnalisé depuis 18 mois en raison d’une perte d’autonomie progressive. Il présente les antécédents suivants : Hypertension artérielle (chiffres habituels : 160/90 mmHg), maladie de Parkinson, syndrome dépressif, diabète non insulino dépendant diagnostiqué il y a 10 ans, résection endoscopique de prostate il y a 12 ans.- Prises médicamenteuses actuelles : Glibenclamide (daonil) : 3 cp/j, Amlodipine (Amlor) : 10 mg/j, Furosémide (lasilix) : 40 mg/j), Amitriptiline (Laroxyl) : 100mg/j.- Il vous est adressé pour incontinence urinaire par son entourage qui a remarqué que Monsieur B. présente des fuites d’urines permanentes depuis plusieurs mois l’obligeant à se garnir jour et nuit.",1,"Précisez les principales étiologies possibles de ces fuites d’urines, justifiez votre choix à chaque fois, à partir des éléments décrits dans l’observation.","- Rétention chronique d’urine avec miction par regorgement par :
Un obstacle sous-vésical (RTUP)
Une acontractilité vésicale en rapport avec
 trouble des fonctions supérieures (perte d’autonomie, dépression, Parkinson)
 une neuropathie diabétique
 prise d’antidépresseur à action anticholinergique
- Fuite par impériosités en rapport avec une instabilité vésicale d’origine centrale (dépression, parkinson)",Nephro-Urology,Reasoning,True
3197,"Mme M. B., âgée de 59 ans, a des antécédents de tabagisme (à 30 paquets-années) et d’hystérectomie avec annexectomie bilatérale il y a 16 ans. Elle consulte pour une sécheresse buccale, et une impression d’avoir du ""sable dans les yeux"" évoluant depuis un an.A l’examen clinique, le poids est à 50 kg, la tension artérielle à 11/6 et le ? à 77/min.L’examen cardio-vasculaire, pulmonaire, abdominal et neurologique est normal ; les aires ganglionnaires sont libres.",1,Quel diagnostic vous paraît le plus probable ? Justifiez votre réponse.,"Syndrome de Gougerot-Sjögren, car : 
- Terrain : 	
  femme 
  âge : 59  
- Xérostomie 
- Xérophtalmie",Immunology,Reasoning,True
3246,"Monsieur M. a 78 ans. Il a fumé 20 cigarettes par jour de l’âge de 20 ans à l’âge de 60 ans. Il a arrêté de fumer en prenant sa retraite de charcutier.Il est hospitalisé le 6 décembre 2005 pour un épisode pulmonaire aigû ayant débuté brutalement la veille par une douleur basi-thoracique droite avec fièvre à 40°, frissons, obésité ancienne.On retient dans ses antécédents :- une obésité ancienne- une bronchite chronique reconnue depuis 6 ans et responsable d’une dyspnée à la marche depuis 2 ans . Le pneumologue consulté il y a 2 ans avait fait une radiographie pulmonaire qui montrait des signes de distension et un cœur de volume normal. L’exploration fonctionnelle montrait un VEMS/CV à 60 % de la valeur théorique avec une gazométrie articulée normale au repos. Des bronchodilatateurs inhalés avaient été prescrits.Le 6 décembre 2005, vous recevez le malade aux urgences et vous notez une toux avec expectoration purulente, une dyspnée de repos, une cyanose des lèvres, une tachycardie régulière, la persistance d’une fièvre à 39 °, l’absence de signe clinique d’insuffisance cardiaque et une conscience normale . L’auscultation pulmonaire fait entendre un foyer de râles crépitants de la base droite et des signes d’encombrement bronchique . La radiographie pulmonaire (face-profil) confirme l’existence d’un foyer de condensation pulmonaire du lobe inférieur droit . Les gaz du sang mesurés en air ambiant sont les suivants :- Pa 02 : 8.25 -Kpa Pa C02 6,30 - Bicarbonates : 28 mmol/l - pH : 7,36",1,Comment interprétez-vous ces résultats gazométriques ?,"Hypoxémie avec hypercapnie (Hypoventilation alvéolaire)
?Aidose gazeuse compensée",Pulmonology,Reasoning,True
3251,"Un homme de 55 ans est adressé aux Urgences par son médecin traitant pour des crachats hémoptoïques.Depuis son retour de congés en Guadeloupe il y a deux jours, le patient souffre d’une douleur localisée de la base droite et d’une dyspnée d’effort de stade III. La douleur est majorée par l’inspiration profonde. Le patient fume un paquet de cigarettes par jour depuis vingt ans et a une bronchite chronique. Ses expectorations sont blanchâtres. Il a par ailleurs une hypercholestérolémie non traitée et un diabète de type II.L’examen clinique retrouve une TA à 120/80, un pouls à 118/mn, une température à 38,2°C. Le poids est de 105 kg pour une taille de 1,62 m. L’état général est conservé. On ne retrouve pas de cyanose mais une fréquence respiratoire à 24/mn. On note une diminution globale de l’ampliation thoracique et une diminution du murmure vésiculaire à l’auscultation de la base droite. Il n’existe pas de râles crépitants ou sibilants. L’auscultation cardiaque ne retrouve pas de bruit anormal. Le reste de l’examen est sans particularité et on ne retrouve pas de signe de Homans.L’électrocardiogramme retrouve une déviation droite du QRS avec une onde p pulmonaire. Les gaz du sang en air ambiant retrouvent une PaO2 à 8,5 kPa, une PaCO2 à 4,3 kPa, une réserve alcaline à 19 mMol/L et un pH à 7,45.",1,Vous suspectez une embolie pulmonaire. Quel est le degré de probabilité clinique d’embolie pulmonaire et sur quels éléments l’établissez-vous ?,"- probabilité clinique est élevée (ou forte) 
- présence de deux facteurs de risque de MTV (obésité, voyage en avion) 
- signes cliniques évocateurs (hémoptysie, douleur thoracique, dyspnée récente) 
- signes ECG évocateurs 
- effet shunt à la gazométrie artérielle",Pulmonology,Reasoning,True
3265,"Mr S., âgé de 62 ans, consulte aux Urgences en raison d'une dyspnée d'aggravation rapidement progressive, à l'effort puis au repos, et d'une orthopnée, dans un contexte fébrile.Ce patient ancien horticulteur, présente dans ses antécédents : une hypertension artérielle nécessitant une quadrithérapie (ALDOMET 500 mg : 2/j, LOXEN 50 2/j, LASILIX 20 : 1/j), un tabagisme actif à 35 paquets année.A l'interrogatoire, on retrouve une toux grasse, des expectorations purulentes, ainsi qu'une toux et des expectorations muqueuses matinales quotidiennes depuis cinq ans.
A son entrée, le patient est subfébrile (température 38°1), hypertendu (TA 18/10) et tachycarde (Fc 100/mn). Il présente une fréquence respiratoire à 28/mn et une saturation en oxygène à 88 % sous 3 litres d'oxygène. A l'auscultation pulmonaire, on retrouve des râles crépitants bilatéraux, remontant à mi-champ, et un frein expiratoire (sibilants ?). A l'auscultation cardiaque, on perçoit un bruit de galop, sans souffle associé. On retrouve une turgescence jugulaire, un reflux hépato-jugulaire et des oedèmes des membres inférieurs prenant le godet. Les mollets sont souples, indolores, sans signe de Homans.A l'entrée, les examens biologiques effectués sont les suivants :NFS : GB 12 900 g/l ; PNN 8640 g/l ; PNB 0 ; PNE 0Urée 4,2 mmol/l, créatinine 59 mmol/l, natrémie 135 mmol/l, kaliémie 3,6 mmol/lProtéine C reactive 143 UI/l ; troponine 0 ; D-dimères négatifsGaz du sang sous 3 litres d'O² : pH 7,38 ; Pa CO² 6,51 kPa ; Pa O2 7,4 kPa ; HCO3- : 29,3 ; saturation 88 %.Radiographie thoracique : cardiomégalie et opacités alvéolaires, floues, mal limitées, bilatérales, symétriques et périhilaires.ECG en annexe.",1,Comment interprétez-vous l'ECG ?,"Tachycardie sinusale
           	Pas de trouble de la repolarisation ni de la conduction
Axe +90°",Cardiology,Reasoning,True
3272,"Monsieur T. 55 ans, calorifugeur de centrale thermique est hospitalisé pour une pneumopathie aigüe du lobe supérieur droit de début brutal avec douleurs de la base droite, fièvre à 40° et frissons.On retient dans ses antécédents une BPCO post tabagique (40 paquets/année), traitée par bronchodilatateurs locaux. A son admission dans le service de Pneumologie, on observe une dyspnée à 35/mn, une cyanose, des sueurs, des râles crépitants entendus en foyer dans l'aisselle droite. L'expectoration est purulente, abondante. L'examen cardiovasculaire est normal en dehors d'une tachycardie régulière à 100/mn.La radiographie thoracique montre une image d'abcès au sein d'une condensation du lobe supérieur droit qui apparaît, par ailleurs, rétractée avec un élargissement médiastinal et une opacité pleurale droite compatible avec une pleurésie de moyenne abondance.",1,Quels examens complémentaires demandez-vous pour essayer d'établir un diagnostic bactériologique de cette pneumopathie aiguë abcédée ?,"Examen cyto bactériologiqiue de l'expectoration
Hémocultures répétées au-dessus de 38° et en cas de frissons, avant antibiothérapie
Ponction transtrachéale ou prélèvement endo bronchique protégé au cours d'une fibroscopie bronchique
Etude bactériologique sur le liquide de ponction pleurale",Pulmonology,Understanding,True
3292,"Un homme de 85 ans est adressé aux urgences pour dyspnée aiguë associée à des palpitations depuis 10 heures. Son traitement habituel comporte :lasilix@ 20 mg:1/jour et triatecà :1/jourA l’examen, la température est à 39°C. Le poids est de 95 Kg pour une taille d’1m70 le patient est cyanosé, sa fréquence respiratoire est à 30/minute avec un tirage intercostal. L’auscultation pulmonaire met en évidence des crépitants de la moitié inférieure des 2 champs pulmonaires avec des sibilants. Le rythme cardiaque est irrégulier à 130/minute. Le patient présente un ulcère rétro malléolaire gauche, surinfecté associé à une dermite ocre et à des varices. Sa jambe gauche est oedématiée rouge, chaude, inflammatoire et douloureuse. Il existe une adénopathie inguinale, un intertrigo inter orteil et un ongle du gros orteil globalement épaissi, de coloration crayeuse et friable dans sa partie distale.D’après son médecin traitant contacté par téléphone, le patient avait habituellement un rythme cardiaque régulier.",1,Quels examens complémentaires demandez-vous en urgence ?,"ECG 
Radiographie thoracique de face
NFS, CRP, TP, TCA, ionogramme sanguin
Gaz du sang
Hémocultures",Dermatology,Reasoning,True
3311,"Une femme de 38 ans se sait atteinte d'une insuffisance mitrale depuis l'adolescence, période à laquelle un souffle cardiaque a été mis en évidence. Cette anomalie n'est apparemment pas d'origine rhumatismale car aucun argument n'a été trouvé en faveur de cette étiologie. Jusqu'à une période récente, la maladie n'entraînait aucune limitation aux activités physiques et même sportives (tennis, ski, jogging). Deux accouchements ont été menés à terme sans complication. Depuis environ deux mois, elle ressent des palpitations, avec sensation de tachycardie irrégulière passagère, durant de quelques minutes à une ou deux heures. Elle se dit un peu plus essoufflée, notamment lors des efforts intenses. Elle consulte en raison de ces symptômes. A l'examen, la patiente est en excellent état général, pèse 54 kg pour 1 m 68. Le cœur est régulier à 70/mn, la tension artérielle est à 120/70 mmHg. L'auscultation cardiaque trouve un souffle systolique de pointe, méso et télé-systolique, irradiant largement vers l'aisselle, et on note l'existence d'un click méso-systolique très net. Il n'y a aucune anomalie à l'auscultation cardiaque (pulmonaire) et le reste de l'examen est normal.",1,"D'après les éléments de l'examen cardiaque, quelle est l'étiologie la plus probable de l'insuffisance mitrale ?",IM d'origine dystrophique avec prolapsus de la valve mitrale,Cardiology,Understanding,True
3317,"Une patiente de 46 ans consulte son médecin traitant pour une asthénie d’aggravation progressive apparue depuis quelques semaines et associée à des douleurs abdominales modérées et parfois des troubles du transit à type d’alternance de diarrhée et de constipation. 
L’examen clinique retrouve une pâleur cutanéo-muqueuse associée à une peau sèche ainsi qu’une glossite. La palpation abdominale objective une discrète hépatomégalie  sensible sans autre organomégalie. Les aires ganglionnaires sont libres et l’auscultation cardio-pulmonaire est normale en dehors d’une discrète tachycardie. La patiente est apyrétique et la pression artérielle est mesurée à 110/65 mm Hg. Elle n'a pas d'antécédents médicaux ou chirurgicaux particuliers et ne prend aucun traitement.Devant ce tableau son médecin décide de réaliser un bilan biologique complémentaire dont voici les résultats :- GR : 3,75 T/L- Hb : 8,6 g/dL- Ht : 0,29- VGM : 77 fL- TCMH : 23 pg- CCMH : 29 pg/dL- GB : 11 G/L. Neutrophiles  78%. Eosinophiles  1%. Basophiles  0%. Lymphocytes  17%. Monocytes  4%- Plaquettes : 578 G/L- Sodium : 138 mmol/L- Potassium : 3,9 mmol/L- Urée : 6,5 mmol/L- Créatinémie : 80 µmol/L- VS : 28 mm à la 1ère heure- CRP : 18 mg/L- Protides : 69 g/L- Ferritine : 19 µg/L (N de 20 à 150 µg/L)- ASAT/TGO : 120 UI/L (N 5 à 28 UI/L)- ALAT/TGP : 110 UI/L (N 4 à 26 UI/L)- Phosphatases alcalines : 200 UI/L(N 40 à 150 UI/L)- Gamma GT : 49 UI/L(N 5 à 36 UI/L)- Bilirubine totale : 12 µmol/L (N < 17 µmol/L)",1,Analyser l’hémogramme et les autres résultats biologiques de la patiente.,"anémie microcytaire hypochrome 
hyperleucocytose à polynucléaires neutrophiles 
thrombocytose
ionogramme normal
fonction rénale normale
syndrome inflammatoire
cholestase anictérique",Hematology,Reasoning,True
3335,"Un homme de 70 ans (A) est admis pour perte de connaissance complète de survenue brutale (B) ayant  occasionné une chute en avant alors qu’il faisait un effort de jardinage (C). Sa femme qui était présente lors du malaise signale quelques mouvements convulsifs des bras (D) et une perte d’urines (E). Il a repris conscience en quelques secondes (F) et s’apprêtait à reprendre ses activités mais sa femme a préféré qu’il consulte qu’il a fait deux autres malaises lipothymiques depuis un mois.A l’examen clinique, la tension artérielle est à 150/90 mmHg et le pouls à 85/min. Il n’y a pas de morsure de langue  (G), pas d’anomalie neurologique (H), ni signes d’insuffisance cardiaque (I). Vous constatez par ailleurs des varices des membres inférieurs (J) et une contusion orbitaire droite (K).Vous entendez un souffle systolique râpeux au foyer aortique déjà connu avec un deuxième bruit un peu diminué (L).L’interrogatoire vous apprend qu’il prend un diurétique et un inhibiteur de l’enzyme de conversion pour une HTA (M) et une statine pour une dyslipidémie (N).",1,Quels éléments de l’interrogatoire et de l’examen clinique vous permettent d’éliminer une crise d’épilepsie ?,"F, G, H sont très en faveur du diagnostic de syncope et non d’épilepsie.",Cardiology,Reasoning,True
3369,"Un homme de trente ans consulte aux urgences pour une dyspnée d’effort associée à une toux sèche évoluant depuis deux mois.A l’interrogatoire, on retrouve :- Tabac 12 paquets-années- Maladie de Hodgkin avec localisations cervicales et hépatiques, en cours de chimiothérapie (Adriamycine, Vincristine, Bléomycine et prednisone). La radio thoracique préthérapeutique était normale.L’examen clinique retrouve une température normale, une fréquence cardiaque à 105 par minute, une tension artérielle à 15/8. L’auscultation pulmonaire retrouve des crépitants aux deux bases.La radiographie thoracique retrouve un syndrome interstitiel bilatéral prédominant aux bases.La gazométrie artérielle est la suivante : PO2 6,8kPa, PCO2 = 3,9 kPa, pH = 7,49, Bicar = 20 mmol/l",1,Quels éléments manquent dans l’énoncé afin d’évaluer la gravité clinique et gazométrique du patient. Interprétez les gaz du sang.,"Gravité clinique : fréquence respiratoire , signes de lutte (tirage intercostal , susclaviculaire , balancement thoracoabdominal ), retentissement neurologique (agitation, confusion), signes d’insuffisance circulatoire périphérique , oligurie (difficile à recueillir à l’interrogatoire).

Gravité gazométrique : les conditions de réalisation du bilan gazeux  : sous oxygène ou en air ambiant ? (6,8kPa de PO2 en air ambiant n’a pas la même signification en terme de gravité que 6,8kPa sous 15litres au masque Haute concentration)

Hyperventilation  avec  une alcalose respiratoire  partiellement compensée  (baisse de la réserve alcaline mais pas suffisante pour normaliser le pH). Très probalble effet shunt avec hypoxémie  et hypocapnie  (Somme PaO2 + PCO2 < 16kPa ou 120mmHg)",Pulmonology,Reasoning,True
3445,"Un homme de 42 ans (A), sans antécédents notables, tabagique (20PA) (B) est admis aux urgences pour une douleur thoracique intense irradiant dans l’épaule gauche (C), trinitrorésistante (D).
A l’admission, le patient est toujours très algique, angoissé (E), et supporte mal la position allongée (F). La tension artérielle est à 170/100mmHg aux deux bras (G) et la fréquence cardiaque à 100/min. Le reste de l’examen est normal en dehors d’un fébricule à 37.8°C (H).",1,"Avant tout examen complémentaire, quels sont les diagnostics à évoquer ? (réponses par lettres)","- infarctus du myocarde aigu car A, B, C, D, E
- dissection aortique car C, E
- embolie pulmonaire car C, E
- péricardite aiguë car C, D, E, F, H",Cardiology,Reasoning,True
3472,"Vous êtes appelés au secours d’une infirmière de nuit pour confusion chez un patient bronchopathe chronique, tabagique non sevré à 70 paquets-années. Ce patient avait été hospitalisé le jour même en médecine interne pour décompensation aiguë de BPCO au décours d’une surinfection bronchique. Il avait comme traitement à domicile du Combivent en inhalation et son médecin avait rajouté récemment du Lasilix pour l’apparition d’œdème des membres inférieurs.A l’admission, le patient était vigile, cyanosé, avec une fréquence respiratoire à 34 par minute, et une saturation en air ambiant à 80%. La température était à 38°5. L’auscultation retrouvait un murmure vésiculaire diminué, la présence de ronchis bilatéraux et sibilants expiratoires.La gazométrie artérielle retrouvait une PO2 à  6.6 kPa (50mmHg), une PCO2 à 8.6 kPa (65 mmHg), un pH à 7.35 et des Bicar à 35mmmol/l.La Radio thoracique retrouve une distension sans foyer. Un traitement par oxygène nasal à 4l/min permettait d’obtenir une saturation à 88% et un traitement par aérosols de Bricanyl et Atrovent 4 fois par jour était débuté en association à une antibiothérapie par Augmentin 3 grammes par jour et la poursuite du Lasilix.A votre arrivée, le patient est en sueurs, agité,. La TA est à 19/12, la fréquence cardiaque est à 110/min, la F.R est à 15/min et la SaO2 à 88%, la température à 37°8 et l’auscultation pulmonaire toujours un murmure vésiculaire diminué et des sibilants.La gazométrie artérielle retrouvait une PO2 à  7.7 kPa (58mmHg), une PCO2 à 11.3 kPa (85 mmHg), un pH à 7.25 et des Bicar à 36mmmol/l.",1,Quel est votre diagnostic concernant l’aggravation du patient ? Quelles en sont les étiologies à évoquer ici et à rechercher de manière systématique ? Quel signe n’a pas été recherché  l’examen clinique ?,"Encéphalopathie respiratoire hypercapnique avec acidose respiratoire chez un patient insuffisant respiratoire chronique favorisée par :
- un épuisement respiratoire (encombrement, bronchospasme)
- un traitement diurétique alcalinisant
- l’oxygénothérapie à fort débit peut être responsable d’une aggravation mais le débit était réglé ici au minimum (sat à 88%)
Recherche d’un astérixis confirmant l’encéphalopathie (rendant donc moins probable les autres causes de troubles de la conscience)",Pulmonology,Reasoning,True
3483,"Un homme de 55 ans est hospitalisé dans votre service dans les suites d’une pleuro-pneumopathie droite à pneumocoque, les radiographies du thorax ayant montré la persistance d’une opacité du lobe supérieur droit de 2 cm de diamètre, associée à des adénopathies médiastinales homolatérales.Dans ses antécédents, on note :- un tabagisme à 25 paquets-années- une bronchite chronique- une hypertension artérielle modéréeIl présente une altération récente de son état général (perte de 5 kg en 2 mois) et une modification de sa toux.",1,"Quelles sont vos trois hypothèses diagnostiques ? Dans ce contexte, laquelle est la plus probable ?","- cancer bronchique primitif 
- tuberculose pulmonaire 
- pneumopathie lentement résolutive",Pulmonology,Reasoning,True
3525,"Une patiente de 68 ans est amenée aux Urgences par le SAMU pour troubles de conscience et détresse respiratoire.L’histoire de la maladie a débuté le 23 mai par un tableau pseudo-grippal associant asthénie et myalgies. La patiente n’a pas mesuré sa température. Elle a pris du paracétamol pour les douleurs.Dans la nuit du 25 mai, à 5h du matin, le mari de la patiente appelle le SAMU du fait de l’apparition brutale d’un essoufflement. Lorsque l’équipe médicale arrive au domicile, la patiente est en pleine crise convulsive généralisée. Le score de Glasgow est à 10, la tension artérielle à 215/120 mm Hg, le pouls à 120/mn régulier, la fréquence respiratoire à 22/mn et la saturation en air ambiant à 79%, la glycémie capillaire à 8,8 mmol/l, la température à 37,8°C.L’examen clinique note des crépitants à la base droite.L’interrogatoire du mari ne révèle aucun antécédent particulier ni allergie concernant la patiente. Elle ne prend pas de traitement, hormis le paracétamol actuellement. Elle n’a pas voyagé récemment. Personne de son entourage n’a été malade.",1,Quelle prise en charge thérapeutique proposez-vous jusqu’au transfert aux Urgences ?,"Urgence   thérapeutique.
Position latérale de sécurité  en assurant la liberté des voies aériennes    supérieures (mise en place d’une canule de Guedel). 
Oxygénothérapie    par masque facial.
Voie veineuse    périphérique.
Anticonvulsivant  IV   : benzodiazépine d’action rapide (Rivotril® = clonazépam ou  Valium® = diazépam (2   au choix))
Relais par autre anticonvulsivant en cas de persistance ou de répétition des crises sans retour à la conscience (traitement d’un état de mal convulsif) : phospho phénitoïne (ProDilantin®) ou phénobarbital (Gardénal®) IV.
Intubation oro-trachéale pour protection des voies aériennes si aggravation des troubles de conscience.
Surveillance    continue : pouls, tension artérielle, SaO2, fréquence respiratoire, conscience et examen neurologique.
Isolement respiratoire.",Emergency Medicine,Reasoning,True
3546,"Vous recevez le 29 juin dans votre service hospitalier un homme de 34 ans envoyé par son médecin traitant.L’histoire débute le 17/06 par une injection de Subutex® (buprénorphine) dans les veines du dos du pied, avec mesures d’asepsie habituelles et kit d’injection stérile. Le 19/06 apparaît brutalement un tableau associant fièvre, frissons, sueurs, arthromyalgies, dyspnée, toux sèche puis productive avec expectorations muco-purulentes, parfois un peu hémoptoïques, diarrhée,  et une franche altération de l’état général (perte de 5 kg, avec poids de base 62 kg pour 180 cm). Le patient consulte son médecin généraliste qui prescrit de l’amoxicilline – acide clavulanique associé à de l’ofloxacine du 22 au 28 juin. La fièvre diminue, sans retour complet à l’apyrexie, mais l’altération de l’état général persiste ainsi que les symptômes respiratoires, ce qui conduit à l’hospitalisation.Ce patient a arrêté la toxicomanie à l’héroïne depuis 10 ans et prend du Subutex® depuis. Il n’est pas suivi par une équipe spécialisée. Il s’injecte occasionnellement le Subutex®, surtout en contexte de stress professionnel (il est gérant de magasin). Il présente aussi un tabagisme évalué à 17 paquets-année. Il n’a pas d’autre antécédent, ne prend pas d’autre traitement et n’a pas d’allergie.",3,Comment expliquez-vous l’échec de la bithérapie amoxicilline – acide clavulanique + ofloxacine donnée par le médecin généraliste ?,"Plusieurs hypothèses, probablement associées :

- persistance de la porte d’entrée   au niveau du pied : pas d’abcès a priori, possible thrombophlébite septique  
- localisations secondaires septiques  nécessitant de plus fortes posologies   d’antibiotiques (et un traitement parentéral) : endocardite , abcès pulmonaires 
- résistance du germe à l’ofloxacine   (probable mutation apparue en cours de traitement) (le staphylocoque est par contre sensible à l’amoxicilline – acide clavulanique, puisque le mécanisme de résistance est la production d’une pénicillinase).",Infectious Diseases,Reasoning,True
3551,"Aude, 19 ans, est amenée aux Urgences le 11 octobre par sa mère pour fièvre et somnolence.L’interrogatoire de la jeune patiente est impossible du fait d’une obnubilation majeure. La mère vous apprend que sa fille a séjourné au Burkina-Faso (zone 2) du 3 au 25 août dans le cadre d’un stage avec les scouts. Elle a pris l’association chloroquine-proguanil (Savarine®) 1 comprimé/jour du 2 août au 25 septembre. Ses vaccinations diphtérie-tétanos-poliomyélite, hépatite B, hépatite A, fièvre jaune et typhoïde étaient à jour. Aude n’a pas d’antécédents particuliers, prend la pilule et n’est pas allergique. Elle est étudiante à la faculté de lettres.Depuis le 4 octobre, Aude présente une fièvre élevée (39 voire 40°C), avec une fatigue majeure et une absence d’appétit, associés à des maux de têtes intenses. Les signes ne disparaissant pas sous paracétamol, la patiente consulte son généraliste le 9 octobre. Celui-ci fait réaliser un bilan biologique qui montre :- Hb 8,1 mmol/l, 4.109/l polynucléaires neutrophiles, 0,8.109/l lymphocytes, 76.109/l plaquettes- VS 23 mm à la 1ère heure- Na 138 mmol/l, K 4,1 mmol/l, créatininémie 65 µmol/l, ALAT 98 UI/l et ASAT 78 UI/l- Frottis paludisme négatifLe médecin poursuit donc le traitement symptomatique.Votre examen clinique montre :- température 39,7°C, pouls 100/mn régulier, tension artérielle 130/60 mm Hg, glycémie capillaire 5,2 mmol/l- obnubilation marquée avec score de Glasgow à 11, pas de signe de localisation neurologique, pas de syndrome méningé- splénomégalie, pas d’hépatomégalie, abdomen souple, dépressible et indolore- examen cutanéo-muqueux sans particularité- auscultation cardio-pulmonaire normale- aires ganglionnaires libres- bandelette urinaire : négative",2,Quelle est votre prise en charge diagnostique et thérapeutique immédiate ?,"Au plan diagnostique :

- rechercher un paludisme : frottis sanguin paludisme   en urgence
- refaire un bilan biologique pour l’évolutivité et pour éliminer les causes métaboliques : ionogramme sanguin , glycémie , calcémie , créatininémie , transaminases , phosphatases alcalines , bilirubine , NFS plaquettes , TP TCA ,  CRP
- hémocultures
- si le frottis paludisme est négatif, faire une ponction lombaire   (en l’absence de troubles de la coagulation)
Pas d’indication d’imagerie cérébrale en 1ère intention, car pas de signes de localisation neurologique.

Au plan thérapeutique : 

- voie veineuse périphérique  
- antipyrétique :  paracétamol  IV  
- assurer la liberté des voies aériennes, oxygénothérapie  
- surveillance   continue : pouls, tension artérielle, conscience
- transfert rapide médicalisé  en réanimation",Infectious Diseases,Reasoning,True
3601,"Un homme de 38 ans consulte pour une fièvre persistante (38,2°C-38,8°C), des sueurs et une toux. Un mois auparavant, il a été traité par levofloxacine pour une pneumopathie droite. Pendant la durée de l’antibiothérapie les symptômes s’étaient améliorés, mais la fièvre est réapparue après l’arrêt de l’antibiothérapie. L’interrogatoire vous apprend que depuis 1 an, il a été traité à 4 reprises par antibiotiques pour des épisodes d’infections pulmonaires. Dans ses antécédents, on retient la mise en place 3 ans auparavant d’un pace-maker double chambre pour dysfonction du nœud sinusal. Il ne prend aucun médicament, n’a aucune allergie et n’avoue pas de toxicomanie.A l’examen, le pouls est à 65/mn et la TA est à 145/75 mmHg. Un souffle parasternal gauche est perçu (2/6), holosystolique, augmentant à l’inspiration. Un reflux hépato-jugulaire est présent. L’auscultation pulmonaire est normale. La peau en regard du pace-maker est normale. Le reste de l’examen est normal. Le bilan biologique s’établit comme suit :Globules blancs à 11700/mm3 à prédominance de polynucléaires neutrophiles (85%), hémoglobine à 13,8 g/dl et plaquettes à 192000/mm3VS à 20 mm à la première heure et CRP à 158 mg/l.SGOT à 40 U/L (N = 10-35), SGPT à 68 U/L (N = 5-40), Phosphatases alcalines 262 U/L (N = 30-120) et ?GT à 155 U/L. La fonction rénale est normale.La radiographie pulmonaire révèle un infiltrat du lobe supérieur droit et un infiltrat du lobe inférieur gauche.",1,Quelle valvulopathie suspectez-vous ? Justifier,"Souffle d’insuffisance tricuspidienne  
foyer évocateur,  
Souffle holosystolique, 
augmentant à l’inspiration",Cardiology,Reasoning,True
3613,"Mme C, 32 ans, consulte pour fièvre à 39°C depuis 3 jours, anorexie et grande asthénie. Cette patiente est séropositive pour le VIH (stade A) et prend un traitement comportant COMBIVIR® et KALETRA®. Elle a une charge virale < 50 copies/ml et un taux de lymphocytes T CD4+ à 567/mm3 (32%). L’état général est altéré et elle décrit une poussée d’herpès sur toute la lèvre inférieure. La fréquence respiratoire est à 22/min, la tension artérielle à 110/850 mmHg et le pouls à 96/min. Elle tousse mais ne crache pas. L’auscultation pulmonaire met en évidence un foyer de râles crépitants de la base droite. L’examen neurologique est normal. La radiographie pulmonaire montre une opacité systématisée du lobe inférieur droit avec un bronchogramme aérien.",1,Quels sont les signes cliniques qui imposent une hospitalisation devant un tableau de pneumopathie ? Appliquez-les au cas clinique ci-dessus et dites s’il faut hospitaliser ou pas cette patiente.,"Les signes cliniques suivants imposent une hospitalisation :
- Altération de la conscience 
- Pouls = 125/mn 
- Température < 36°C ou > 40°C 
- Fréquence respiratoire > 30/mn  
- Tension artérielle systolique < 90 mmHg  
Dans le cas présent, d’après l’énoncé, il n’y a pas de critère d’hospitalisation",Pulmonology,Reasoning,True
3619,"Mme T, 81 ans, est hospitalisée par son médecin généraliste le 1er Septembre 2005 pour des douleurs des épaules invalidantes associées à un syndrome inflammatoire. Elle n’a aucun antécédent en dehors d’une allergie à l’aspirine. On note cependant qu’en début d’année 2005 elle a consulté un cardiologue pour des épisodes fugaces de palpitations. L’ECG et le holter rythmique réalisés en Mars 2005 étaient normaux.L’histoire de la maladie débute en Juin 2005 par l’apparition progressive d’une douleur de l’épaule droite, prédominant le matin et gênant la mobilité active et passive. Elle consulte un rhumatologue début Août, d’autant plus que les douleurs commencent à gagner l’épaule gauche. Le rhumatologue constate une limitation douloureuse des 2 épaules, surtout à droite. Les radiographies des épaules ne montrent pas de calcifications. Une ponction de l’articulation de l’épaule droite est réalisée suivie d’une infiltration de corticoïde qui soulage la patiente pendant une dizaine de jours. L’analyse du liquide articulaire objective 1800 éléments (10% de polynucléaires neutrophiles, 15% de lymphocytes et 75% de macrophages) sans cristaux et sans bactérie à l’examen direct ou aux cultures. Les douleurs s’intensifient au cours du mois d’Août, les mouvements des épaules étant très limités et s’associant à des myalgies des bras et des cuisses.A l’entrée la T° est à 38,1°C et la TA à 110/75 mmHg. La patiente ne décrit pas de céphalées et les artères temporales sont battantes et non douloureuses. Elle ne décrit pas de symptômes visuels. Les mouvements des épaules sont excessivement limités par la douleur. Les autres articulations sont libres notamment aux mains. Le bilan biologique montre :GB à 12000/mm3 (PNN à 9800/mm3, Lymphocytes à 1710/mm3), Hb à 10 g/dl, VGM à 84 fl, plaquettes à 528000/mm3, VS à 125 mm à la première heure, CRP à 230 mg/l et fibrinogène à 6,8 g/l. Les fonctions rénale et hépatique sont normales ainsi que les CPK. Il n’y a pas de facteurs rhumatoïdes, pas d’anticorps anti-peptides citrullinés ni d’anticorps anti-noyaux. La radiographie pulmonaire ne montre pas d’anomalie.",1,Quels sont les diagnostics que vous pouvez évoquer devant ce tableau clinico-biologique ? Lequel retenez-vous (justifiez) ?,"Pseudo polyarthrite rhizomélique	 
Absence de polyarthrite distale",Rheumatology,Reasoning,True
3624,"Mme M, 57 ans, secrétaire, consulte pour asthénie. Dans ses antécédents on retient une cholécystectomie il y a 25 ans, une hypercholestérolémie traitée depuis 5 ans par LIPANTHYL, une HTA depuis 4 ans traitée actuellement par une association IEC-diurétiques et une ligature de trompes à l’âge de 37 ans. Elle fume (30 paquets/année).Depuis 8 semaines, elle décrit une fatigue s’aggravant dans la journée, inhabituelle chez elle, associée à une dyspnée à l’effort. L’examen clinique est normal en dehors d’une légère tachycardie (90/mn) mais avec un rythme cardiaque régulier. La tension artérielle est à 135/85 mmHg et la patiente a pris 2 kgs. Il n’y a pas d’hépatosplénomégalie ni d’adénopathies. Son médecin traitant prescrit un hémogramme qui retrouve : GB à 6100/mm3 (69% de PNN, 16% de lymphocytes), Hb à 9,8 g/dl, VGM à 105 fl, plaquettes à 387000/mm3. La coagulation est normale (TP, fibrinogène) en dehors d’un allongement du TCA (45 pour un témoin à 32). La bilirubine totale est à 27 µmol/l (N = 3-18 µmol/l).",1,Comment interprétez-vous l’hémogramme ?,"Anémie 
Macrocytaire 
Lymphopénie",Hematology,Reasoning,True
3671,"Lors d’un remplacement de médecine générale, vous recevez dans votre cabinet un homme de 45 ans, né en France, pour une asthénie apparue progressivement depuis 2 semaines alors qu’il était en vacances dans le Sud de la France.Le patient, marié sans enfant, se plaint depuis quelques jours d’une sensation de pesanteur de l’hypochondre droit, associée à des urines foncées. La température corporelle est normale. A l’examen clinique, vous notez un foie de taille normale mais sensible à la palpation, sans signe d’hypertension portale. Le toucher rectal est normal. Les aires ganglionnaires sont libres et le reste de l’examen clinique est normal.Le malade vous apporte les résultats d’un bilan biologique demandé par le médecin qu’il avait déjà consulté :Bilirubine : 20 µmol/l (normale : 5-17 µmol/l) dont 80 % de conjuguée.TP : 80 %SGOT : 6 fois la normaleSGPT : 8 fois la normale",2,Vous suspectez une hépatite aiguë virale. Quel bilan prescrivez-vous ? Justifiez-le.,"Recherche du virus responsable :	
Sérologies hépatites A IgM anti VHA 
Sérologie hépatite B : Ag Hbs, anticorps anti HBc de type IgM 
Sérologie hépatite C : anticorps anti VHC 
Sérologie VIH après accord du malade, compte tenu des co-infections possibles 
Echographie abdominale pour éliminer une dilatation des voies biliaires, une lésion focalisée hépatique",Hepato-Gastroenterology,Reasoning,True
3694,"Monsieur G., 66 ans, est adressé aux urgences pour ""altération de l’état général"". Il a comme principaux antécédents une HTA captopril – Lopril 25®), un IDM (acétyl salycilate de lysine – Aspégic®, aténolol – Ténormine®, et atorvastatine – Tahor®).Il présente des douleurs dorso lombaires nocturnes, insomniantes, depuis 3 semaines environ, pour lesquelles il s’est auto-médiqué par diclofénac (Voltarène®), sans grand succès. Il est très asthénique. Il signale des selles noires et malodorantes depuis 4 ou 5 jours, et des douleurs épigastriques. Il n’ ""urine pas beaucoup"" et les urines sont ""foncées"".L’infirmière d’accueil et d’orientation a noté une pression artérielle à 105-70 mm Hg, une fréquence cardiaque à 90/min, régulière, et une température tympanique à 36,8°C.Son médecin vous joint des résultats d’analyses effectuées la veille : Na+ : 124 mmol/l, K+ : 5,9 mmol/l, CO2T : 12 mmol/l, Cl- : 101 mmol/l, protéines : 99 g/l, urée : 40 mmol/l, créatinine : 423 ?mol/ l, Ca++ : 3,56 mmol/l, GB : 5.6 109/l, GR : 3.4 1012/l, Hb : 4.6 mmol/l, Hte : 0.24 l/l, plaquettes : 105 109/l.",1,Sur quels éléments porte votre examen clinique initial ?,"Eléments de gravité initiale  :
- surcharge hydro sodée  : dyspnée , orthopnée , crépitants , galop , turgescence jugulaire 
- hyperkaliémie menaçante  : signes ECG  : ondes T pointues et symétriques,…
- acidose : dyspnée de Küssmaul 
- la présence de ces signes impose un traitement symptomatique urgent 
Recherche d’éléments de mécanisme physiopathologique  :
- hypovolémie – déshydratation  : outre la TA à différentielle pincée , soif , marbrures , veines plates , hypotonie des globes , anémie 
- recherche de globe vésical  (malgré la diurèse : possibilité de miction par regorgement)
- TR  : obstacle cervico prostatique ?  méléna ?",Nephro-Urology,Reasoning,True
3700,"Monsieur G., 67 ans, est adressé aux urgences par le remplaçant de son médecin traitant le 17 août 2005 pour altération de l’état général, douleur lombaire gauche et vomissements, le tout évoluant depuis 8 jours environ. Il a pour principaux antécédents un diabète de type II, une HTA, et une néphrectomie droite pour pyonéphrose calculeuse il y a 20 ans.
Son traitement actuel associe linisopril + hydrochlorothiazide (Zestorétic®) et gliclazide (Diamicron®).Son épouse vous signale qu’il urine très fréquemment depuis un mois environ, ce qui l’obligeait à se lever plusieurs fois par nuit. En outre, depuis une semaine, il a présenté à plusieurs reprises des douleurs lombaires gauches avec quelques épisodes d’urines ""rouges"". Il va rarement à la selle. Depuis 48 heures, il a très peu uriné et a vomi à plusieurs reprises. Il est essoufflé pour des efforts de plus en plus modérés.Sa tension artérielle est à 180/100 mm Hg aux deux bras ; le pouls est à 145/min, régulier. La température est à 36,3°C. Le decubitus est impossible. La fréquence ventilatoire est à 30/min. Vous retrouvez des râles crépitants bilatéraux à l’auscultation. L’haleine n’a pas d’odeur particulière.Il existe un météorisme abdominal ; l’abdomen est silencieux. Les orifices herniaires sont libres. La fosse lombaire gauche est douloureuse.Vous notez des œdèmes des membres inférieurs.La glycémie capillaire est ""HI"".",2,"Vous disposez des premiers résultats suivants : Na+ : 125 mmol/l, K+ : 7,6 mmol/l, Cl- : 86 mmol/l, CO2T : 14 mol/l, glycémie : 20,4 mmol/l, protidémie : 66 g/l, Ca++ : 2,35 mmol/l, urée : 58 mmol/l, créatinine : 889 µmol/l, leucocytes : 12,4 109/l, hématies : 3,56 1012/l, hémoglobine : 6,8 mmol/l, hématocrite : 0,26 l/l, plaquettes : 125 109/l, TP : 76 p. cent, TCA : 32 sec (témoin : 30 sec), fibrinogène : 6,7 g/l. La gazométrie artérielle montre (masque haute concentration) : pH : 7,03, PaCO2 : 34 mm Hg, CO2T : 13 mmol/l, PaO2 : 165 m Hg, sat : 95 p. cent. 
Le sondage urinaire ramène quelques cc d’urines très foncées, avec : protéines : +++, hématies : +++, leucocytes : +++, corps cétoniques : +, nitrites : +. Le ionogramme urinaire montre : Na+ : 30 mmol/l, K+ : 15 mmol/l, Cl- : 27 mmol/l, urée : 250 mmol/l 
Le cliché montre une surcharge bilatérale, à prédominance péri hilaire, avec un épanchement pleural bilatéral de faible abondance.
Quels renseignements tirez-vous des tests urinaires ?","Le ionogramme sanguin est ininterprétable compte tenu du traitement par diurétique (Zestorétic®) .
L’urée urinaire est en faveur du caractère organique de l’insuffisance rénale  (urée urinaire / plasmatique < 10 ).
La bandelette urinaire peut donner des faux positifs sur des urines concentrées . À cette restriction près :
hématurie et protéinurie : compatibles avec une origine glomérulaire (diabète + HTA)  ou interstitielle (antécédent lithiasiques + éventuel obstacle cervico prostatique) 
hématurie compatible avec une lithiase urinaire 
leucocyturie et nitriturie évocatrices d’infection urinaire  (Se : 0,60 à 0,75)
cétonurie : jeûne ou IEC  (pas d’odeur caractéristique de l’haleine)",Nephro-Urology,Reasoning,True
3711,"Madame T., 49 ans, est adressée en réanimation médicale pour intoxication médicamenteuse volontaire. Son compagnon l’a retrouvée inconsciente dans sa chambre. Elle était dépressive, traitée par clomipramine (Anafranil 75®) et alprazolam (Xanax®). Elle prenait également de l‘aspirine pour des douleurs arthrosiques. Elle a laissé une lettre où elle exprime très clairement son désir de mort.Lors de la prise en charge par le SMUR, elle avait un score de Glasgow à 7. Elle a été intubée en séquence rapide, et perfusée en périphérie avec du sérum physiologique. Elle présentait des lésions de compression au niveau des membres inférieurs. Elle arrive sédatée avec du flunitrazépam (Hypnovel®) et du fentanyl. Elle n’a pas uriné depuis le début de sa prise en charge.",1,L’étudiant de garde avec vous s’étonne de l’absence d’utilisation de flumazénil (Anexate®) avant l’intubation. Le médecin du SMUR avait récusé cette indication en raison d’une mydriase bilatérale. Cette attitude vous paraît-elle rationnelle ? (justifiez),Oui  : la mydriase bilatérale évoque une intoxication comportant un anti dépresseur tricyclique (clomipramine ici)  qui contre indique l’usage du flumazénil  en raison du risque de convulsion(s) voire d’état de mal convulsif,Forensic Medicine and Toxicology,Reasoning,True
3720,"Monsieur G., 85 ans est adressé aux urgences par sa maison de retraite pour un syndrome douloureux abdominal. Il a vomi à plusieurs reprises. Il a comme principaux antécédents une démence de type Alzheimer, une maladie de Parkinson évoluée, une hypertension artérielle, une gastrectomie pour perforation d’ulcère gastro duodénal et un adénome prostatique. Son traitement habituel associe galantamine (Réminyl®), donépézil (Aricept®), méprobamate (Équanil®), lévodopa bensérazide (Modopar®), amlodipine (Amlor®), et tamsulsine (Josir LP®).Il arrive le 2 mai 2006 à 17h24. Les constantes sont les suivantes : pouls : 88/min, TA : 118/69, température : 37,7°C. L’état général est médiocre. Il existe une rigidité modérée et des tremblements fins des extrémités. Le score de Glasgow est estimé à 15.
L’interrogatoire est non contributif. L’examen de l’abdomen est rendu difficile par l’agitation du malade. Les douleurs semblent prédominer dans le flanc gauche. L’abdomen est modérément météorisé. Il existe quelques bruits hydro aériques. Les orifices herniaires sont libres. Le TR montre une ampoule rectale vide.",1,Le chirurgien de garde a prescrit une tomodensitométrie (TDM) injectée de l’abdomen en première intention. Que pensez-vous de cette prescription ?,"Prescription logique  : la TDM permet de confirmer ou infirmer les principales pathologies responsables d’un syndrome douloureux abdominal aigu chez un patient comme Monsieur G  : sigmoïdite diverticulaire , occlusion sur bride , péritonite , anévrysme de l’aorte abdominale , voire ischémie entéro mésentérique . L’ASP est peu rentable chez le sujet âgé , rentable surtout pour la mise en évidence de niveaux hydro aériques et de pneumopéritoine (dans cette indication, la TDM est plus sensible). La seule restriction porte sur le risque rénal  compte tenu de l’état d’hydratation présumée  (état général médiocre + vomissements)",Emergency Medicine,Reasoning,True
3750,"Madame Anne G., 88 ans, est adressée aux urgences par l’infirmière de sa maison de retraite pour une ""somnolence anormale"" le 21 décembre 2006 à 10h35. Elle est habituellement relativement valide, et prend ses repas avec aide dans le réfectoire de l’établissement. Elle a des antécédents de démence type Alzheimer, d’hypertension artérielle, d’anémie normocytaire et de maladie de l’oreillette. Son traitement habituel associe donépézil (Aricept®), amlodipine (Amlor®), spironolactone, furosémide (Aldalix®), acétylsalicylate de lysine (Kardégic 75®), amiodarone (Cordarone®), et lorazépam (Témesta®). Elle a bénéficié d’un pontage aorto coronarien il y a une vingtaine d’années.",1,L’infirmière d‘accueil note une bradycardie à 40/min et une pression artérielle à 85 – 60 mm Hg. Elle a enregistré le tracé ci-joint qu’elle vous tend. Quelle anomalie clinique allez-vous faire rechercher chez Madame G. ? Justifiez votre réponse.,"Hypothermie  :	
- onde en J d’Osborne  (visible en V5 et V6)
- allongement du PR 
- bradycardie 
À confirmer par la prise de température rectale. Thermomètre tympanique peu fiable dans ce cas.",Emergency Medicine,Reasoning,True
3757,"Monsieur G., 78 ans, est adressé aux urgences par sa maison de retraite pour ""altération de l’état général"".Il est institutionnalisé depuis quatre ans à la suite d’apparition de troubles des fonctions supérieures en rapport avec une maladie d’Alzheimer. Ses antécédents comprennent également une HTA, un diabète de type II et une artérite des membres inférieurs. Il a un long passé d’intoxication alcoolo tabagique.
Son traitement habituel associe donépézyl (Aricept®), tiapride (Tiapridal®), altizide spironolactone (Aldactazine®), glyclazide (Diamicron LP®), buflomédil (Fonzylane®) et clopidogrel (Plavix®).Il a été mis sous 2 grammes par jour d’amoxicilline (Clamoxyl®) depuis 48 heures en raison d’une toux fébrile avec expectoration purulente, qui avait fait évoquer une pneumonie.L’infirmière d’accueil note qu’il est prostré. La température auriculaire est à 39,5°C, le pouls à 120/min, la TA à 105 – 70 mm Hg, la saturation trans cutanée en 02 est à 91 p. cent en air ambiant. La glycémie capillaire est à 2,6 g/l.",1,Que pensez-vous de l’antibiothérapie prescrite à la maison de retraite ?,"• Illogique 
• Compte tenu du terrain  (âge , institution , diabète ), il aurait fallu élargir le spectre  avec au moins amoxicilline + acide clavulanique (Augmentin®) , d’autant que le patient a 2 facteurs de risque de pneumopathie d’inhalation  (troubles des fonctions supérieures + psychotropes)
• De toute façon, la posologie (2g / 24 heures) est insuffisante , à moins qu’il existe une insuffisance rénale, ce qui n’est pas précisé",Pulmonology,Reasoning,True
3809,"Yvan Y, est un jeune homme de 17 ans, admis 48 heures auparavant en service de réanimation polyvalente pour un coma profond aréactif. Ce coma est d’origine traumatique, secondaire à un accident de moto alors que le jeune homme roulant à grande vitesse sans casque, se serait encastré dans un pylône. Il est actuellement assisté par ventilation mécanique, il n’a plus de lyse et son hémodynamique est instable.",1,Quels sont les critères cliniques vous permettant de poser le diagnostic de mort encéphalique chez ce jeune homme.,"- absence de ventilation spontanée  , vérifiée par l’épreuve d’hypercapnie   
- absence totale de conscience et d’activité motrice spontanée 
- abolition de tous les réflexes du tronc cérébral",Emergency Medicine,Understanding,True
3842,"Mme S., âgée de 70 ans, est adressée aux urgences du CHU de Strasbourg, à 5H du matin, pour une chute à domicile.Elle signale avoir perdu brutalement l’appui sur sa jambe G, en se levant pour aller aux toilettes. Elle n’a pas pu se relever, mais a pu appeler les pompiers rapidement grâce à son téléphone portable qu’elle garde sur elle à tout moment depuis la mort de son mari, il y a 5 ans. Ce qui lui a permis d’alerter également sa belle fille qui vous apporte son dossier médical, avec une imagerie objectivant un canal lombaire étroit (CLE), de diagnostic récent. Elle ne présente pas d’autres antécédents notables, en dehors d’une hypertension artérielle, équilibrée sous monothérapie par furosémide 40 mg au dîner.La patiente confirme qu’elle a bénéficié d’un bilan récent pour des troubles de la marche évoluant depuis plusieurs mois. Elle présente une fatigabilité dans les membres inférieurs au bout de 150 mètres, nécessitant des arrêts fréquents d’au moins 20 minutes, accompagnée parfois de douleurs inguinales et de la face antérieure de la cuisse, surtout lorsqu’elle fait le ménage, qui ne sont soulagées que par la position couchée. Ces symptômes ne lui permettent plus que de rendre visite à sa voisine, qui malheureusement ne partage pas sa passion pour le bridge. Elle vit seule dans une maison avec les chambres à l’étage et ses 3 enfants sont mariés et vivent dans la région. Elle était commerçante, retraitée depuis 4 ans après avoir fermé son épicerie, dernier commerce du quartier.Lors de l’examen clinique, la patiente présente une douleur de la racine de la cuisse, exacerbée par rapport aux jours précédents, avec une impossibilité à décoller le talon du lit. A la mobilisation, la douleur s’accentue dès les 20 premiers degrés, rendant impossible tout autre test, notamment les manœuvres de Lasègue et de Léri, hyperalgiques. A l’examen neurologique, on note une asymétrie des ROT rotuliens en défaveur de la gauche, sans anomalie des ROT sous jacents. Les RCP sont, à G en flexion et à D indifférent. La force musculaire est conservée en distal et non testable en proximal, en raison de la douleur. Sur le plan sphinctérien, vous notez lors du déshabillage, des stigmates d’une miction non contrôlée. Les pouls périphériques sont bien perçus et le reste de l’examen somatique général est sans particularité en dehors d’une TA à 160/90. L’état général est bon avec un poids de 70 Kg pour une taille de 1m65.La patiente est soulagée partiellement par le paracétamol en perfusion. Vous envoyez rapidement un bilan biologique de débrouillage comportant une numération sanguine, un bilan réduit d’hémostase et une fonction rénale avec un ionogramme.Sans plus attendre, vous demandez une TDM du rachis sans injection centrée sur les niveaux L3 à L5. Cet examen permet d’objectiver le CLE par arthrose inter-apophysaire majeure et une hernie discale modérée à l’étage L4-L5.Le neurochirurgien de garde, au vu du dossier, vous demande de la monter dans son service pour une intervention en urgence par laminectomie L4-L5, le bilan biologique étant sans particularité.",1,"Pourquoi le chirurgien décide d’opérer en urgence ? - Quelles autres indications d’intervention en urgence connaissez-vous, dans le cadre des lombosciatiques ?","Cruralgie déficitaire ou déficit radiculaire L4	 
Radiculalgie ou sciatique hyperalgique 
Syndrome de la queue de cheval ou troubles vésico-sphinctériens",Emergency Medicine,Reasoning,True
3856,"Un patient âgé de 74 ans est adressé aux urgences de l’Hôpital Civil de Strasbourg pour chute à domicile. Sa famille rapporte des antécédents d’hypertension artérielle depuis 20 ans, et d’hypothyroïdie traitée depuis 34 ans. Sa fille très inquiète vous fait part d’un amaigrissement de 7 kg en 4 mois alors que le patient ne suivait aucun régime particulier.Le patient aurait présenté la veille un déficit hémicorporel gauche d’une durée de 10 minutes.Son traitement est le suivant : Atorvastatine (Tahor) 10 mg 1 comprimé par jour, Nicardipine (Loxen) 50LP 1 comprimé matin et soir et Lévothyroxine (Lévothyrox) 150 µg le matin. 
A l’examen, vous constatez un déficit sensitif et moteur hémicorporel droit ainsi que des troubles phasiques.",1,"Ce patient présente-t-il des facteurs de risque vasculaires ? Et si oui, lesquels ? Citez d’autres facteurs de risque vasculaires.","Oui  
HTA 
Age 
Sexe masculin 
Hypercholestérolémie 
Obésité ou surcharge pondérale 
Autres FDR :
Alcool à forte dose
Diabète
Hyperhomocystéinémie
Oestro-progestatifs
Antécédents familiaux vasculaires
Infections
Migraine
Sédentarité",Neurology,Understanding,True
3860,"Un homme de 68 ans vient consulter en raison d’une dysurie qui se majore au point d’avoir parfois de redouter un blocage des urines. Il a 2 mictions nocturnes mais n’a pas d’urgence mictionnelle ni fuite d’urine.Il présente comme antécédent pathologique une hypertension artérielle, une arythmie qui est bien équilibrée mais qui justifie un traitement antiagrégant plaquettaire, un diabète non insulinodépendant. Il vous dit qu’il prend depuis 5 ans des extraits de plante pour un adénome prostatique.",1,Quelles données significatives de l’examen physique de l'appareil urogénital recherchez-vous ?,"- globe vésical	 
- TR : hypertrophie et/ou induration",Nephro-Urology,Understanding,True
3875,"Vous êtes appelé à l'infirmerie d'un centre de formation pour un étudiant qui présente une hyperthermie et des lésions purpuriques de type pétéchial sur les membres inférieurs, qui semblent augmenter en nombre. Il s'agit d'un jeune homme de 21 ans, pensionnaire, n'ayant aucun antécédent particulier, ni allergie médicamenteuse connue. Il se plaint de céphalées et a vomi juste avant votre arrivée. A l'examen clinique, il est fébrile à 39°C. Sa pression artérielle est de 110/60 mm Hg, sa fréquence cardiaque de 100 /mn, sa fréquence respiratoire de 25/mn. La conscience est normale mais il est anxieux et agité.L'examen clinique est gêné par l'agitation, néanmoins il ne semble pas exister de signe de focalisation, les réflexes ostéo-tendineux sont vifs et symétriques, il n'y a pas de signe de Babinski, la nuque est raide. L'examen du tégument montre des lésions purpuriques sur les membres inférieurs jusqu'à mi-mollets, deux d'entre elles sont nettement nécrotiques avec un diamètre de 3 à 4 mm. Le reste de l'examen est sans particularité, notamment sur le plan cardio-pulmonaire et ORL.",1,Quel diagnostic précis suspectez-vous ? Argumentez votre réponse.,"Infection invasive à méningocoque (accepter purpura fulminans )	
- purpura nécrotique 
- syndrome septique (et synonymes : SIRS,…) 
- syndrome méningé1
- absence de signe de localisation neurologique (pas d'argument pour un abcès ou pour une encéphalite) 
- terrain : adulte jeune 
- vie en collectivité",Infectious Diseases,Reasoning,True
3910,"Monsieur X, 42 ans, mécanicien, se présente aux urgences pour une fièvre et des céphalées évoluant depuis 3 semaines. Dans ses antécédents, on note un tabagisme à 20 paquets-années, une insuffisance mitrale par prolapsus de la valve mitrale, une hernie discale non opérée.
L’examen clinique aux urgences retrouve une fièvre à 38,2°C, une pression artérielle à 12/7 habituelle, une fréquence cardiaque à 110 pulsations par minute, pas de marbrures des membres inférieurs. L’auscultation cardiaque retrouve le souffle d’insuffisance mitrale. Il a, au niveau au niveau de la 2ème phalange du majeur de la main droite, une  lésion nodulaire  violacée apparue progressivement au cours des 6 derniers jours et initialement douloureuse. La protéine C réactive est à 244 mg/l.",1,Quel est précisément le principal diagnostic que vous évoquez ? Argumentez votre réponse.,"Endocardite mitrale 
 Sur valves natives 
 Subaiguë 
 Terrain (IM) 
 Signes Généraux (F°/AEG) 
 Signes locaux (Souffle) 
 Signes extra-cardiaques (Fx panaris) 
 Signes biologiques (CRP)",Infectious Diseases,Reasoning,True
3918,"Mr J., âgé de 64 ans se plaint au réveil à 7h d'une chute du membre supérieur gauche. Il remarque des fourmillements dans le bras gauche. A la marche, son genou gauche a tendance à se dérober et il sent moins bien le sol de ce côté. Il prend comme traitement pour une hypertension artérielle COTAREG 160/12,5 1.0.0, LODOZ 10 1.0.0 et un diabète DAONIL 5 1.1.1, GLUCOPHAGE 1000 1.0.1. Cet homme consomme 1 whisky et 3 verres de vin par jour. Il pèse 110kg pour 1.82. Il fume 10 cigarettes par jourA 8h 30, à l'examen clinique, il existe une chute du bras G au maintien des attitudes, une chute modérée du membre inférieur G. La force musculaire de la main G est diminuée. La préhension aveugle du pouce gauche par la main droite est approximative, le sens de position du gros orteil G est mal perçu. Il existe une quadranopsie inférieure G. La tension est à 210/110, le pouls est rapide et irrégulier.",1,Quel est votre diagnostic topographique probable (justifier),"Topographie implique fibres pyramidales (diminution de la force musculaire): 
Topographie implique fibres proprioceptives (tr préhension aveugle, sens de position, fourmillements, sensation anormale du sol): 
Quadranopsie inférieure gauche résulte d'une atteinte des radiations optiques pariétales droites",Neurology,Reasoning,True
3928,"Un patient de 62 ans a pour principaux antécédents :- Des phlébites à répétitions, compliquées d’une maladie veineuse post-phlébitique ; il est soigné depuis quelques mois pour ulcère de la jambe gauche.- Un diabète de type 2, découvert vers la cinquantaine, et traité par bithérapie : metformine (Glucophage) et gliclazide (Diamicron). Il pesait à l’époque 98 kg pour 1,79 m, et le poids n’a pratiquement changé depuis, sauf ces tous derniers jours.Sont apparus depuis quelques jours en effet :- Une hyperthermie ;- Une asthénie majeure ;- Un placard érythémateux de la jambe gauche.Le traitement antidiabétique oral a été suspendu. Devant l’aggravation de l’altération de l’état général, le patient appelle son médecin traitant, qui l’adresse au service des urgences de l’hôpital voisin.A l’entrée, la situation est la suivante :- Score de Glasgow à 13 ;- Sepsis sévère : température à 38,1° C, tachycardie > 120/min, hyperleucocytose à plus de 20 000 GB/mm3, hyperventilation, PA 85/50 mm Hg ;- Un érysipèlede la jambe gauche ;- Une glycémie ""HI"" au lecteur de glycémie, avec une odeur acétonique de l’haleine.La biologie à l’entrée est la suivante : Na+ 145 mmol/l, K+ 6,7 mmol/l, HCO3- 12 mmol/l, urée plasmatique 25 mmol/l, créatininémie 280 mcmol/l, cétonurie +++.",3,"Sur quels arguments choisissez-vous d'hospitaliser, ou pas, une ""grosse jambe rouge"" ? Justifier.","Devant les critères suivants (cf. ""Conférence de consensus"", Méd Mal Infect 2000, 30 : 241-5 en annexe 1)
- Nécessité d’un traitement parentéral
- Nécessité d’une surveillance rapprochée
- Doute diagnostique
- Signes généraux importants
- Co-morbidité
- Eventualité d’un geste chirurgical.",Emergency Medicine,Reasoning,True
3941,"Une femme de 61 ans, sans autre antécédent qu’un éthylisme ancien, isolé (sans tabagisme associé) et sevré, est admise à l’hôpital pour des malaises faisant évoquer une hypoglycémie. Ces malaises remontent à plusieurs mois. Ils ont d'abord été considérés comme d'origine épileptique et traités comme tels par barbiturique (phénobarbital). Ils associent une asthénie brutale, des faux vertiges et une hypotonie musculaire survenant à différents moments de la journée mais plus volontiers au lever et en fin de matinée. Ils cessent après absorption de boissons ou d'aliments sucrés. Les glycémies, effectuées à plusieurs reprises au décours, se sont avérées normales (la patiente cite de mémoire).L'état général est excellent. Il est seulement noté depuis quelques mois une asthénie périodique à prédominance matinale. Le poids (79 kg pour 1 m 66) enregistre un gain de 9 kg en 1 an. L'examen clinique général est normal, en particulier l’examen neurologique. La constatation d'un teint clair et peu pigmenté et d'une certaine dépilation sexuelle chez cette femme blonde et ménopausée depuis 15 ans ne semble pas pathologique. La tension artérielle est à 140/85 mm Hg, le pouls est à 76 par minute.Les éléments de la biologie à jeun sont les suivants : hémoglobine 14,2 g/l, VGM 97 fl, leucocytes 5,4 G/l, sodium 143 mmo/l, potassium 4,3 mmol/l, protides totaux 72 g/l, glycémie 4,9 mmol/l, urée 5,6 mmol/l, créatinine 86 mmol/l, ASAT 30 U/l (N < 35), ALAT 60 U/l (N < 50), gamma-GT 90 U/l (N < 40).Vous avez donné des consignes au service : à l'occasion d'un nouveau malaise, accompagné de troubles de la conscience, survenu en fin de nuit, la glycémie a pu être dosée sur sang veineux. Le résultat revient à 0,34 g/l (1,9 mmol/l).",2,Cette femme est soucieuse de sa prise de poids (elle a un rôle de représentation dans une société). Quels conseils lui donnez-vous ?,"Prise de poids A priori secondaire à l’insulinome :  hyperinsulinisme , compensations des hypos 
Recommandations : diététique (précisions), activité physique, mais pas endurante : 0 à Q. 2 sinon (2/2)",Endocrinology and Metabolism,Reasoning,True
3970,"Kevin est un nourrisson de 2 mois, né le 15 décembre, qui présente à domicile vers 11 heures du matin un accès de cyanose et une hypotonie survenus quelques minutes après la prise du biberon et qui vont se prolonger plus de 30 secondes. Le père a pratiqué alors quelques manœuvres de bouche à bouche qui permettent une récupération partielle et emmène son enfant aux urgences pédiatriques du centre hospitalier proche de son domicile.A l’admission l’enfant a une température de 37,1 °C et son poids est de 5 kg150. Il a un encombrement nasal et pharyngé fait d’un mélange de lait et de glaires et a une légère cyanose péribuccale. Le rythme respiratoire est à 30/mn et irrégulier et le score de Silverman est estimé à 1 du fait d’un tirage intercostal modéré. Le rythme cardiaque est à 120/mn et l’auscultation cardiaque est normale. Il est conscient, la fontanelle est normotendue et la mobilité spontanée semble normale. L’examen cutané est sans particularité.Les parents rapportent que depuis une quinzaine de jours Kevin a tendance à cracher un peu de lait après chaque prise de biberon, toujours à peu près la même quantité, pleure plus souvent la nuit et a le nez qui coule depuis 48 heures. Il est alimenté avec un lait 1er âge depuis la naissance et n’a eu aucun autre souci depuis la naissance. Il a une sœur de 22 mois en bonne santé. Les deux parents sont fumeurs.Il a  été vacciné par le Pentavac® une semaine auparavant. Le poids noté dans le carnet de santé était alors de 5 kg 050",1,Dès l’admission quels sont les premiers gestes à effectuer et quels sont les éléments de surveillance à prescrire pour les heures suivantes?,"Premiers gestes à effectuer
Aspiration nasale et buccopharyngée 
Oxygénation par lunettes nasales (ou Hood)  
Intubation et aspiration trachéale (ou aspiration trachéale directe) en l’absence d’amélioration 
Voie veineuse périphérique 

Surveillance

Fréquence respiratoire, fréquence cardiaque,
Saturation en oxygène  à maintenir > 95% 
Pression artérielle 
Etat de conscience",Pediatrics,Reasoning,True
3987,"Vous êtes de garde aux urgences chirurgicales. Vous recevez un patient de 22 ans victime d'un accident de la voie publique (motard non casqué).Le patient est conscient (Glasgow 13). Il existe un saignement abondant au niveau de la cavité buccale, un trouble majeur de l'articulé dentaire et un hématome péri-orbitaire gauche.",1,Décrivez votre prise en charge immédiate,"Libération des voies aériennes supérieures
Juguler les hémorragies.
Rechercher urgence neurochirurgicale
 Rechercher urgence fonctionnelle: œil.
Conditionnement du patient (voies veineuses, scope…).",Emergency Medicine,Reasoning,True
4080,"Mme A. est une patiente connue de vous, de longue date. Cependant vous ne l'avez pas revue depuis environ 5 ans, date à laquelle elle a arrêté de suivre une contraception orale. Elle a 48 ans, et consulte pour des bouffées de chaleur et des sueurs nocturnes très gênantes depuis 6 mois. Elle n'a pas eu ses règles depuis 13 mois, après deux années de cycles irréguliers. Elle pense être ménopausée ce qu'elle juge normal car elle a été réglée jeune, à 10 ans. Cuisinière dans un lycée, elle est mariée, avec un chauffeur routier, qui ne rentre que le week-end. Ils ont un enfant de 16 ans en bonne santé. Il s'agit d'une femme désireuse d'informations ; elle vous pose nombre de questions - Elle souhaite avoir confirmation de sa ménopause et savoir s'il existe encore un risque de grossesse. - Elle demande une mesure de la densité osseuse suite à la lecture dans une revue d'un article sur l'ostéoporose. - Elle est inquiète du risque de cancer et en particulier du cancer du sein. Sa tante maternelle termine une chimiothérapie pour traiter cette maladie ; elle se demande pourquoi elle n'a pas été invitée à participer au dépistage du cancer du sein qui vient d'être récemment mis en oeuvre dans le département. - Elle s'interroge sur l'opportunité d'un traitement substitutif hormonal de ménopause. L'entretien permet de recueillir les antécédents suivants : - Père, fumeur, décédé d'un infarctus du myocarde à 68 ans - mère en bonne santé - grand-mère paternelle et un oncle paternel atteint d'un diabète de type II, - tabagisme : 15 paquets-années (10 cigarettes par jour depuis l'âge de 18 ans) L'examen clinique est normal ; elle pèse 75 kg pour une taille de 1.62 m. La tension artérielle est à 136/78 mmHg.",1,Quels sont les arguments cliniques en faveur du diagnostic de ménopause chez cette femme ? Quelle réponse apporter à son inquiétude du risque de grossesse ?,"La ménopause se définit comme un arrêt des règles depuis plus de 12 mois. Madame A. est ménopausée car elle entre dans le cadre de cette définition à 48 ans. Elle ne prend pas de traitement pouvant favoriser cette aménorrhée. L'existence de troubles climatériques va dans le sens de ce diagnostic, mais ils ne peuvent à eux seuls permettre de l'affirmer. Une ménopause survenant après 45 ans est qualifiée de précoce. Une ménopause survenant après 55 ans est qualifiée de tardive. Il est nécessaire de rassurer cette patiente par rapport au risque de grossesse qui est nul.",Endocrinology and Metabolism,Reasoning,True
4096,"Monsieur X, 68 ans, est adressé pour fièvre, dyspnée brutale et hyperleucocytose. Il a comme antécédents une hypertension artérielle traitée par un inhibiteur de l'enzyme de conversion, une hypercholestérolémie traitée par statine. Une fracture de jambe (accident de ski) traitée chirurgicalement il y a 8 ans et une cholécystectomie pour lithiase il y a 3 ans. Depuis 2 ans, il est sujet à des sinusites et des angines à répétition. Sur le plan familial, son père a eu 2 infarctus du myocarde mais est toujours en vie. Sa mère a été opérée et traitée pour un cancer du sein et est en rémission depuis 5 ans. Il est fonctionnaire à la retraite, marié, père de 3 enfants en bonne santé. Il rapporte un tabagisme à 20 paquets-années mais ne consomme pas d'alcool. L'histoire actuelle est celle d'une fièvre entre 39 et 40°C depuis 24 heures, apparue brutalement et qui s'accompagne d'une dyspnée au moindre effort. Il s'agit du troisième épisode fébrile depuis 3 mois, traité par 3 jours de prednisone et 8 jours d'un macrolide. L'interrogatoire apprend qu'une augmentation des globules blancs avait été signalée lors de la cholécystectomie mais le patient n'y avait pas donné suite. Sur le plan clinique, l'état général est altéré. La température est de 39°6C. Il n'y a pas d'amaigrissement (poids 72 kg pour 1m70). L'auscultation fait constater un foyer de crépitants à la base gauche, des adénopathies axillaires droite et gauche de 2 et 3 cm, et cervicales jugulaires internes bilatérales de 2 cm. Ces adénopathies sont mobiles et indolores. Il n'y a pas d'hépato ni de splénomégalie. Il n'y a pas de syndrome hémorragique. La tension artérielle est de 120/70 mm, la fréquence cardiaque régulière à 115/mn, la fréquence respiratoire de 21/nm. L'examen est normal sur les plans digestif, cardiologique et neurologique. Il n'y a pas d'ictère ni d'anomalie des téguments, pas de douleur des membres inférieurs. Les examens demandés en urgence reviennent avec les résultats suivants : Hémogramme : GR : 2,85 T/l ; Hb : 97 g/L, hte : 28 %, VGM : 98,1 fl ; TCMH:34pg, CCHM: 30 ; leucocytes : 45,1 G/l (PNN : 15 %, PNE: 0 % ; PNB: 0%, lymphocytes :83%, monocytes : 2%) plaquettes : 153 G/l ; réticulocytes: 220 G/L Ionogramme : Na : 135 mEq/l ; K : 3,8 mEq/l, Cl : 102 mEq/l, RA : 20 mEq/l, protéines totales : 68 g/l ; phosphore : 1,02 mmol/l, urée : 5,6 mmol/l, créatinine : 82 micromol/l. Gaz du sang : pH : 7,50 ; PO2 : 8,7 KPa (65 mmHg), PCO2 : 3,2 KPa (24 mmHg), Biarbonates : 22 mmol/l , SaO2 : 92 % Bilan hépatique : ALAT 23 U/l (N < 35), ASAT 29 U/l (N < 35), bilirubine totale : 28 micromol/l (2 - 17), conjuguée : 2 micromol/l (1 - 6), gamma-GT : 56 U/l (0 - 41), phosphatases alcalines : 65 U/l (44 - 98), LDH : 350 U/l (<290), haptoglobine plasmatique < 0,1 g/l, électrophorèse des protéines sériques : protides totaux : 68 g/l (albumine 40 g/l, alpha1 : 2 g/l, alpha2 : 10 g/l, bêta 12 g/l, gamma :4 g/l).",1,Quel problème médical urgent identifiez-vous chez ce patient à partir des éléments cliniques et biologiques de l'observation ? Quels examens paracliniques supplémentaires demandez-vous pour le problème respiratoire?,"Le problème médical urgent est la prise en charge d'une insuffisance respiratoire aiguë hypoxémiante secondaire à pneumopathie bactérienne communautaire.
 - Examens paracliniques supplémentaires : radiographie pulmonaire face profil, hémocultures, examen cytobactériologique des crachats.",Hematology,Reasoning,True
4102,"M. D..., 59 ans, est adressé en psychiatrie, à la sortie d'un service d'urgence où il a été hospitalisé pour un état comateux. Il avait été trouvé gisant sur le sol d'un couloir du foyer où il résidait. A la sortie de ce coma, il avait fait une fugue. Il avait été retrouvé dans la rue, mais il se donne successivement plusieurs professions, semblant ne pas se souvenir de celle qu'il a citée quelques instants avant. Il dit ainsi qu'il a été professeur de français, physique, mathématiques, qu'il serait assureur, puis formateur en entreprise. A chaque examen, il se présente comme si on ne le connaissait pas et prend le médecin pour quelqu'un d'autre. Il dit être arrivé la veille, systématiquement, même au bout de plusieurs jours. Dans l'unité de soins, il n'arrive pas à se repérer, demande son chemin pour retourner à Neuilly où il déclare vivre ; il faut le reconduire régulièrement dans sa chambre. Il a perdu la notion du temps, demande souvent l'heure avec une tonalité d'inquiétude. Il donne constamment plusieurs versions des mêmes faits sans s'apercevoir de ses contradictions et s'irrite quand on les lui fait remarquer. Au cours de son séjour, il fugue à plusieurs reprises du service, croyant se trouver ailleurs. On apprend par des voies latérales qu'il est divorcé depuis plusieurs années et qu'il a deux filles qui résident dans la région parisienne où il a vécu autrefois. Le foyer où il vivait depuis plusieurs années, n'envisage pas de le reprendre car il consommait beaucoup de boissons alcoolisées et se trouvait fréquemment en état d'ivresse. Il ne reconnaît pas qu'il est malade et comprend les questions qui lui sont posées ou les propos qui lui sont tenus. L'examen physique, révèle l'existence de troubles de la marche (steppage). Le patient élargit notablement son polygone de sustentation, et présente une perte de la force musculaire segmentaire. On trouve également une hypoesthésie épicritique et thermo-algésique, en chaussette, une abolition des réflexes ostéo-tendineux, rotulien et achilléen. Ces troubles sont bilatéraux et symétriques. Le reste de l'examen ne permet de relever aucune autre anomalie. Les résultats des examens biologiques montrent une anémie macrocytaire, une thrombopénie, un bilan hépatique perturbé (ASAT = 184 - ALAT = 101 - PAL = 154, Gamma GT = 369 et une hypoprotidémie.",1,Faire l'analyse sémiologique de cette observation.,"Ce malade présente une désorientation temporelle et spatiale (ne sait plus où il est, cherche sa chambre), une amnésie antérograde (oubli au fur et à mesure), une fabulation compensatrice (s'attribue plusieurs professions), de fausses reconnaissances (prend le médecin pour quelqu'un d'autre), une méconnaissance complète de sa maladie. Il présente également des mouvements d'angoisse (fugues, probablement liée à ses troubles de l'orientation). Il a présenté avant son admission en psychiatrie, une perte de connaissance prolongée avec coma. L'examen physique révèle des troubles sensitifs et moteurs des deux membres inférieurs, de façon symétrique, ce qui a une grande valeur d'orientation.",Psychiatry,Reasoning,True
4115,"Une patiente âgée de 80 ans est hospitalisée du fait de l'apparition progressive d'oedèmes des membres inférieurs bilatéraux, blancs, symétriques, mous, indolores, dépressibles et déclives. Ils sont accompagnés d'une prise de poids de 10 kg. La pression artérielle est à 100/65 mmHg, la fréquence cardiaque à 120/mn. L'auscultation cardiaque ne montre pas de souffle. La patiente n'a pas de diabète et ne prend aucun médicament sauf du furosémide depuis 8 jours donné par son médecin du fait des oedèmes. Un ECG est réalisé, joint en annexe. L'échographie rénale montre 2 reins de 14 cm de grand axe sans dilatation des voies excrétrices. L'échographie cardiaque montre une discrète dilatation des cavités cardiaques (VG et VD), avec une fonction systolique du ventricule gauche normale (fraction d'éjection 65 %), sans valvulopathie, ni signe d'hypertension artérielle pulmonaire. Les examens biologiques sont les suivants : Glucose 4,4 mmol/l, Na 129 mmol/l, K 3,7 mmol/l, Cl 94 mmol/l, HCO3 24 mmol/l, Ca 1,84 mmol/l, Phosphorémie 1,94 mmol/l, Protéines 60 g/l, Albumine 10 g/l. Urée 34 mmol/l, Créatinine 322 µmol/l, Uricémie 840 µmol/l, Bilirubine totale 15 µmol/l. ASAT 27 UI/ml, ALAT 15 UI/ml, Phosphatases alcaline 106 UI/ml, Créatine Kinase 24 UI/ml. Protéine C-Réactive 24 mg/l, Cholestérol total 11,5 mmol/l, Triglycérides 1.43 mmol/l. Dans les urines : Protéinurie à 3,5 g/24 h, Hématies 3.000/mm3, Leucocytes 4.000/mm3.",1,Quel est le mécanisme des oedèmes dans ce cas ?,Les oedèmes sont la conséquence de la diminution de la pression oncotique (diminution de la protidémie). Il y a hypovolémie efficace qui participe à la rétention hydro-sodée (hyperaldéostéronisme secondaire).,Nephro-Urology,Reasoning,True
4132,"Une femme de 36 ans, deuxième geste, nullipare, enceinte à 32 SA, se présente en urgence pour des douleurs abdomino-pelviennes à type de crampes, rythmées toutes les 3 minutes, depuis 6 heures. Elle ne présente pas d'antécédent particulier et le début de cette grossesse s'est déroulé normalement. L'examen clinique montre un état général conservé. Elle mesure 1.54 m et pèse 82 kg (+ 14 kg par rapport au début de la grossesse). La tension artérielle est à 120/70 mm Hg et le pouls à 78/min. La température est à 37.8°C. L'utérus est dur, à grand axe longitudinal. La hauteur utérine est à 32 cm. Le toucher vaginal révèle un col court, postérieur, perméable au doigt et une présentation céphalique fixée. L'échographie obstétricale réalisée à 31 SA montre un foetus de morphologie normale, dont les biométries sont comprises entre les centiles 95 et 97, un liquide amniotique en quantité modérément augmentée et un placenta fundique.",1,"Quelle affection évoquez-vous en priorité, d'après les signes cliniques fonctionnels d'appel qui ont motivé la consultation en urgence et les données de l'examen clinique ? Quels sont les arguments de votre diagnostic?","Menace d'accouchement prématuré. Arguments : contractions utérines (crampes abdomino-pelviennes rythmées, utérus dur) ; modifications cervicales (col court, perméable au doigt, présentation fixée).",Gynecology and Obstetrics,Reasoning,True
4141,"Mr S., vendeur de journaux dans un kiosque, âgé de 56 ans se plaint au réveil à 7h d'une chute du membre supérieur gauche. Il remarque des fourmillements dans le bras gauche. Il peut se lever et se fait conduire aux urgences. Il prend comme traitement pour une hypertension artérielle Valsartan (tareg 160 1/j), Bisoprolol hémifumarate+ Hydrochlorothiazide (lodoz 10 1/j) et pour un diabète Glibenclamide (daonil 5 3/j), Metformine chlorhydrate (glucophage 1000 2/j). Cet homme consomme 1 whisky et 3 verres de vin par jour. Il pèse 110kg pour 1.82 m. Il fume 10 cigarettes par jour

A 8h 30, à l'examen clinique, il existe une chute du bras gauche au maintien des attitudes, une chute modérée du membre inférieur G. Il existe une hypoesthésie à la piqûre du membre supérieure gauche. Il existe une extinction visuelle de l'hémichamp gauche. La tension est à 210 /110 mmHg, le pouls est régulier à 83 pulsations/min.",1,Quel examen biologique pratiquez-vous immédiatement en urgence ?,"Faire un dextro à la recherche d'une hypoglycémie.

Vous demandez un TDM,  réalisé à 9 h, il est normal.",Neurology,Reasoning,True
4152,"Mr  D., ancien artisan peintre droitier, âgé de 72 ans est hospitalisé à 10 heures pour la survenue d'une hémiplégie gauche découverte au réveil. Ses antécédents consistent en une hypertension artérielle connue depuis 15 années, actuellement traitée par Indapamide (fludex 1/j) + Ramipril (triatec 2,5 1/j) , un diabète depuis 8 années  traité par Metformine chlorhydrate (glucophage 850 N 2/j), une hypercholestérolémie traitée par Simvastatine (zocor 40 1/j), une hyperuricémie traitée par Allopurinol (zyloric 1/j). Le tabagisme à 20 paquets années est sevré depuis 7 ans. Il y a sept ans, à l'occasion d'un malaise un ECG a mis en évidence une fibrillation auriculaire justifiant un traitement anticoagulant par Fluindione (previscan 1+1/4) et Digoxine (hémigoxine 1/jour).A l'entrée, Mr D est conscient. Il se plaint d'une difficulté à mobiliser ses membres inférieur et supérieur gauches. Il se plaint de difficultés à articuler les mots qu'il attribue à son atteinte faciale. En effet les traits du visage sont déformés avec une déviation de la bouche vers la gauche. Il dit avoir des difficultés à occlure la paupière droite et se plaint de son œil droit qui est rouge. A l'examen, les réflexes ostéo-tendineux sont vifs et diffusés au membre inférieur gauche, vifs au membre supérieur gauche, la sensibilité superficielle et profonde est normale.Le poids est de 87 kg pour 1, 73m, la tension artérielle 160/ 85 mmHg, le pouls irrégulier à 90 pulsations/mn.De son carnet de santé, on retient la semaine précédente, un dosage de INR = 2, 8 ; Hb1C= 7.",1,Comment examinez-vous  la motricité de la face ?,"Inspection puis  étude du facial supérieur, du facial inférieur. Vérifier l'absence de dissociation automatico-volontaire.",Neurology,Understanding,True
4186,"Une femme de 69 ans, est admise aux urgences vers 15 heures pour malaise sans perte de connaissance survenu dans une pharmacie. L'examen réalisé par le pharmacien trouve une cyanose discrète des extrémités, un pouls à 62 par minute et une tension artérielle systolique à 90 mmHg. A l'admission, cette malade qui a repris toute sa lucidité signale qu'elle est diabétique non insulinodépendante traitée par metformine (Glucophage$R) 500 mg 2/j, mépaglimide 0,5 mg (Novonorm$R) 1 cp midi et soir et régime. Elle est habituellement hypertendue traitée par amlodipine (Amlor$R) 5 mg 1/j. Elle a déjeuné normalement vers 12H30 et signale une douleur persistante dans la jambe droite depuis le matin qui a motivé sa sortie pour se procurer un antalgique alors qu'elle se sentait fatiguée depuis la veille. L'examen clinique trouve un placard érythémateux et oedémateux chaud tendu au niveau de la face interne du mollet droit. Il existe une hypodermite indurée circonférentielle au niveau des 2 chevilles et des cicatrices d'ulcères anciens. On note la présence de varicosités en plaques sur les faces internes des cuisses ainsi que sur les deux pieds. L'examen clinique montre également quelques excoriations sur les deux jambes et un aspect érosif et macéré des 2 derniers espaces interdigitaux plantaires des deux pieds. On trouve à la palpation deux adénopathies inguinales droites sensibles. Elle a une impotence fonctionnelle du membre inférieur sur lequel elle ne peut prendre appui et dit qu'elle redoute de faire une phlébite comme il y a de nombreuses années après la naissance de sa fille. Sa température à l'admission est de 38°7C. Son poids est de 69 kg pour 152 cm.",1,Quelles sont les causes à évoquer devant ce malaise et laquelle privilégiez‐vous ?,1) Malaise vagal lié à la douleur et à l'hyperthermie. 2) Malaise hypoglycémique chez une diabétique lié à un repas insuffisant dans le contexte de prise d'un insulinosécréteur au déjeuner. 3) Hypotension orthostatique liée à une complication neuro dégénérative du diabète.,Dermatology,Reasoning,True
4246,"Un homme de 33 ans, est amené par les pompiers au service d'urgence de l'hôpital général. Il a provoqué un accident par refus de priorité, sans gravité d'après le constat de police. Il a refusé l'alcootest avec virulence. Son comportement a motivé son transfert au service des urgences. Pendant celui‐ci, il profère des menaces et injurie les pompiers. A son arrivée, il dit que le monde a besoin d'évènements nouveaux et que s'il n'avait pas causé cet accident, personne ne l'aurait fait à sa place : ""si on ne provoque pas les évènements, il ne se passe rien dans ce pays"". Il parle seul, récite des prières, se montre agressif envers le personnel tant et si bien qu'on doit l'isoler. Il tambourine à la porte de sa chambre d'isolement, chante, se moque des infirmiers qui lui apportent son repas. Il est bientôt prostré dans un coin, refusant de parler. Au médecin qui l'interroge, et après quelques minutes de silence, il consent cependant à répondre par oui et par non, puis se laisse emporter, parlant de plus en plus vite. Son discours est parfois incompréhensible tant ses idées semblent se bousculer, tant il passe souvent du coq à l'âne. Il se dit menacé par des hommes politiques influents dont il préfère taire le nom pour ne pas exposer le médecin à des représailles. Ce complot reste flou, aucune personne n'étant jamais nommée individuellement ; il semble n'y croire qu'à moitié. Il dit avoir maille à partir avec les services secrets Il vante ses grandes capacités d'intelligence qu'il se dit prêt à ""montrer sur le champ en passant tous les tests qu'on voudra bien lui présenter"". Très exalté, il ne se sent pas malade, il dit : ""allez docteur, vous allez pas me laisser moisir ici, j'ai autre chose à faire moi, je me sens très, vraiment très, très, très bien ! je n'ai même plus besoin de dormir ! faites‐moi donc sortir ! Quoi vous voulez que je prenne un traitement ? Vous êtes fou ou quoi ?"". Il refuse toute hospitalisation. Sa femme et ses enfants confirment une insomnie totale et une grande excitation apparues récemment. Trois heures après l'accident, il présente un bref épisode pendant lequel il ne sait plus où il est, se trompe de date et d'heure. L'examen neurologique ne montre ni trouble de la marche ni déficit sensitivo‐moteur. Le rachis est souple. La tension artérielle est à 140/80 mm Hg, le pouls est à 76/m, et la température corporelle est à 37°3 C. Il a 1 g/l d'alcool dans le sang.",1,Quels sont les principaux symptômes à relever dans cette observation ?,"Ce malade a présenté une crise d'agitation avec : ‐ troubles du comportement (impulsivité) ‐ excitation psychomotrice‐hyperactivité agressive et improductive, soliloque ‐ humeur euphorique, expansive et versatile (alternance d'euphorie et logorrhée) ‐ idées délirantes de type fabulatoire avec faible degré de conviction à thèmes religieux (récite des prières), mégalomaniaques (hommes politiques influents, grandes capacités d'intelligence), de persécution (complot) ‐ bref épisode intercurrent de confusion mentale (désorientation temporelle et spatiale) ‐ déni de la maladie, refus de soins ‐ symptômes somatiques : insomnie totale, absence de perception de la fatigue ‐ alcoolisation associée (alcoolémie à 1 g/L).",Psychiatry,Understanding,True
4281,"Une femme de 76 ans est adressée aux urgences car elle a depuis 24 heures, une fièvre à 40°C accompagnée de frissons, d'une asthénie intense. Dans ses antécédents on note : ‐ une phlébite surale droite avec embolie pulmonaire il y a 4 ans ; ‐ un adénocarcinome mammaire droit traité par mastectomie partielle et radiothérapie complémentaire il y a 3 ans. Son traitement habituel comporte : tamoxifène (Nolvadex ®) : 1 cp / j. La température est 39°3 C, la tension artérielle 140/70 mmHg et le pouls à 100 / min régulier. La jambe droite est érythémateuse, chaude, douloureuse jusqu'au genou. Il existe une traînée érythémateuse à la face interne de la cuisse droite avec une adénopathie inguinale droite, centimétrique, sensible à la palpation. Vous trouvez une fissure entre les 4ème et 5ème orteils des deux côtés. L'auscultation cardio‐pulmonaire est sans anomalie. La patiente signale par ailleurs depuis 3 mois une douleur lombaire gauche irradiant à la face postérieure de la cuisse et du mollet gauche jusqu'au talon. Elle a une abolition du réflexe achilléen gauche alors que l'achilléen droit est présent. Il n'y a pas de trouble moteur ou sensitif.",1,Quel est votre diagnostic concernant les lésions cutanées ? Sur quels arguments ?,"Erysipèle de la jambe droite avec lymphangite Erysipèle car : présence d'une jambe droite érythémateuse, chaude, douloureuse dans un contexte de fièvre et de frissons. Présence d'une porte d'entrée (fissure inter‐orteils probablement d'origine mycosique) Lymphangite car : présence d'une traînée érythémateuse de la face interne de la cuisse droite avec adénopathie satellite.",Infectious Diseases,Reasoning,True
4304,"Un homme de 23 ans, 60 kg, vivant en Ile de France, sans antécédents particuliers, a présenté au retour d'un séjour dans le sud‐ouest de la France, comme moniteur de colonie de vacances, une pharyngite érythémateuse, sans amygdalite, avec 38°C de température, traitée en ville de manière symptomatique, par paracétamol. Trois jours plus tard, la température est à 39°C. Il est admis aux urgences de l'hôpital. Il est confus, obnubilé, somnolent. La température corporelle est à 39°C, la fréquence cardiaque est à 100/min, la fréquence respiratoire est à 16 cycles par min, la tension artérielle est à 100/60 mmHg. L'examen clinique met en évidence au niveau des pieds des macules violacées qui ne s'effacent pas à la pression et une raideur méningée.",1,Quel diagnostic évoquez‐vous? Justifiez votre réponse.,Méningite : ‐ troubles de conscience ‐ raideur de nuque ‐ fièvre à méningocoques : ‐ vie en communauté ‐ purpura ‐ pharyngite,Infectious Diseases,Reasoning,True
4311,"Un homme de 50 ans se présente aux urgences. Depuis 3 heures, il ressent une douleur lombaire gauche extrêmement violente, qui irradie vers la fosse iliaque gauche, l'aine et les bourses. Il est par ailleurs nauséeux. Il vous dit qu'il a déjà présenté un épisode de colique néphrétique du même côté il y a 2 ans, à la suite duquel il avait éliminé un calcul d'oxalate de calcium. Il est traité depuis 5 ans pour une hypertension artérielle par une association hydrochlorothiazide‐énalapril (Corenitec®). L'examen clinique trouve un patient obèse (100kg pour 1m75), en bon état général. L'abdomen est souple, les orifices herniaires sont libres, et la douleur est majorée par la percussion de la fosse lombaire. Les urines sont claires. Les constantes vitales sont normales (FR : 20/min, FC : 84/min, TA : 145/80 mmHg, T° :37,2°C). A l'évidence, il s'agit cliniquement d'une récidive de colique néphrétique.",1,Vous pratiquez un examen des urines à la bandelette. Qu'en attendez‐vous? Que feriez‐vous si elle était négative (=tous les indicateurs de la bandelette étant normaux)?,"La bandelette va confirmer le diagnostic en révélant l'existence d'une hématurie. Cet examen a une bonne valeur prédictive positive Dans le contexte. Si elle était négative, il faudrait rechercher un diagnostic différentiel.",Nephro-Urology,Reasoning,True
4331,"Un homme de 32 ans se présente aux urgences pour un tableau d'allure grippale évoluant depuis 8 jours : fièvre à 38°C, arthralgies, céphalées, myalgies, sueurs, malaise général. Il s'est, par ailleurs, découvert il y a 3 jours une éruption cutanée. L'examen clinique retrouve effectivement cette éruption cutanée faite de macules diffuses, non prurigineuses, de coloration rose pâle ; elle touche principalement le tronc et la racine des membres. Cet examen découvre aussi des micro adénopathies cervicales et épitrochléennes ; il n'existe pas d'hépato‐splénomégalie ; l'examen neurologique est normal. L'interrogatoire vous apprend que le patient a pris, à plusieurs reprises, de l'ADVIL® (ibuprofène) depuis 3 jours, comme il le fait habituellement et il vous confie une toxicomanie récente par voie veineuse. Il y a 6 mois, il a eu une ulcération superficielle du gland au niveau du sillon balano‐préputial, indolore, non purulente, de moins de 1 cm de diamètre ; celle‐ci a cicatrisé en 10‐ 15 jours après application de vaseline et de ce fait, il ne s'est plus inquiété. Il n'a pas eu de rapports sexuels depuis 3 semaines.",1,Quel(s) diagnostic(s) devez‐vous évoquer devant ce tableau ? Sur quels arguments ? Hiérarchisez votre réponse.,"Syphilis secondaire. Tous les éléments sont concordants. Contexte : Chancre il y a 6 mois guéri sans traitement ; Signe clinique : Roséole ; Polyadénopathies dont épitrochléenne Céphalées Tableau grippal Primo infection à VIH par principe dans ce contexte Contexte : Toxicomanie ; Signes cliniques : Erythème généralisé ; Polyadénopathies ; Tableau ""grippal"" Toxidermie à l'ibuprofène semble moins probable",Infectious Diseases,Reasoning,True
4339,"Un homme d'origine caucasienne, âgé de 27 ans, célibataire, en désinsertion familiale, vivant dans un squat, est amené par les pompiers aux Urgences de l'Hôpital. Cet ancien toxicomane se sait séropositif pour le V.I.H depuis plus de 10 ans. Il dit avoir reçu une bithérapie anti‐rétrovirale dans les années 90 puis avoir perdu tout contact avec l'équipe qui le suivait. Il n'aurait présenté comme infection notable qu'un zona ophtalmique en automne 2003. A cette occasion, il a repris contact avec une équipe soignante ""Médecins du monde"". Son taux de lymphocytes CD4+ circulants était à 48/mm3. Il n'a accepté comme traitement que de la méthadone et du Bactrim Forte® (triméthoprime‐sulfamethoxazole) 1 cp/j qu'il dit prendre régulièrement. Depuis 4 mois, il se plaint d'asthénie, d'anorexie, d'amaigrissement sans que celui‐ci soit chiffrable, ainsi que de toux, d'expectoration qu'il qualifie de purulente, et d'épisodes hémoptoïques. Il se dit dyspnéique. Sa température est à 39°C. Il est cachectique avec un poids de 38 kg pour 1m70. L'auscultation pulmonaire trouve des râles crépitants bilatéraux chez ce patient polypnéique.",1,Quels signes de gravité immédiate de cette pneumopathie recherchez‐vous aux Urgences dans les 5 premières minutes?,Cyanose Fréquence respiratoire > 30/mn Fréquence cardiaque > 120/mn Pression artérielle systolique < 90 mmHg Troubles de la conscience Saturation en O2 < 90 % en air ambiant,Pulmonology,Reasoning,True
4346,"Une femme de 70 ans est adressée pour une dyspnée d'apparition progressive depuis 4 semaines. Elle est valide et autonome, mariée, mère de 9 enfants. Dans ses antécédents, on note un tabagisme à 10 paquets‐années. Elle a présenté une réaction allergique à la pénicilline lors d'une bronchite il y a 10 ans ; elle n'en a pas repris depuis. Elle a été opérée il y a 20 ans d'une cholécystectomie et il y a 35 ans d'une hystérectomie avec annexectomie. Elle est suivie pour une hypertension artérielle traitée par Fludex® (indapamide) depuis 10 ans et pour une intolérance au glucose dans un contexte de léger surpoids, traitée par Glucophage® (metformine). Elle prend de l'aspirine pour des douleurs de cervicarthrose à raison de 1 à 2 g/j depuis plusieurs années. A l'entrée, la dyspnée est de stade II ; la pression artérielle est à 120/75 mm Hg, la température à 37°8 C, la fréquence cardiaque à 110/min, la SpO2 en air ambiant à 95 %. Il y a un souffle systolique maximal au quatrième espace intercostal gauche irradiant dans l’aisselle. L'auscultation pulmonaire est normale. L'abdomen est souple sans organomégalie. Il n'y a pas de signe de thrombose veineuse profonde, ni de signe d'insuffisance cardiaque droite. La palpation de la thyroïde, des aires ganglionnaires, et des seins est normale. Il n’y a pas de déficit sensitivomoteur. Elle a une pâleur cutanéomuqueuse. Biologie : Hémogramme : Hémoglobine = 5,7 g/dL ; VGM = 67 µ3; TCMH = 26 pg/cellule ; plaquettes = 458 G/L ; leucocytes = 10,4 G/L ; polynucléaires neutrophiles = 74 %. Ionogramme sanguin : urée = 5 mmol/L ; créatinine = 75 µmol/L ; K+ = 4,6 mmol/L ; Na+ = 136 mmol/L. Glycémie = 6,5 mmol/L. Protéine C Réactive = 56 mg/L ; fibrinogène = 5 g/L ; la bandelette urinaire est normale. Enzymes cardiaques et gaz du sang normaux. Ferritinémie = 60 µg/L (N : 50 – 150 µg/L). L'électrocardiogramme montre un rythme sinusal avec des signes d'hypertrophie ventriculaire gauche. La radiographie pulmonaire est normale.",1,Interprétez les anomalies du bilan biologique.,Anémie hypochrome microcytaire syndrome inflammatoire. Les hypothèses sont : Une anémie par carence martiale en premier lieu ; la ferritine est juste au‐dessus de la valeur inférieure de la normale mais il existe un syndrome inflammatoire qui élève celle‐ci. Une composante inflammatoire est possible mais ne peut rendre compte d'une telle anémie.,Hematology,Reasoning,True
4360,"Un homme de 48 ans est hospitalisé pour dyspnée. Il a une hypertension artérielle connue depuis environ 10 ans. Les examens effectués par la médecine du travail ont montré à plusieurs reprises la présence de sang et de protéines dans les urines. A l'âge de 20 ans, il a eu un épisode d'hématurie macroscopique. Il n'a jamais été régulièrement suivi. Deux ans plus tôt, il a consulté une fois dans le service. On notait alors un poids à 70 kg, une HTA (170/98 mmHg). La créatininémie était à 200 µmol/l avec une protéinurie à 3,1 g/24 h et 75 hématies/mm3 au sédiment urinaire. Il est ensuite perdu de vue. Lors de l’hospitalisation actuelle, le poids est de 74 kg, la tension artérielle à 188/105 mmHg et la fréquence cardiaque à 100/min. Il existe des oedèmes des membres inférieurs. L'auscultation cardio‐pulmonaire met en évidence un frottement péricardique et des crépitants bilatéraux. Les résultats des examens complémentaires sont les suivants : NFS : GB : 4500/mm3, VGM : 90 fl, Hb : 9 g/dL, Plaquettes : 280.000/mm3, créatininémie : 860 µmol/L, urée : 57 mmol/L, Ionogramme : Na : 124 mmol/L, K : 6,8 mmol/L, Cl : 90 mmol/L, calcémie : 1,90 mmol/L, phosphorémie : 2,50 mmol/L (N : 0,8 à 1,2 mmol/L), albuminémie : 30 g/L. ‐ : 16 mmol/L, PO2 : 70 mmHg. La diurèse est de 400 mL en 12 H. Ionogramme Gaz du sang : pH : 7,32, PCO2 : 31 mmHg, HCO3 urinaire : Na : 20 mmol/L, K : 50 mmol/L. Protéinurie : 2 g/L, Sang : +++ à la bandelette. Echographie rénale : reins de taille mesurée à 8,5cm, sans dilatation pyélocalicielle.",1,Quel est l'état d'hydratation de ce patient ? Justifiez votre réponse.,Hyperhydratation globale Hyperhydratation extra cellulaire : oedèmes membres inférieurs HTA Prise de poids de 4kg Hyperhydratation intra cellulaire : hyponatrémie,Nephro-Urology,Reasoning,True
4366,"Une femme de 28 ans, enceinte à 35 semaines d'aménorrhée (SA), est hospitalisée en urgence le 2 février pour « dyspnée d'apparition rapide ». Il s'agit d'une femme primigeste nullipare. La grossesse a été obtenue lors d'une première insémination artificielle avec donneur. Elle s'est déroulée normalement jusqu'à 31 SA, où ont été constatées une TA à 145/95 mmHg et une protéinurie à 0,8 g/24 h. Depuis, elle est suivie toutes les semaines en consultation. La TA est mesurée en moyenne à 140/85 mmHg au repos et traitée par alpha‐méthyl‐dopa (Aldomet®)250 mg x 2/j. La protéinurie mesurée à la bandelette est restée stable. L'échographie morphologique réalisée à 22 SA était normale. Une échographie réalisée à 31 SA a montré une croissance foetale harmonieuse, avec des mensurations au 15ème percentile. Les sérologies toxoplasmose et rubéole étaient positives lors de la déclaration de grossesse. Le 1er février au soir, elle se plaint d’asthénie et de toux quinteuse. Au cours de la nuit apparaît une dyspnée. Un médecin est appelé le 2 au matin et décide l'hospitalisation. Dans ses antécédents, on note une stérilité primaire de couple ayant abouti au diagnostic d'azoospermie chez le conjoint, un surpoids (80 kg pour 1,65 m avant la grossesse). A l’examen clinique il est noté un score de Glasgow à 15, une TA 180/110 mmHg, FC 105/min, 37,9°C, SpO2 90 % en air ambiant des oedèmes des membres inférieurs prenant le godet, 95 kg dont 3 kg pris depuis la dernière consultation il y a une semaine. Pas de céphalée ni de douleur épigastrique. Mouvements actifs foetaux présents. L’auscultation trouve des râles crépitants jusqu'à mi‐hauteur des deux champs pulmonaires, un souffle pleurétique de la base droite et un souffle systolique 1 à 2/6 maximal au 3 ème espace intercostal gauche. L’examen obstétrical est en rapport avec le terme, les réflexes ostéo‐tendineux sont vifs avec extension de la zone réflexogène des rotuliens. La radio thoracique montre un aspect évocateur de pleurésie de faible abondance de la base droite, lignes de Kerley et quelques opacités alvéolaires confluentes. A l’ECG, il existe une tachycardie sinusale à 105/min, sans anomalie de la repolarisation. Les gaz du sang artériel en air ambiant ‐ 29 mmol/L, SaO2 89 %. Sous O2 3 L/min : PaO2 77 mmHg, SaO2 94 trouvent : pH 7,55, PaCO2 28 mmHg, PaO2 56 mmHg, HCO3 %.Dans les urines : absence de leucocytes, d’hématies ou de nitrites, protides +++, cétonurie +, glycosurie négative. Dans le sang : Na 136 mmol/L, K 3,9 mmol/L, Cl 98 mmol/L, bicarbonates 28 mmol/L, glucose 4,5 mmol/L, créatinine 80 µmol/L, protides 64 g/L, Ca 2,25 mmol/L, acide urique 360 µmol/L. ‐ Hémogramme : Hb 105 g/L, GR 4,67 T/L, Ht 36 %, réticulocytes 80 G/L, GB 12,5 G/L, plaquettes 110 G/L. ‐ Echographie foetale : bonne vitalité, mensurations au 15ème percentile.",1,Les résultats de deux sérologies obligatoires pendant la grossesse ne sont pas connus. Lesquelles ?,"Syphilis (lors de la déclaration), hépatite B (au 6ème mois).",Gynecology and Obstetrics,Understanding,True
4412,"Une mère de famille découvre son fils âgé de 4 ans inanimé dans la salle de bains. A l’arrivée du SAMU, les services de secours constatent que la pièce est correctement ventilée et comporte un radiateur de chauffage électrique.
Interrogée, la mère signale avoir retrouvé un flacon vide d’ELUDRIL®, solution alcoolique pour bain de bouche que l’enfant aurait pu boire. A l’arrivée à l’hôpital, l’enfant présente un coma profond et calme. Il respire spontanément (rythme respiratoire 20 mouvements/min). Le pouls (72 battements/min), la pression artérielle (135/100 mm de Hg) et l’auscultation pulmonaire sont normaux. Il est en hypothermie (température corporelle 35,3°C). Son haleine sent fortement la menthe. L’enfant n’est pas diabétique et ne présente pas d’antécédents familiaux.
Un examen biologique est immédiatement demandé et donne les résultats suivants

SgA pH (à 37°C) : 7,21
SgA pO2 : 122 mmHg
SgA pCO2 : 15 mmHg
Pl sodium : 138 mmol/L
Pl potassium : 5,2 mmol/L
Pl chlorure : 98 mmol/L
Pl bicarbonate : 12 mmol/L
Pl calcium : 2,32 mmol/L
Pl glucose : 2,1 mmol/L
Pl urée : 4,6 mmol/L

L’osmolalité par mesure du delta cryoscopique est de 321 mOsm/kg d’eau.
Le bilan hématologique est normal.",3,Quel dosage sanguin permet de confirmer le diagnostic ?,Dosage de l’éthanolémie.,Pharmacy,Reasoning,True
4421,"Madame Y., 42 ans, est admise au service des urgences de l’hôpital, par SAMU, pour collapsus cardiovasculaire et coma. L’interrogatoire de son entourage nous apprend qu’elle présentait depuis quelques jours des nausées, des vomissements et des douleurs abdominales. Madame Y. a pris pendant quelques semaines un traitement corticoïde (7 mg par jour de prednisone), pour traiter une poussée de polyarthrite rhumatoïde ; Devant les troubles digestifs, elle a arrêté brutalement son traitement. Son traitement d’entretien (qui lui, n’avait pas été interrompu) consiste en méthotrexate (10 mg par voie orale/ semaine).\n A l’entrée aux urgences, sa tension artérielle est de 90/60 mmHg, sa fréquence cardiaque est de 120/min, elle présente un coma agité.\n Des examens biologiques plasmatiques sont pratiqués en urgence et montrent les résultats suivants :\n Pl Sodium : 123 mmol/L\n Pl Potassium : 6,5 mmol/L\n Se Protéines : 92 g/L\n Pl Créatinine : 170 µmol/L\n Pl Urée : 18 mmol/L\n Pl Glucose : 2,8 mmol/L",1,"Commenter les résultats biologiques. Comment les expliquer dans ce contexte ? Au vu des données cliniques et biologiques, quelle pathologie peut-on évoquer ?","La patiente présente une hyponatrémie, une hyperkaliémie, une hypoglycémie et des taux anormalement élevés des protéines sériques, de la créatinine et de l’urée plasmatiques.\n L’ensemble de ces perturbations biologiques (ainsi que les troubles cliniques) sont en faveur d’une insuffisance surrénalienne aiguë consécutive à l’arrêt brutal du traitement corticoïde instauré depuis plusieurs semaines. Le déficit en minéralocorticoïdes s’accompagne d’une hyponatrémie associée à une hyperkaliémie. L’insuffisance rénale (augmentation de la créatinine et particulièrement de l’urée plasmatique) est d’ordre fonctionnelle, conséquence des troubles hydroélectrolytiques (déshydratation extra cellulaire montrée par la protidémie). L’hypoglycémie est une conséquence du déficit en glucocorticoïdes (le cortisol est une hormone hyperglycémiante).",Pharmacy,Reasoning,True
4430,"Un homme de 58 ans, 90 kg pour 1,78 m, est orienté vers un cardiologue par son médecin traitant car, à 2 reprises, il présente une pression artérielle de 165/105 mm Hg malgré 6 mois de régime.\n L’interrogatoire montre un patient asymptomatique, présentant des céphalées intermittentes disparaissant sous paracétamol pris en automédication.\n Ses facteurs de risques associent un tabagisme (1 paquet de cigarettes par jour depuis 20 ans), une hypertension artérielle familiale connue et traitée chez les 2 parents.\n L’examen clinique révèle un pouls régulier à 80 battements/mn et une pression artérielle de 165/105 mmHg aux 2 bras.\n L’auscultation cardiovasculaire et l’examen pulmonaire ne montrent aucune anomalie.\n Lors du bilan biologique, la kaliémie est de 3,8 mmol/L, la natrémie de 139 mmol/L et la créatininémie de 110 micromol/L.\n Après un premier traitement par quinapril (ACUITEL@ 20 mg) à raison de 1 comprimé par jour, abandonné en raison d’une toux sèche persistante et d’une efficacité insuffisante, le médecin remplace ACUITEL@ par l’association candésartan cilexetil, hydrochlorothiazide (HYTACAND@ 8 mg/12,5mg). La mesure de la pression artérielle à la consultation suivante donne alors une pression artérielle de 160/100 mmHg.\n Le médecin prescrit alors l’ordonnance suivante :\n -  HYTACAND@ 8 mg/12,5 mg : 1 comprimé par jour\n -  Bisoprolol (DETENSIEL@ 10 mg) : 1 comprimé par jour QSP 1 mois.",1,Comment définit-on l’hypertension artérielle ? Quelles sont les conditions de mesure en ambulatoire de la pression artérielle ? Comment confirme-t-on le diagnostic de l’hypertension ?,"La tension artérielle est déterminée par 2 chiffres : la pression artérielle systolique (PAS) et la pression artérielle diastolique (PAD).\n L’hypertension artérielle se définit par une pression artérielle systolique (PAS) supérieure à 130 mmHg ou une pression artérielle diastolique (PAD) supérieure à 85 mmHg.\n Les mesures de PA doivent être réalisées après 10 minutes de repos, en position assise ou couchée à raison de deux mesures ou plus, séparées d’au moins 5 minutes. Si les chiffres tensionnels sont supérieurs à 130/85 mmHg à 3 consultations à 1 mois d’intervalle, le diagnostic d’hypertension est confirmé.",Pharmacy,Understanding,True
4446,"Madame B, 36 ans, est hospitalisée pour prise en charge d’une insuffisance rénale chronique terminale. La tension artérielle est à 16/10, des oedèmes sont présents.

Les analyses biologiques sont les suivantes :
Se créatinine : 500 μmol/L
Clairance rénale de la créatinine : 8 mL/min
Se urée : 16 mmol/L
Se calcium : 2,2 mmol/L
Se phosphate (inorganique) : 1,32 mmol/L (exprimé en P)
Sg hémoglobine : 75 g/L
Sg CCMH : 32 %
Sg VGM : 90 fL

Une dialyse péritonéale continue est mise en place et la patiente est mise sur liste d’attente pour une transplantation rénale.

Le traitement mis en place est le suivant :
-  Régime sans sel
-  Furosémide (LASILIX® 40 mg cp) 1 cp, 2 fois par jour
-  Cilazapril (JUSTOR® 0,5 mg cp),1 cp 2 fois par semaine
-  Carbonate de calcium (CALCIDIA® sachet), 1 sachet par jour",2,"A quelle classe de médicament appartient le furosémide, quel est son mécanisme d’action ? Justifier son utilisation chez cette patiente.","Le furosémide est un diurétique de l’anse de Henlé, il inhibe le cotransport Na+- K+-2C1- au niveau de la partie ascendante : à ce niveau, il exerce donc un effet natriurétique. Il facilite donc l’excrétion du sodium chez l’IRC, il lutte aussi contre l’HTA (16/10 ici) et les oedèmes d’origine rénale. Il permet ainsi de limiter l’aggravation de l’IRC par diminution de la tension artérielle, ainsi que l’apparition d’une insuffisance cardiaque congestive liée à la rétention hydrique.",Pharmacy,Understanding,True
4456,"Monsieur V. 62 ans, 1m75, 72 kg, a subi une épreuve d’effort qui a été interrompue en raison de très nombreuses perturbations électrocardiographiques. La coronarographie pratiquée en urgence a révélé une sténose importante de la coronaire circonflexe et une angioplastie transluminale par ballonnet avec mise en place d’une prothèse endovasculaire a été effectuée. Un bilan biologique pratiqué deux heures plus tard (à 13 h) donne les résultats suivants :

Pl Sodium : 137mmol/L
Pl Potassium : 4,8 mmol/L
Pl Chlorure : 101 mmol/L
Pl Protéines : 68 g/L
Pl Créatinine : 82 μmol/L
Pl Glucose (à jeun) : 5,1 mmol/L
Pl Créatinine Kinase : 105 UI/L
Pl ASAT : 22 UI/L
Pl ALAT : 15 UI/L
Pl Urée : 5,8 mmol/L
Pl Troponine Ic : 0,08 μg/L (valeurs usuelles : < 0,15 μg/L).

A l’interrogatoire, est notée la présence d’une hypertension détectée il y a deux ans et traitée par Amlor® 5 mg (amlodipine, 1 comprimé/j) et Coversyl® 4 mg (périndopril, 1 comprimé/j). Sa tension est actuellement de 120/80 mmHg. Mr V., amateur de cigares a arrêté de fumer il y a environ un an. Il ne pratique aucun sport et occupe actuellement un poste d’employé de bureau. Aucun antécédent familial de maladie coronarienne ou vasculaire n’est à noter.

Un prélèvement effectué à 18 h, le même jour, et un autre le lendemain matin, ne montre aucune élévation de la troponine Ic.",1,Quelle est la classe pharmacologique des deux antihypertenseurs utilisés ?,"-  Amlodipine : antagoniste calcique du groupe des dihydropyridines
-  Périndopril : inhibiteur de l’enzyme de conversion (IEC) de l’angiotensine I.",Pharmacy,Understanding,True
4462,"Une jeune femme de 22 ans ingère dans un but autolytique une association de médicaments mal identifiés, les boîtes retrouvées autour d’elle étant nombreuses et pas toute vides. Parmi les médicaments potentiellement ingérés, il y a l’amitriptyline (LAROXYL®), le bromazépam (LEXOMIL®), l’imipramine (TOFRANIL®), le phénobarbital (GARDENAL®) et l’aspirine. La patiente est hospitalisée en coma stade 2, hypertonique, en mydriase bilatérale, avec une fréquence cardiaque à 110 battements/min.",1,"À quelles classes pharmacologiques et thérapeutiques appartiennent ces médicaments ? Pour chacun d’entre eux, indiquer la dose maximale pour une prise unique par voie orale ?","-  Amitriptyline (LAROXYL®, antidépresseur tricyclique (ADT) inhibiteur de la recapture de la noradrénaline et de la sérotonine. 0,100 g.\n -  Imipramine (TOFRANIL®, ADT inhibiteur de la recapture de la noradrénaline et de la sérotonine. 0,050 g.\n -  Bromazépam (LEXOMIL®, benzodiazépine (BZD), anxiolytique. 0,006 g.\n -  Phénobarbital (GARDÉNAL®, barbiturique, antiépileptique. 0,300 g.\n -  Aspirine : antalgique, antipyrétique, anti-inflammatoire, anti-agrégant plaquettaire selon la posologie. 2,000 g.",Pharmacy,Understanding,True
4477,"Madame B. présente depuis 3 semaines des maux de tête violents et des nausées avec vomissements, essentiellement le matin au lever. Étant enceinte de 22 semaines, elle a consulté son médecin traitant qui a estimé que Madame B. était victime d’une gastro-entérite. En raison de sa grossesse, il lui a prescrit un traitement d’une semaine à base de trimébutine (DÉBRIDAT®) 1 comprimé avant les repas et de paracétamol.
Malgré le traitement, les symptômes matinaux de Madame B. ne disparaissent pas et ont même tendance à s’accentuer, mais, c’est surtout une perte de connaissance passagère, un matin au lever, qui l’amène à s’adresser au service des urgences.
À son arrivée à l’hôpital, sa tension artérielle est de 140/95 mm de Hg, sa fréquence cardiaque de 77 battements/min, sa fréquence respiratoire de 19 mouvements/min, sa température corporelle 36,9°C. L’examen oculaire initial est normal. L’examen du tracé électrocardiographique fait apparaître des troubles de la repolarisation (modification du segment ST).
Un bilan biologique demandé d’urgence, donne les résultats suivants :

Pl Sodium : 135 mmol/L
Pl Potassium : 4,4 mmol/L
Pl Urée : 4,3 mmol/L
Pl Glucose : 4,3 mmol/L
Pl Chlorure : 102 mmol/L
Pl CO2 TOTAL : 18 mmol/L
SgV Lactate : 3,5 mmol/L
SgA pH (à 37°C) : 7,30
SgA pCO2 : 37 mmHg
SgA pO2 : 84 mmHg
SgA Oxyhémoglobine/ hémoglobine totale (Sa02) : 0,82",1,Commenter le bilan biologique.,"Les résultats biologiques font apparaître une acidose métabolique avec augmentation du trou anionique. L’acidose métabolique (SgA pH 7,30) est marquée par une baisse du pH et du taux du CO2 total (PI CO2 total : 18 mmol/L) mais sans perturbation de la pCO2 et de la pO2. On constate une augmentation du trou an ionique [TA = (Na+ + K+) - (Cl- + CO2 total) = 19,4 mmol/L). Il s’agit d’une acidose normochlorémique avec augmentation du taux de lactate (SgV Lactate 3,5 mmol/L) conséquence d’une hypoxie tissulaire. Les gaz du sang artériel montrent une diminution de la SaO2 tandis que la pO2 et la pCO2 sont normales.",Pharmacy,Reasoning,True
4490,"Coralie T. âgée de 38 ans doit subir une intervention chirurgicale et une autotransfusion est envisagée. Le dépistage VIH qui est prescrit s’avère positif.
L’interrogatoire de la patiente révèle dans les antécédents une toxicomanie par voie intraveineuse quelques années auparavant.",2,Quelle est probablement l’origine de la contamination de Coralie T. par le VIH ? Quelles sont les autres voies de transmission de ce virus ?,"Origine de la contamination de Coralie T. : D’après l’interrogatoire, la patiente est une ancienne toxicomane par voie intraveineuse et il est probable que sa contamination par le VIH soit d’origine sanguine par ré-utilisation d’une seringue contenant du sang contaminé.
Les autres voies possibles de transmission sont :
-  La voie sexuelle qui est d’ailleurs la voie principale de transmission de ce virus dans le monde.
-  La transmission mère-enfant, principalement en fin de grossesse et lors de l’accouchement, et également en post-natal par l’allaitement maternel.",Pharmacy,Understanding,True
4494,"Mr D., 37 ans, est un ancien toxicomane par voie IV. Il est suivi pour une infection à VIH-1 connue depuis 4 ans suite à un dépistage prescrit à sa demande lors du sevrage. Il est asymptomatique et actuellement traité par zidovudine + lamivudine (Combivir®) et lopinavir + ritonavir (Kaletra®). Ses derniers bilans biologiques montrent les résultats suivants :

Il y a 6 mois :
Pl ARN VIH-1 : < 20 copies/mL
Sg/Lymphocytes TCD4 : 0,32 G/L

Il y a 3 mois :
Pl ARN VIH-1 : 25.000 copies/mL
Sg/Lymphocytes TCD4 : 0,33 G/L

Il y a 72 heures :
Pl ARN VIH-1 : 500.000 copies/mL
Sg/Lymphocytes TCD4 : 0,2 G/L.",1,"Quels sont les mécanismes d’action des antirétroviraux prescrits à ce patient ? Existe-t-il d’autres molécules présentant des mécanismes d’action différents ? Si oui, lesquels ?","-  zidovudine, lamivudine : inhibiteurs nucléosidiques de la transcriptase inverse du VIH.
-  Lopinavir : inhibiteur de la protéase du VIH.
-  Ritonavir : inhibiteur de protéase utilisé comme compétiteur pour la dégradation d’une autre antiprotéase, ce qui augmente la concentration plasmatique de cette dernière. (Potentialisation des effets du lopinavir).
-  Autres molécules à mécanisme d’action différent : inhibiteurs non nucléosidiques de la transcriptase inverse du VIH1, inhibiteurs nucléotidiques de la transcriptase inverse du VIH, inhibiteur de la liaison au corécepteur CCR5, inhibiteurs de l’intégrase du VIH, inhibiteurs de la fusion.",Pharmacy,Understanding,True
4519,"Monsieur René P., 72 ans, bûcheron retraité vivant à la campagne, 104 kg pour 1,72 m, gros fumeur, traité pour une hypertension artérielle (HTA) par LOXEN® (nicardipine) (2 gélules/jour) depuis 5 ans. Monsieur P. présente également une dyslipidémie mixte négligée.\n Subitement au cours d’une nuit, Monsieur P. est réveillé par une douleur médiothoracique constrictive à irradiation cervicale et brachiale gauche accompagnée d’une sensation de malaise et d’une dyspnée. L’électrocardiogramme (ECG) pratiqué par le médecin du SAMU, arrivé au domicile du patient 2 heures après le début des symptômes, montre l’existence de signes de nécrose antérieure en voie de constitution. Le patient est agité, hyperalgique, en sueur, sa pression artérielle est de 117/65 mm de Hg, la fréquence cardiaque à 85/minute. Le traitement initial est institué, au domicile, au patient allongé et sur lequel a été mise en place une voie veineuse périphérique :\n -  Oxygène au masque : 6 L/min\n -  NATISPRAY® (trinitine) : 2 bouffées répétées au bout de 5 minutes mais s’avérant inefficaces\n -  Chlorhydrate de morphine : 0,25 mg en I.V.\n -  KARDÉGIC® 500 (acétysalicylate de lysine) : 500 mg en I.V.\n -  HÉPARINE CHOAY® (héparine sodique) : 5000 UI en I.V.",4,Quelles sont la classe pharmacologique et l’indication thérapeutique de RISORDAN® et TRANXÈNE® chez ce patient ?,-  RISORDAN® appartient aux dérivés nitrés (cf question 2). Il possède par voie intraveineuse l’indication « Insuffisance ventriculaire gauche en particulier à la phase aiguë de l’IDM ». Il diminue l’étendue de l’infarctus.\n -  TRANXÈNE® est une benzodiazépine utilisée pour calmer l’anxiété voire l’angoisse résultant de la sensation de mort imminente éprouvée par les sujets présentant un IDM sévère.,Pharmacy,Understanding,True
4533,"Un homme de 32 ans, toxicomane, est hospitalisé pour fièvre, altération de l’état général, splénomégalie. Trois hémocultures sont pratiquées dans la première journée d’hospitalisation, dont deux sont positives dès le lendemain à Staphylococcus aureus. Une échographie transœsophagienne révèle une végétation au niveau de la valve tricuspide, permettant de poser le diagnostic d’endocardite bactérienne. Une échographie abdominale montre une hépatosplénomégalie. Une bithérapie par voie intraveineuse est instaurée par cloxacilline (ORBENINE ®). (150 mg/kg/24 h) + nétilmicine (NÉTROMYCINE® (+4 mg/kg/24 h).",1,Quels sont les caractères bactériologiques ayant permis d’orienter le diagnostic vers une infection à Staphylococcus aureus ?,"-  Examen microscopique montrant des cocci à Gram positif, présentant des groupements en grappe de raisin (sur milieu gélosé).
-  Recherche de la catalase (positive, contrairement aux bactéries du genre Streptococcus), recherche d’une activité coagulase libre ou coagulase liée.",Pharmacy,Understanding,True
4547,"Mademoiselle B., âgée de 19 ans, pesant 55 kg, sans antécédents médicaux, est amenée vers 21h30 au service des urgences par son compagnon qui déclare que la jeune femme, de nature dépressive, a volontairement ingéré une quantité massive de Dafalgan®. La quantité réellement ingérée par Mademoiselle B. n’est pas connue avec précision car celle-ci refuse de répondre aux questions du médecin. Son compagnon affirme avoir retrouvé 3 boîtes vides de 16 gélules de Dafalgan® dosées à 500 mg de paracétamol. Il estime que l’ingestion a eu lieu entre 19 et 20 heures, après une dispute.

A son arrivée à l’hôpital, Mademoiselle B. est consciente. Sa tension artérielle est de 140/95 mm de Hg, sa fréquence cardiaque 72 battements/min, sa fréquence respiratoire 16 mouvements/min, sa température corporelle 37,1°C.

L’examen biologique d’urgence montre les résultats suivants :
SgA pH (à 37°C) : 7,37
SgA pO2 : 82 mmHg
SgA pCO2 : 36 mmHg
Pl Sodium : 140 mmol/L
Pl Potassium : 4,1 mmol/L
Pl Chlorure : 102 mmol/L
Pl CO2 total * : 23 mmol/L
Se Protéines : 68 g/L
Pl Créatinine : 82 µm/L
Pl Calcium : 2,31 mmol/L
Pl Glucose : 4,6 mmol/L
Pl Urée : 6,4 mmol/L
Se Alanine aminotransférase (ALAT, TGP) 30°C SFBC : 25 UI/L
Se Aspartate aminotransférase (ASAT, TGO) 30°C SFBC : 22 UI/L

* Lire CO2 total = bicarbonates",3,"Un traitement immédiat, avant tout autre résultat analytique, doit-il être mis en œuvre ? Si oui, lequel ?","La conscience normale de la patiente et l’absence de signes précoces et spécifiques de l’hépatotoxicité ne doivent pas retarder la mise en oeuvre le plus tôt possible (avant la 3ème heure après l’ingestion) d’un traitement évacuateur basé sur un lavage gastrique qui pourra être complété par l’administration de charbon végétal activé.
La paracétamolémie élevée impose la mise en oeuvre d’un traitement antidotique qui a pour objectif de prévenir l’atteinte cytolytique hépatique et éventuellement rénale. Il consiste en l’administration précoce de précurseurs du glutathion ou de molécules riches en groupements thiols pour favoriser l’élimination du NAPQI. Le glutathion ne pouvant pas être directement utilisé en raison de sa faible diffusion cellulaire, le produit antidote le plus efficace est la N-acétylcystéine qui doit être administrée par perfusion IV en cas d’intoxication sévère avec troubles de la conscience. Elle peut aussi être administrée par voie orale.",Pharmacy,Reasoning,True
4574,"Madame X., 60 ans, est retrouvée inconsciente par son mari dans l’eau de sa baignoire mais non noyée. Elle est prise en charge par le SAMU.\n L’examen de la conscience révèle qu’elle est dans un coma calme, hypotonique avec un score de Glasgow égal à 3. Il n’est pas retrouvé de signe de Babinski, les réflexes ostéotendineux sont diminués, les pupilles sont en mydriase mais réactives. La patiente est pâle, sa température à 35,8°C, les battements cardiaques à 80 par minute, sa pression artérielle à 63/40 mm de mercure. Une dyspnée est observée.\n Une boîte vide de méprobamate EQUANll@ (boîte de 30 comprimés à 400 mg) et une boîte contenant encore 25 comprimés d’alprazolam XANAX@ (boîte de 30 comprimés à 0,25 mg) sont retrouvées dans la salle de bain.\n \n A l’arrivée à l’hôpital sont réalisés :\n -  un dépistage sanguin de benzodiazépines, d’antidépresseurs tricycliques, de phénobarbital qui est égatif pour les trois médicaments ;\n -  une recherche qualitative de méprobamate dans les urines qui est positive ;\n -  un scanner qui ne montre pas de traumatisme crânien.\n \n Le diagnostic d’intoxication aiguë par le méprobamate est retenu.\n Le traitement de Madame X. est le suivant : intubation et ventilation artificielle, administration de 500 ml de soluté de remplissage puis, après étude hémodynamique, de dobutamine en perfusion veineuse à raison de 10 j..lg/kg/min.",1,Quel est le risque majeur de l’intoxication par le méprobamate ?,"Survenue d’une défaillance cardiaque aiguë : insuffisance circulatoire aiguë qui se traduit par une hypotension. Le mécanisme résulte d’une vasodilatation, d’une hypovolémie et surtout d’une diminution de l’inotropisme cardiaque en cas d’intoxication massive (état de choc d’origine vasoplégique ou cardiogénique).",Pharmacy,Understanding,True
4580,"Madame V., 58 ans, suivie pour cirrhose d’origine alcoolique, est admise aux urgences pour douleurs épigastriques intenses accompagnées de vomissements.
Madame V. présente un état d’ébriété important, une tension artérielle à 105/65 mm Hg et une tachycardie
Un bilan biologique demandé par l’interne de garde donne les résultats suivants :
Pl Sodium : 140 mmol/L
Pl Potassium : 2,9 mmol/L
Pl Chlorure : 93 mmol/L
Pl CO2total : 34 mmol/L
Pl Protéines : 82 g/L
Pl Urée : 19,0 mmol/L
Pl Créatinine : 122 μmol/L
Pl Glucose : 5,2 mmol/L
Pl Osmolalité : 330 mOsm/kg d’eau
Se ALAT : 60 UI/L
Se ASAT : 80 UI/L
Se Amylase : 750 UI/L
Alcoolémie : 1,0 g/L

Le clinicien diagnostique une pancréatite aiguë et le traitement suivant est instauré :
-  PLASMION® en perfusion : 1 L/24 h.
-  Aspiration gastrique.
-  Suppression de toute nutrition entérale.
-  Mise en route d’une nutrition parentérale hypercalorique et hyperprotidique totale.
-  Morphine : 2 mg I.V. à renouveler après 4 heures si nécessaire.",1,"Quelles sont les origines des pancréatites aiguës ?
Quelle est celle qui peut être retenue chez Madame V. ?","Deux principales origines : lithiase biliaire et alcoolisme (souvent secondaire à une ingestion aiguë et importante d’alcool). Cette dernière cause est à envisager chez Madame V. (cirrhose d’origine alcoolique, alcoolémie élevée). Autres origines : hypertriglycéridémie, hypercalcémie, interventions chirurgicales, infections, médicaments (exemple : antirétroviraux).",Pharmacy,Understanding,True
4585,"Mr B., 86 ans, est hospitalisé aux urgences suite à une chute à domicile. Son état général est fortement altéré. Il présente les antécédents suivants :
-  Insuffisance cardiaque avec hypertension artérielle pulmonaire
-  Embolie pulmonaire en 2001
-  Insuffisance respiratoire chronique suite à une broncho-pneumopathie chronique
obstructive (BPCO)
-  Diabète de type 2
-  Hypercholestérolémie de type lia

TRAITEMENT :
Oxygène : 1 L/min de 15 h à 24 h
Glucophage® 850 (metformine) :1 cp midi et soir
Digoxine Nativelle® 0.25 mg (digoxine) : 1 cp/jour
Cordipatch"" 5 mg (trinitine) : 1 patch/jour
Aldalix® (spironolactone + furosémide) : 1 gel/jour
Coversv® 2 mg (périndopril) : 1/2 cp le soir
Mopral® 20 mg (oméprazole) : 1 gel matin et soir
l.asilix® 40 mg (furosémide) : 1 cp le midi
Bronchokod® (carbocystéine) : 1 mesure matin et midi
Sintrorn® 4 mg (acénocoumarol) : 1/2 cp le soir
Oxeol® 10 mg (bambutérol) : 1 cp le soir
Zocor® 40 mg (simvastatine) : 1 cp le soir

BILAN BIOCHIMIQUE :
PI Sodium : 136 mmol !L
PI Potassium : 5,4 rnmol/l
PI Chlorure : 93 rnmol/L
PI CO2 total : 8 mmol !L
PI Protéines : 66 g/L
PI Glucose : 8,6 mmol/L
PI Créatinine : 136 µmol/L
Clairance rénale de la créatinine : 27 mL/min

Bilan de coagulation : INR : 5,19
DIGOXINEMIE : 3,4 ng/mL (Valeurs normales 0,8 - 2)",1,Interpréter les paramètres du bilan biochimique. Calculer le trou anionique plasmatique. Préciser la nature du trouble acide-basique.,"La natrémie et les protéines totales sont normales.
La kaliémie, la glycémie et la créatininémie sont augmentées.
La chlorémie, le CO2 total et la clairance de la créatinine sont diminués.
Quelle que soit la formule de calcul utilisée, le trou anionique plasmatique est augmenté. Par exemple, Na - (Cl+CO2t) = 35 mmol/L (valeurs usuelles : 10 - 20 mmol/L). La baisse du CO2 total associée à l’ hyperkaliémie signe la présence d’une acidose métabolique.",Pharmacy,Reasoning,True
4694,"Monsieur H., 65 ans, 76 kg pour 1,80 m, non fumeur, souffre d’un angor d’effort stabilisé et d’une hypertension artérielle (HTA).\n Il a été victime d’un infarctus du myocarde en 1993. La coronarographie mettait en évidence une artère coronaire droite athéromateuse et calcifiée, pour laquelle une angioplastie n’était pas indiquée. Les épreuves d’effort sous traitement se sont toujours révélées négatives. En 1995, une hypercholestérolémie a été diagnostiquée. Après traitement, le bilan lipidique s’est normalisé.\n Lors d’une visite de routine, Monsieur H. décrit à son cardiologue 3 crises angineuses sur l’année liées à des efforts importants qui sont rapidement soulagées par la prise de NATISPRAY®. La tension artérielle est à 140/80 mmHg.\n Le cardiologue décide de ne pas modifier son traitement.\n L’ordonnance prescrite est la suivante :\n -  CORVASAL® (molsidomine) 2 mg : 1 comprimé matin, midi et soir\n -  CÉLECTOL® (céliprolol) 200 mg : 1 comprimé matin et soir\n -  AMLOR® (amlodipine) 5 mg : 1 gélule par jour\n -  KARDÉGIC® (acétylsalicylate de lysine) 300 mg : 1 sachet par jour\n -  ZOCOR® (simvastatine) 20 mg : 1 comprimé le soir\n -  NATISPRAY® (trinitrine) 0,30 mg : prendre une bouffée en sublingual, en cas de douleur angineuse. A renouveler une fois si besoin.",1,Quel est le mécanisme physiopathologique de l’angor d’effort ?,"L’angor est une affection caractérisée par des crises douloureuses thoraciques provoquées par une ischémie myocardique intermittente et réversible (carence transitoire et réversible en oxygène). Dans le cas de l’angor d’effort, cette ischémie myocardique est souvent la conséquence de lésions artérielles coronaires sténosantes empêchant le flux coronaire de s’adapter à une augmentation de la demande en oxygène. Le débit coronaire en aval de la sténose est suffisant au repos. Lorsque les besoins métaboliques augmentent (effort physique...) le myocarde ne reçoit plus un apport sanguin suffisant. Cette situation est aussi désignée sous le terme d’insuffisance coronaire.",Pharmacy,Understanding,True
4762,"Monsieur R., 63 ans, présentant dans ses antécédents une hypertension artérielle, un diabète de type 1 et une hypercholestérolémie, a subi une greffe rénale. Un mois après celle-ci, il est ré-hospitalisé pour des myalgies et un déficit moteur proximal des membres inférieurs avec amyotrophie du quadriceps et une asthénie intense.

Son traitement, en plus du traitement antidiabétique, était le suivant :
NEORAL® (ciclosporine) : 320 mg/j en 2 prises
CELLCEPT® (mycophénolate mofétil) : 500 mg x 2,2 fois/jour
CORTANCYL® (prednisone) : 10 mg/j
ZOCOR® (simvastatine) : 40 mg/j
LASILlX® (furosémide) : 60 mg/j
ISOPTINE Lp® (vérapamil) : 240 mg/j
COZAAR® (losartan) : 50 mg/j
CALCIDIA® (carbonate de calcium) : 7,5 g/j

Les bilans biologiques pratiqués sur le sérum à J1 (jour d’hospitalisation) et J7 sont les suivants :

J1	J7
Se CK (UI/L)	23.400	82.900
SeASAT(UI/L)	500	1.430
Se LDH (UI/L)	1.130	5.270
PI Créatinine (µmol/L)	182	363
PI Urée (mrnol/L)	22,7	41,0
Dans le service d’hospitalisation, ZOCOR®, ISOPTINE LP® et COZAAR® seront arrêtés et 3 semaines après, l’activité CK est à 187 UI/L et la créatininémie à 351 µmol/L.
Sur le plan clinique, le patient présente une récupération motrice mais les myalgies persistent.",2,Commenter les résultats des examens biologiques en comparant aux valeurs usuelles que vous préciserez.,"Ce patient présente une élévation des enzymes musculaires CK, ASAT et LDH.
Il existe également une insuffisance rénale (élévation de la créatininémie et de l’urée plasmatique).
Les valeurs normales sont les suivantes :
-  CK : 30 - 200 UI/L
-  Se ABAT : 4 - 40 UI/L
-  Se LDH : 100 - 350 UI/L
-  Se ou Pl Créatinine (homme) : 60 - 115 µmol/L
-  Se ou Pl Urée : 2,5 - 7,5 mmol/L .",Pharmacy,Reasoning,True
4766,"Monsieur D., 77 ans, est hospitalisé à la demande de son médecin traitant pour
confusion aiguë.
Dans ses antécédents, figurent un infarctus du myocarde (qu’il a présenté il y a 10
ans), une artériopathie oblitérante des membres inférieurs, une hypertension
artérielle et un diabète depuis 20 ans devenu insulino requérant depuis 10 ans.
C’était un gros fumeur, sevré depuis une dizaine d’années.
Son traitement habituel est le suivant :

UMULINE® NPH (16 U le matin, 16 U le soir)
ACTOS® 15 (pioglitazone) : 1cp/j
ELISOR® 40 (pravastatine) : 1cp/j
LASILIX® FAIBLE 20 mg (furosémide) : 1cp/j
RENITEC® 20 (énalapril) : 1cp/j
PLAVIX® 75 (clopidogrel) : 1cp/j
NITRIDERM TTS® 5 mg (trinitrine) : 1/j

A l’examen clinique d’entrée il est confus, très dyspnéique, encombré. Il présente de
discrets oedèmes remontant jusqu’aux cuisses, sans reflux hépatojugulaire. La toux
ramène une expectoration mousseuse. Il présente une fièvre à 38°2.
Les examens biologiques pratiqués sont les suivants :

Pl créatinine = 145 μmol/L
Pl urée = 9 mmol/L
Pl sodium = 142 mmol/L
Pl potassium = 3,5 mmol/L
Troponine Ic < 0,01 μg/L (N = 0 - 0,1 μg/L)
BNP (Brain natriuretic peptide) = 1120 ng/L (N < 450 ng/L)
Se Protéine C Réactive = 153 mg/L.

Le diagnostic de décompensation cardiaque à prédominance gauche est porté, avec comme
facteur déclenchant une surinfection bronchique.",1,Interpréter le bilan biologique.,"L’augmentation modérée de la créatinine et de l’urée plasmatique est le signe d’une insuffisance rénale. Cette insuffisance rénale peut être le signe d’un retentissement de l’insuffisance cardiaque sur le fonctionnement rénal, auquel cas on pourrait parler d’insuffisance rénale fonctionnelle (IRF). Pour ce faire, il est nécessaire de connaître les chiffres de la diurèse (abaissée) et les valeurs de la natriurèse et de la kaliurèse. En cas d’IRF, il existe une inversion du rapport Na/K urinaire. La kaliurèse peut devenir supérieure à la natriurèse, témoin du degré de rétention hydrosodée.
L’augmentation de la Se Protéine C réactive montre l’existence d’un syndrome inflammatoire. Ce patient présente une surinfection bronchique.",Pharmacy,Understanding,True
4772,"Monsieur E..., 50 ans, d’origine martiniquaise, réside en métropole depuis 20 ans. Il présente un asthme cortico-dépendant traité depuis 5 ans à la prednisone : CORTANCYL® 10 mg/j. Depuis environ 3 semaines, s’est manifestée une aggravation dyspnéique attribuée d’abord à une surinfection bronchique. L’absence d’amélioration malgré une antibiothérapie par macrolide puis amoxicilline et une augmentation de la corticothérapie motivent l’hospitalisation. Les examens biologiques, pratiqués le jour de l’admission, donnent les résultats suivants :

SgA pO2 : 59 mmHg
SgA pCO2 : 49 mmHg
SgA Oxyhémoglobine/hémoglobine totale (SaO2) : 89 %
Pl Sodium : 140 mmol/L
Pl Potassium : 4,3 mmol/L
Pl Chlorure : 96 mmol/L
Pl Bicarbonate : 31 mmol/L
Pl Glucose : 6,2 mmol/L
Sg Leucocytes : 9 G/L
Formule leucocytaire :
Polynucléaires neutrophiles : 5,31 G/L
Polynucléaires éosinophiles : 0,27 G/L
Lymphocytes : 2,79 G/L
Monocytes : 0,63 G/L

L’analyse bactériologique des expectorations ne permet pas d’isoler de germe prédominant. En revanche, leur examen parasitologique montre la présence de larves d’helminthe. L’examen coprologique alors prescrit, met en évidence, dès l’examen microscopique direct, de très nombreuses larves cylindriques de 250 à 350 μm de long présentant un tube digestif complet (avec une cavité buccale courte et un double renflement œsophagien) et une ébauche génitale bien visible.

Un traitement antiparasitaire par ivermectine (STROMECTOL®) à la posologie de 200 μg/kg est instauré en prise unique. Ce traitement entraîne une disparition rapide des larves dans les selles et une évolution clinique favorable.",1,Quelle est cette affection et quel est le parasite responsable ? Justifier votre réponse et donner la position systématique de cet helminthe.,"L’anguillulose à Strongyloides stercoralis. Il s’agit ici d’une forme invasive grave telle qu’elle peut survenir chez des patients ayant une anguillulose chronique soumis à un traitement corticoïde au long cours comme c’est le cas chez cet asthmatique.
En outre la morphologie décrite correspond à la larve rhabditoÏde de cette espèce qui appartient au phylum des némathelminthes, classe des nématodes.",Pharmacy,Reasoning,True
4784,"Une heure après l’ingestion dans un but suicidaire d’une quantité approximative de 60 ml de trichloréthylène, Monsieur A.B., âgé de 32 ans, après traitement de sauvegarde assuré par le SAMU, est admis à l’hôpital. A l’admission, l’homme est maintenant en coma profond et calme, ses réflexes sont tous présents. Sa pression artérielle est à 100/60 mm de mercure et son pouls est rapide à 150/minute.\n Le traitement mis en œuvre dès son arrivée à l’hôpital comprend une intubation trachéale de sécurité, une ventilation assistée assurée à une fréquence de 20 cycles par minute avec un débit de 16 litres par minute par un mélange comportant 30 % d’oxygène. Un lavage gastrique est pratiqué.",1,Quels sont les buts respectifs de l’intubation trachéale de sécurité et de l’hyperventilation ?,"Le trichloréthylène entraîne, assez rapidement, des vomissements. Ceux-ci, chez une personne comateuse peuvent être responsables d’une inhalation bronchique (aspiration) conduisant à une pneumopathie d’inhalation qui est grave. L’intubation prévient ce risque.\n Le trichloréthylène comme beaucoup de solvants est éliminé en partie par voie pulmonaire. L’hyperventilation (fort débit de 16 litres par minute) va accélérer l’élimination pulmonaire de ce solvant liposoluble. Elle peut donc diminuer le temps d’exposition à ce toxique et également empêcher sa fixation dans les graisses.",Pharmacy,Reasoning,True
4828,"Marc P., 26 ans, est séropositif pour le VIH1 depuis 8 ans. Il est actuellement traité par une trithérapie antirétrovirale comprenant de la zidovudine (500 mg x 2/j). Il doit être hospitalisé pour une brusque diminution de l’acuité visuelle. Un bilan biologique complet ainsi qu’un examen du fond d’œil sont prescrits. Les ophtalmologistes diagnostiquent une rétinite. Un traitement par ganciclovir (CYMÉVAN®) est institué.\n \n Les résultats du bilan biologique sanguin sont les suivants :\n PI Urée : 4,1 mmol/L\n PI Créatinine : 69 micromol/L\n PI Glucose : 4,9 mmol/L\n Se Protéines totales : 66 g/L\n Se Albumine : 38 g/L\n Se ASAT : 25 UI/L\n Se ALAT : 18 UI/L\n Se PAL : 80 UI/L\n Se GGT : 20 UI/L\n Se Bilirubine totale : 14 micromol/L\n Sg Leucocytes : 2,7 G/L\n -  polynucléaires neutrophiles : 0,55\n -  polynucléaires éosinophiles : 0,04\n -  polynucléaires basophiles : 0,01\n -  lymphocytes : 0,2\n -  monocytes : 0,2\n \n Sg Hémoglobine : 102 g/L\n Sg VGM : 109 fL\n Sg CCMH : 34 %\n Sg TCMH : 31 pg\n Sg Thrombocytes : 100 G/L\n Sg Lymphocytes CD4 : 0,03 G/L",1,Commenter le bilan biologique.,"Le bilan biochimique est normal. Au niveau hématologique on observe une pancytopénie :\n -  leucopénie associant une neutropénie (1485/microL) et une lymphopénie (540/microL).\n A noter que le pourcentage élevé de monocytes ne traduit aucunement une réelle monocytose (540/microL) mais n’est que la conséquence de la diminution des autres populations leucocytaires. .\n -  Anémie macrocytaire normochrome dont le caractère régénératif ou pas n’est pas précisé (taux de réticulocytes).\n -  Thrombopénie\n Cette pancytopénie est vraisemblablement partiellement liée à la prise de zidovudine, molécule connue pour être anémiante et neutropéniante. De plus, les thrombopénies modérées sont très fréquentes chez les porteurs du VIH. Enfin, la Iymphopénie est liée à la destruction des lymphocytes CD4 + par le VIH (ici le taux de CD4 est très bas).",Pharmacy,Reasoning,True
4834,"Un homme de 44 ans est amené au service des urgences en début de soirée. Il présente un teint gris ardoisé et se plaint de céphalées, de vertiges, de nausées et douleurs abdominales. Il est accompagné par son épouse qui déclare soupçonner son mari, dépressif de longue date, d’avoir fait une tentative d’autolyse. A l’interrogatoire, l’homme confirme avoir effectivement absorbé en début d’après-midi environ 1/2 verre de désherbant à base de chlorate de sodium.\n A l’examen, la fréquence cardiaque est de 95 battements/min et la pression artérielle est de 120/80 mm de mercure. SgA\n \n pH (à 37°C) : 7,42\n SgA pCO2 : 37 mm Hg\n SgA pO2 : 86 mm Hg\n SgA Oxyhémoglobine/hémoglobine totale (SaO2) : 0,82\n Sg Hémoglobine : 119 g/L\n Sg Methémoglobine : 19%\n PI Glucose : 5,1 mmol/L\n PI Sodium : 138 mmol/L\n PI Potassium : 4,2 mmol/L\n PI Créatinine : 430 micromol/L\n Se Urée : 15,8 mmol/L\n Se Protéines : 72 g/L\n Se Alanine aminotransférase (ALAT, TGP) 30°C SFBC : 5UI/L\n Se Aspartate aminotransférase (ASAT, TGO) 30°C SFBC : 2UI/L\n Se Bilirubine totale : 35 micromol/L\n Se Bilirubine conjuguée : 0 micromol/L\n Sg Hématocrite : 0,43\n Sg Érythrocytes : 4,64 T/L\n Sg Leucocytes : 6,1 G/L\n Sg Thrombocytes : 155 G/L\n La recherche de toxiques (alcool éthylique, benzodiazépines, antidépresseurs tricycliques) s’avère négative.",1,Commenter le bilan sanguin.,"Le rapport oxyhémoglobine/hémoglobine totale (Sa02) est abaissé (Normale SaO2 =0,94 à 1) alors que la SgA pO2 est normale.\n L’hémoglobine est diminuée (N Sg Hémoglobine 130 - 170 g/L).\n Le VGM est normal (97,7 fL). TCMH et CCMH sont légèrement diminuées 25,6 pg et 28%. Les valeurs de Se Créatinine et Se Urée sont augmentées (N Créatinine 60 à 115μmol/L N Se Urée 2,5 à 7,5 mmol/L).\n La méthémoglobinémie est augmentée (N < 1 %).\n La bilirubine totale est augmentée (N Se Bilirubine totale < 17 f.μmoI/L).",Pharmacy,Reasoning,True
4869,"Monsieur L…, 62 ans, ancien maçon, est admis à l’hôpital pour fièvre et majoration d’une dyspnée. Dans ses antécédents, on retient :
 - un tabagisme non sevré à 40 paquets/année, 
 - des bronchites hivernales fréquentes depuis une dizaine d’années, 
 - une HTA découverte il y a 4 ans à l’occasion d’un examen médical pour asthénie et céphalées, 
 - une dyspnée d’effort apparue il y a 3 ans et ayant justifié à l’époque une radiographie pulmonaire qui ne montrait que des signes de distension thoracique et une exploration fonctionnelle respiratoire qui montrait un VEMS à 50% de la valeur théorique avec un VEMS/CV à 50% et des gaz du sang normaux en air ambiant. 
 A l’entrée à l’hôpital, on observe une expectoration franchement purulente, une cyanose, une érythrose faciale, des sueurs. Fréquence respiratoire à 25 /min, pouls régulier à 90 /min, fièvre à 38,5° sans frissons. A l’examen physique, on note des râles bronchiques et sibilants dans les deux champs pulmonaires, une hépatomégalie sensible avec reflux hépato-jugulaire, un discret œdème des membres inférieurs prenant le godet. Il existe une surcharge pondérale (115 Kg pour 175 cm). La radiographie pulmonaire montre une cardiomégalie, de grosses artères pulmonaires mais pas de signe d’atteinte parenchymateuse. La gazométrie artérielle, faite en air ambiant, montre : PaO2 7 kPa, PaCO2 8 kPa, pH 7,36. La NFS montre GR 5.900.000 /mm3, Hb :12,5 mMol/ /l, GB :16G/l, PN 60%, LY 20%, Plaquettes 500 G/l. Urée et créatinine sanguines sont normales ainsi que le bilan biologique hépatique. 
 Votre diagnostic est celui d’infection bronchique responsable d’une décompensation cardio-respiratoire chez un malade atteint de BPCO post tabagique.",1,Quels sont les germes habituellement présents dans cette pathologie ?,"- Pneumocoque 
 - Hemophilus influenzae 
 - Branhamella catarrhalis (autre réponse acceptée : Moraxella catarrhalis)",Pulmonology,Understanding,True
4883,"Un homme de 55 ans est adressé aux Urgences par son médecin traitant pour des crachats hémoptoïques. 
 Depuis son retour de congés en Guadeloupe il y a deux jours, le patient souffre d’une douleur localisée de la base droite et d’une dyspnée d’effort de stade III. La douleur est majorée par l’inspiration profonde. Le patient fume un paquet de cigarettes par jour depuis vingt ans et a une bronchite chronique. Ses expectorations sont blanchâtres. Il a par ailleurs une hypercholestérolémie non traitée et un diabète de type II. 
 L’examen clinique retrouve une TA à 120/80, un pouls à 118/mn, une température à 38,2°C. Le poids est de 105 kg pour une taille de 1,62 m. L’état général est conservé. On ne retrouve pas de cyanose mais une fréquence respiratoire à 24/mn. On note une diminution globale de l’ampliation thoracique et une diminution du murmure vésiculaire à l’auscultation de la base droite. Il n’existe pas de râles crépitants ou sibilants. L’auscultation cardiaque ne retrouve pas de bruit anormal. Le reste de l’examen est sans particularité et on ne retrouve pas de signe de Homans. 
 L’électrocardiogramme retrouve une déviation droite du QRS avec une onde p pulmonaire. Les gaz du sang en air ambiant retrouvent une PaO2 à 8,5 kPa, une PaCO2 à 4,3 kPa, une réserve alcaline à 19 mMol/L et un pH à 7,45.",1,Vous suspectez une embolie pulmonaire. Quel est le degré de probabilité clinique d'embolie pulmonaire et sur quels éléments l'établissez-vous ?,"- Probabilité clinique élevée (autre réponse acceptée : forte ou haute probabilité clinique) 
 - Présence de 2 facteurs de risque de maladie thrombo-embolique veineuse (obésité, voyage en avion) 
 - Signes cliniques évocateurs (hémoptysie, douleurs thoraciques, dyspnée récente) 
 - Signes ECG évocateurs 
 - Gazométrie artérielle évocatrice (autre réponse acceptée : effet shunt, hypoxémie et hypocapnie)",Pulmonology,Reasoning,True
4895,"Mlle X., 21 ans, célibataire, consulte pour un syndrome douloureux abdominal. Elle n'a pas d'antécédent particulier en dehors d'une IVG un an auparavant. Depuis quelques heures elle se plaint d'une douleur dans l'hypochondre droit, intense, exagérée par la toux, ayant débuté brutalement et accompagnées de nausées. À l'examen : PA : 11/7, pouls : 90/min, température : 38,5 °C. La palpation abdominale met en évidence une défense strictement localisée à l'hypochondre droit. Les touchers pelviens sont douloureux, surtout à la mobilisation utérine. Il existe des leucorrhées purulentes. Examens complémentaires : hémoglobine et plaquettes : normales ; globules blancs : 13000 avec 80 % de polynucléaires neutrophiles ; CRP = 80 ; le reste du bilan (biologie hépatique, amylasémie, ASP, échographie abdominale, pelvienne et rénale) est normal.",1,Diagnostic le plus probable ?,Salpingite aiguë avec périhépatite (réalisant un syndrome de Fitz-Hugh-Curtis) probablement à chlamydiae ou à gonocoque.,Gynecology and Obstetrics,Reasoning,True
4985,"M. et Mme X. viennent vous consulter car ils n'arrivent pas à avoir d'enfant depuis cinq ans qu'ils essayent. Mme X. a 27 ans, elle a pour antécédent une salpingite aiguë à 20 à la suite de laquelle elle a fait une GEU gauche traitée médicalement puis par salpingotomie, une GEU droite traitée par salpingectomie. M. X. a 29 ans n'a pas d'antécédent notable. Votre examen ne trouve rien d'anormal chez lui. Ils sont mariés depuis 6 ans et ne semblent pas avoir de problème particulier. M. X. vous apporte les résultats de son spermogramme : Volume : 2 cc ; pH : 7,2 ; nombre total de spermatozoïdes dans l'éjaculat : 120 millions ; 50 % de formes mobiles à 1 h et 40 % à 4 h, 80 % de formes vivantes, 60 % de formes normales, moins de 1000 leucocytes par mm3, pas d'agglutinats.",1,Interprétez le spermogramme de M. X.,Le spermogramme de M. X. est normal.,Gynecology and Obstetrics,Understanding,True
